filename,eig_0,eig_1,eig_2,eig_3,eig_4,eig_5,eig_6,eig_7,eig_8,eig_9,eig_10,eig_11,eig_12,eig_13,eig_14,eig_15,eig_16,eig_17,eig_18,eig_19,eig_20,eig_21,eig_22,eig_23,eig_24,eig_25,eig_26,eig_27,eig_28,eig_29,eig_30,eig_31,eig_32,eig_33,eig_34,eig_35,eig_36,eig_37,eig_38,eig_39,eig_40,eig_41,eig_42,eig_43,eig_44,eig_45,eig_46,eig_47,eig_48,eig_49,eig_50,eig_51,eig_52,eig_53,eig_54,eig_55,N_ve
0000_Dilithium.xyz,10.287462898242442,3.679147266995793,0.0,0.0,0.0,0.0,0.0,0.0,0.0,0.0,0.0,0.0,0.0,0.0,0.0,0.0,0.0,0.0,0.0,0.0,0.0,0.0,0.0,0.0,0.0,0.0,0.0,0.0,0.0,0.0,0.0,0.0,0.0,0.0,0.0,0.0,0.0,0.0,0.0,0.0,0.0,0.0,0.0,0.0,0.0,0.0,0.0,0.0,0.0,0.0,0.0,0.0,0.0,0.0,0.0,0.0,2
0001_Lithium_fluoride.xyz,100.69288027419753,3.8235245622895935,0.0,0.0,0.0,0.0,0.0,0.0,0.0,0.0,0.0,0.0,0.0,0.0,0.0,0.0,0.0,0.0,0.0,0.0,0.0,0.0,0.0,0.0,0.0,0.0,0.0,0.0,0.0,0.0,0.0,0.0,0.0,0.0,0.0,0.0,0.0,0.0,0.0,0.0,0.0,0.0,0.0,0.0,0.0,0.0,0.0,0.0,0.0,0.0,0.0,0.0,0.0,0.0,0.0,0.0,8
0002_Carbon_monoxide.xyz,101.43974264280203,8.935057276434144,0.0,0.0,0.0,0.0,0.0,0.0,0.0,0.0,0.0,0.0,0.0,0.0,0.0,0.0,0.0,0.0,0.0,0.0,0.0,0.0,0.0,0.0,0.0,0.0,0.0,0.0,0.0,0.0,0.0,0.0,0.0,0.0,0.0,0.0,0.0,0.0,0.0,0.0,0.0,0.0,0.0,0.0,0.0,0.0,0.0,0.0,0.0,0.0,0.0,0.0,0.0,0.0,0.0,0.0,10
0003_Nitrogen.xyz,97.93485221575072,8.782562583905474,0.0,0.0,0.0,0.0,0.0,0.0,0.0,0.0,0.0,0.0,0.0,0.0,0.0,0.0,0.0,0.0,0.0,0.0,0.0,0.0,0.0,0.0,0.0,0.0,0.0,0.0,0.0,0.0,0.0,0.0,0.0,0.0,0.0,0.0,0.0,0.0,0.0,0.0,0.0,0.0,0.0,0.0,0.0,0.0,0.0,0.0,0.0,0.0,0.0,0.0,0.0,0.0,0.0,0.0,10
0004_Fluorine.xyz,155.8850101262558,39.18118938148024,0.0,0.0,0.0,0.0,0.0,0.0,0.0,0.0,0.0,0.0,0.0,0.0,0.0,0.0,0.0,0.0,0.0,0.0,0.0,0.0,0.0,0.0,0.0,0.0,0.0,0.0,0.0,0.0,0.0,0.0,0.0,0.0,0.0,0.0,0.0,0.0,0.0,0.0,0.0,0.0,0.0,0.0,0.0,0.0,0.0,0.0,0.0,0.0,0.0,0.0,0.0,0.0,0.0,0.0,14
0005_Carbon_dioxide.xyz,135.5808217229469,45.99030598812281,2.3203669279766466,0.0,0.0,0.0,0.0,0.0,0.0,0.0,0.0,0.0,0.0,0.0,0.0,0.0,0.0,0.0,0.0,0.0,0.0,0.0,0.0,0.0,0.0,0.0,0.0,0.0,0.0,0.0,0.0,0.0,0.0,0.0,0.0,0.0,0.0,0.0,0.0,0.0,0.0,0.0,0.0,0.0,0.0,0.0,0.0,0.0,0.0,0.0,0.0,0.0,0.0,0.0,0.0,0.0,16
0006_Disodium.xyz,198.79807953918564,116.95125532955794,0.0,0.0,0.0,0.0,0.0,0.0,0.0,0.0,0.0,0.0,0.0,0.0,0.0,0.0,0.0,0.0,0.0,0.0,0.0,0.0,0.0,0.0,0.0,0.0,0.0,0.0,0.0,0.0,0.0,0.0,0.0,0.0,0.0,0.0,0.0,0.0,0.0,0.0,0.0,0.0,0.0,0.0,0.0,0.0,0.0,0.0,0.0,0.0,0.0,0.0,0.0,0.0,0.0,0.0,2
0007_Disilicon.xyz,367.94777997686447,195.31011220465027,0.0,0.0,0.0,0.0,0.0,0.0,0.0,0.0,0.0,0.0,0.0,0.0,0.0,0.0,0.0,0.0,0.0,0.0,0.0,0.0,0.0,0.0,0.0,0.0,0.0,0.0,0.0,0.0,0.0,0.0,0.0,0.0,0.0,0.0,0.0,0.0,0.0,0.0,0.0,0.0,0.0,0.0,0.0,0.0,0.0,0.0,0.0,0.0,0.0,0.0,0.0,0.0,0.0,0.0,8
0008_Diphosphorus.xyz,451.0393816215865,213.6504296675383,0.0,0.0,0.0,0.0,0.0,0.0,0.0,0.0,0.0,0.0,0.0,0.0,0.0,0.0,0.0,0.0,0.0,0.0,0.0,0.0,0.0,0.0,0.0,0.0,0.0,0.0,0.0,0.0,0.0,0.0,0.0,0.0,0.0,0.0,0.0,0.0,0.0,0.0,0.0,0.0,0.0,0.0,0.0,0.0,0.0,0.0,0.0,0.0,0.0,0.0,0.0,0.0,0.0,0.0,10
0009_Chlorine.xyz,592.1802263820524,305.4085455796919,0.0,0.0,0.0,0.0,0.0,0.0,0.0,0.0,0.0,0.0,0.0,0.0,0.0,0.0,0.0,0.0,0.0,0.0,0.0,0.0,0.0,0.0,0.0,0.0,0.0,0.0,0.0,0.0,0.0,0.0,0.0,0.0,0.0,0.0,0.0,0.0,0.0,0.0,0.0,0.0,0.0,0.0,0.0,0.0,0.0,0.0,0.0,0.0,0.0,0.0,0.0,0.0,0.0,0.0,14
0010_Sodium_chloride.xyz,468.97161685495087,137.69743656029308,0.0,0.0,0.0,0.0,0.0,0.0,0.0,0.0,0.0,0.0,0.0,0.0,0.0,0.0,0.0,0.0,0.0,0.0,0.0,0.0,0.0,0.0,0.0,0.0,0.0,0.0,0.0,0.0,0.0,0.0,0.0,0.0,0.0,0.0,0.0,0.0,0.0,0.0,0.0,0.0,0.0,0.0,0.0,0.0,0.0,0.0,0.0,0.0,0.0,0.0,0.0,0.0,0.0,0.0,8
0011_Silicon_monoxide.xyz,305.27485063545987,49.87079017510775,0.0,0.0,0.0,0.0,0.0,0.0,0.0,0.0,0.0,0.0,0.0,0.0,0.0,0.0,0.0,0.0,0.0,0.0,0.0,0.0,0.0,0.0,0.0,0.0,0.0,0.0,0.0,0.0,0.0,0.0,0.0,0.0,0.0,0.0,0.0,0.0,0.0,0.0,0.0,0.0,0.0,0.0,0.0,0.0,0.0,0.0,0.0,0.0,0.0,0.0,0.0,0.0,0.0,0.0,10
0012_Carbon_monosulfide.xyz,398.73641798580184,26.145128240285977,0.0,0.0,0.0,0.0,0.0,0.0,0.0,0.0,0.0,0.0,0.0,0.0,0.0,0.0,0.0,0.0,0.0,0.0,0.0,0.0,0.0,0.0,0.0,0.0,0.0,0.0,0.0,0.0,0.0,0.0,0.0,0.0,0.0,0.0,0.0,0.0,0.0,0.0,0.0,0.0,0.0,0.0,0.0,0.0,0.0,0.0,0.0,0.0,0.0,0.0,0.0,0.0,0.0,0.0,10
0013_Sulfur_dioxide.xyz,434.9702152171736,52.295005772533855,47.79160947657483,0.0,0.0,0.0,0.0,0.0,0.0,0.0,0.0,0.0,0.0,0.0,0.0,0.0,0.0,0.0,0.0,0.0,0.0,0.0,0.0,0.0,0.0,0.0,0.0,0.0,0.0,0.0,0.0,0.0,0.0,0.0,0.0,0.0,0.0,0.0,0.0,0.0,0.0,0.0,0.0,0.0,0.0,0.0,0.0,0.0,0.0,0.0,0.0,0.0,0.0,0.0,0.0,0.0,18
0014_Boron_trifluoride.xyz,190.31251302052732,61.795926822442645,61.79582898383948,2.4907046687431382,0.0,0.0,0.0,0.0,0.0,0.0,0.0,0.0,0.0,0.0,0.0,0.0,0.0,0.0,0.0,0.0,0.0,0.0,0.0,0.0,0.0,0.0,0.0,0.0,0.0,0.0,0.0,0.0,0.0,0.0,0.0,0.0,0.0,0.0,0.0,0.0,0.0,0.0,0.0,0.0,0.0,0.0,0.0,0.0,0.0,0.0,0.0,0.0,0.0,0.0,0.0,0.0,24
0015_Aluminium_trichloride.xyz,684.6128410570466,368.6038670940256,368.58307307976725,160.3237950444044,0.0,0.0,0.0,0.0,0.0,0.0,0.0,0.0,0.0,0.0,0.0,0.0,0.0,0.0,0.0,0.0,0.0,0.0,0.0,0.0,0.0,0.0,0.0,0.0,0.0,0.0,0.0,0.0,0.0,0.0,0.0,0.0,0.0,0.0,0.0,0.0,0.0,0.0,0.0,0.0,0.0,0.0,0.0,0.0,0.0,0.0,0.0,0.0,0.0,0.0,0.0,0.0,24
0016_Carbon_tetrafluoride.xyz,242.58999122746113,60.00120923215682,60.001023086340375,60.00047768588513,4.397802983054646,0.0,0.0,0.0,0.0,0.0,0.0,0.0,0.0,0.0,0.0,0.0,0.0,0.0,0.0,0.0,0.0,0.0,0.0,0.0,0.0,0.0,0.0,0.0,0.0,0.0,0.0,0.0,0.0,0.0,0.0,0.0,0.0,0.0,0.0,0.0,0.0,0.0,0.0,0.0,0.0,0.0,0.0,0.0,0.0,0.0,0.0,0.0,0.0,0.0,0.0,0.0,32
0017_Carbon_tetrachloride.xyz,764.5338001389003,349.54460366845854,349.54399279512586,349.5423265751065,18.87092594532373,0.0,0.0,0.0,0.0,0.0,0.0,0.0,0.0,0.0,0.0,0.0,0.0,0.0,0.0,0.0,0.0,0.0,0.0,0.0,0.0,0.0,0.0,0.0,0.0,0.0,0.0,0.0,0.0,0.0,0.0,0.0,0.0,0.0,0.0,0.0,0.0,0.0,0.0,0.0,0.0,0.0,0.0,0.0,0.0,0.0,0.0,0.0,0.0,0.0,0.0,0.0,32
0018_Carbonyl_sulfide.xyz,406.96224136465577,83.63149265035142,7.8045069308908515,0.0,0.0,0.0,0.0,0.0,0.0,0.0,0.0,0.0,0.0,0.0,0.0,0.0,0.0,0.0,0.0,0.0,0.0,0.0,0.0,0.0,0.0,0.0,0.0,0.0,0.0,0.0,0.0,0.0,0.0,0.0,0.0,0.0,0.0,0.0,0.0,0.0,0.0,0.0,0.0,0.0,0.0,0.0,0.0,0.0,0.0,0.0,0.0,0.0,0.0,0.0,0.0,0.0,16
0019_Silicon_tetrafluoride.xyz,404.00259781077824,70.15330281230877,65.87058228689398,65.86757019502521,65.86729200122333,0.0,0.0,0.0,0.0,0.0,0.0,0.0,0.0,0.0,0.0,0.0,0.0,0.0,0.0,0.0,0.0,0.0,0.0,0.0,0.0,0.0,0.0,0.0,0.0,0.0,0.0,0.0,0.0,0.0,0.0,0.0,0.0,0.0,0.0,0.0,0.0,0.0,0.0,0.0,0.0,0.0,0.0,0.0,0.0,0.0,0.0,0.0,0.0,0.0,0.0,0.0,32
0020_Nitrous_oxide.xyz,137.84908006861247,38.73998961050847,3.645039840345564,0.0,0.0,0.0,0.0,0.0,0.0,0.0,0.0,0.0,0.0,0.0,0.0,0.0,0.0,0.0,0.0,0.0,0.0,0.0,0.0,0.0,0.0,0.0,0.0,0.0,0.0,0.0,0.0,0.0,0.0,0.0,0.0,0.0,0.0,0.0,0.0,0.0,0.0,0.0,0.0,0.0,0.0,0.0,0.0,0.0,0.0,0.0,0.0,0.0,0.0,0.0,0.0,0.0,16
0021_Nitrosyl_chloride.xyz,466.24912536205727,96.90404975028969,12.516612988163544,0.0,0.0,0.0,0.0,0.0,0.0,0.0,0.0,0.0,0.0,0.0,0.0,0.0,0.0,0.0,0.0,0.0,0.0,0.0,0.0,0.0,0.0,0.0,0.0,0.0,0.0,0.0,0.0,0.0,0.0,0.0,0.0,0.0,0.0,0.0,0.0,0.0,0.0,0.0,0.0,0.0,0.0,0.0,0.0,0.0,0.0,0.0,0.0,0.0,0.0,0.0,0.0,0.0,18
0022_Nitrogen_trifluoride.xyz,213.09720738435948,59.552809613122896,59.55257572187622,13.75541394207352,0.0,0.0,0.0,0.0,0.0,0.0,0.0,0.0,0.0,0.0,0.0,0.0,0.0,0.0,0.0,0.0,0.0,0.0,0.0,0.0,0.0,0.0,0.0,0.0,0.0,0.0,0.0,0.0,0.0,0.0,0.0,0.0,0.0,0.0,0.0,0.0,0.0,0.0,0.0,0.0,0.0,0.0,0.0,0.0,0.0,0.0,0.0,0.0,0.0,0.0,0.0,0.0,26
0023_Phosphorus_trifluoride.xyz,419.0371915749803,79.06618941099278,63.42302239213327,63.417801528060195,0.0,0.0,0.0,0.0,0.0,0.0,0.0,0.0,0.0,0.0,0.0,0.0,0.0,0.0,0.0,0.0,0.0,0.0,0.0,0.0,0.0,0.0,0.0,0.0,0.0,0.0,0.0,0.0,0.0,0.0,0.0,0.0,0.0,0.0,0.0,0.0,0.0,0.0,0.0,0.0,0.0,0.0,0.0,0.0,0.0,0.0,0.0,0.0,0.0,0.0,0.0,0.0,26
0024_Ozone.xyz,162.12977420900128,43.723722361376005,14.696587589053388,0.0,0.0,0.0,0.0,0.0,0.0,0.0,0.0,0.0,0.0,0.0,0.0,0.0,0.0,0.0,0.0,0.0,0.0,0.0,0.0,0.0,0.0,0.0,0.0,0.0,0.0,0.0,0.0,0.0,0.0,0.0,0.0,0.0,0.0,0.0,0.0,0.0,0.0,0.0,0.0,0.0,0.0,0.0,0.0,0.0,0.0,0.0,0.0,0.0,0.0,0.0,0.0,0.0,18
0025_Oxygen_difluoride.xyz,183.16462604614637,60.60865189847705,24.809616282922853,0.0,0.0,0.0,0.0,0.0,0.0,0.0,0.0,0.0,0.0,0.0,0.0,0.0,0.0,0.0,0.0,0.0,0.0,0.0,0.0,0.0,0.0,0.0,0.0,0.0,0.0,0.0,0.0,0.0,0.0,0.0,0.0,0.0,0.0,0.0,0.0,0.0,0.0,0.0,0.0,0.0,0.0,0.0,0.0,0.0,0.0,0.0,0.0,0.0,0.0,0.0,0.0,0.0,20
0026_Chlorine_trifluoride.xyz,518.0397684063458,91.23182979953721,73.88746051972959,58.234626516863464,0.0,0.0,0.0,0.0,0.0,0.0,0.0,0.0,0.0,0.0,0.0,0.0,0.0,0.0,0.0,0.0,0.0,0.0,0.0,0.0,0.0,0.0,0.0,0.0,0.0,0.0,0.0,0.0,0.0,0.0,0.0,0.0,0.0,0.0,0.0,0.0,0.0,0.0,0.0,0.0,0.0,0.0,0.0,0.0,0.0,0.0,0.0,0.0,0.0,0.0,0.0,0.0,28
0027_Tetrafluoroethylene.xyz,234.99831868399448,90.13418417646533,67.0051131956612,54.32333964230018,15.609697660241535,1.7779560556611922,0.0,0.0,0.0,0.0,0.0,0.0,0.0,0.0,0.0,0.0,0.0,0.0,0.0,0.0,0.0,0.0,0.0,0.0,0.0,0.0,0.0,0.0,0.0,0.0,0.0,0.0,0.0,0.0,0.0,0.0,0.0,0.0,0.0,0.0,0.0,0.0,0.0,0.0,0.0,0.0,0.0,0.0,0.0,0.0,0.0,0.0,0.0,0.0,0.0,0.0,36
0028_Tetraphosphorus.xyz,637.72694065219,230.55238301737123,230.55036937541558,230.5499295332723,0.0,0.0,0.0,0.0,0.0,0.0,0.0,0.0,0.0,0.0,0.0,0.0,0.0,0.0,0.0,0.0,0.0,0.0,0.0,0.0,0.0,0.0,0.0,0.0,0.0,0.0,0.0,0.0,0.0,0.0,0.0,0.0,0.0,0.0,0.0,0.0,0.0,0.0,0.0,0.0,0.0,0.0,0.0,0.0,0.0,0.0,0.0,0.0,0.0,0.0,0.0,0.0,20
0029_Sulfur_trioxide.xyz,459.71675718583674,53.44890818941515,47.70420152642146,47.70365828441912,0.0,0.0,0.0,0.0,0.0,0.0,0.0,0.0,0.0,0.0,0.0,0.0,0.0,0.0,0.0,0.0,0.0,0.0,0.0,0.0,0.0,0.0,0.0,0.0,0.0,0.0,0.0,0.0,0.0,0.0,0.0,0.0,0.0,0.0,0.0,0.0,0.0,0.0,0.0,0.0,0.0,0.0,0.0,0.0,0.0,0.0,0.0,0.0,0.0,0.0,0.0,0.0,24
0030_Phosphorus_oxychloride.xyz,762.9888323402615,357.8544641013172,357.8464675605322,224.63975011884477,48.915244186033426,0.0,0.0,0.0,0.0,0.0,0.0,0.0,0.0,0.0,0.0,0.0,0.0,0.0,0.0,0.0,0.0,0.0,0.0,0.0,0.0,0.0,0.0,0.0,0.0,0.0,0.0,0.0,0.0,0.0,0.0,0.0,0.0,0.0,0.0,0.0,0.0,0.0,0.0,0.0,0.0,0.0,0.0,0.0,0.0,0.0,0.0,0.0,0.0,0.0,0.0,0.0,32
0031_Phosphorus_pentachloride.xyz,930.157508952704,381.7415091285825,367.5736964968381,367.56830899835177,321.36494251668375,207.91086945576296,0.0,0.0,0.0,0.0,0.0,0.0,0.0,0.0,0.0,0.0,0.0,0.0,0.0,0.0,0.0,0.0,0.0,0.0,0.0,0.0,0.0,0.0,0.0,0.0,0.0,0.0,0.0,0.0,0.0,0.0,0.0,0.0,0.0,0.0,0.0,0.0,0.0,0.0,0.0,0.0,0.0,0.0,0.0,0.0,0.0,0.0,0.0,0.0,0.0,0.0,40
0032_Sulfuryl_chloride.xyz,703.7394212717834,357.232070097561,273.98513934045957,49.64044479709139,48.04852692113127,0.0,0.0,0.0,0.0,0.0,0.0,0.0,0.0,0.0,0.0,0.0,0.0,0.0,0.0,0.0,0.0,0.0,0.0,0.0,0.0,0.0,0.0,0.0,0.0,0.0,0.0,0.0,0.0,0.0,0.0,0.0,0.0,0.0,0.0,0.0,0.0,0.0,0.0,0.0,0.0,0.0,0.0,0.0,0.0,0.0,0.0,0.0,0.0,0.0,0.0,0.0,32
0033_Phosphorus_trichloride.xyz,740.3741172673385,358.4582050068766,358.4527214129319,221.4430199000314,0.0,0.0,0.0,0.0,0.0,0.0,0.0,0.0,0.0,0.0,0.0,0.0,0.0,0.0,0.0,0.0,0.0,0.0,0.0,0.0,0.0,0.0,0.0,0.0,0.0,0.0,0.0,0.0,0.0,0.0,0.0,0.0,0.0,0.0,0.0,0.0,0.0,0.0,0.0,0.0,0.0,0.0,0.0,0.0,0.0,0.0,0.0,0.0,0.0,0.0,0.0,0.0,26
0034_Disulfur_dichloride.xyz,729.077957863232,397.83247212391115,305.1705828572987,241.55464117062593,0.0,0.0,0.0,0.0,0.0,0.0,0.0,0.0,0.0,0.0,0.0,0.0,0.0,0.0,0.0,0.0,0.0,0.0,0.0,0.0,0.0,0.0,0.0,0.0,0.0,0.0,0.0,0.0,0.0,0.0,0.0,0.0,0.0,0.0,0.0,0.0,0.0,0.0,0.0,0.0,0.0,0.0,0.0,0.0,0.0,0.0,0.0,0.0,0.0,0.0,0.0,0.0,26
0035_Dichlorosilylene.xyz,614.6057222220638,360.21248105926367,204.39951477117438,0.0,0.0,0.0,0.0,0.0,0.0,0.0,0.0,0.0,0.0,0.0,0.0,0.0,0.0,0.0,0.0,0.0,0.0,0.0,0.0,0.0,0.0,0.0,0.0,0.0,0.0,0.0,0.0,0.0,0.0,0.0,0.0,0.0,0.0,0.0,0.0,0.0,0.0,0.0,0.0,0.0,0.0,0.0,0.0,0.0,0.0,0.0,0.0,0.0,0.0,0.0,0.0,0.0,18
0036_Chlorotrifluoromethane.xyz,496.3648494088693,155.71848015814493,59.92958703723915,59.92835632175572,6.310517515893041,0.0,0.0,0.0,0.0,0.0,0.0,0.0,0.0,0.0,0.0,0.0,0.0,0.0,0.0,0.0,0.0,0.0,0.0,0.0,0.0,0.0,0.0,0.0,0.0,0.0,0.0,0.0,0.0,0.0,0.0,0.0,0.0,0.0,0.0,0.0,0.0,0.0,0.0,0.0,0.0,0.0,0.0,0.0,0.0,0.0,0.0,0.0,0.0,0.0,0.0,0.0,32
0037_Hexafluoroethane.xyz,304.19831861987404,100.75593590490797,66.5432963186702,66.54228596956172,53.803532717304975,53.803342287610135,10.455152896624275,2.812944207506815,0.0,0.0,0.0,0.0,0.0,0.0,0.0,0.0,0.0,0.0,0.0,0.0,0.0,0.0,0.0,0.0,0.0,0.0,0.0,0.0,0.0,0.0,0.0,0.0,0.0,0.0,0.0,0.0,0.0,0.0,0.0,0.0,0.0,0.0,0.0,0.0,0.0,0.0,0.0,0.0,0.0,0.0,0.0,0.0,0.0,0.0,0.0,0.0,50
0038_Nitryl_chloride.xyz,477.22273835815923,121.09580048226802,44.129117232689254,6.738826747204305,0.0,0.0,0.0,0.0,0.0,0.0,0.0,0.0,0.0,0.0,0.0,0.0,0.0,0.0,0.0,0.0,0.0,0.0,0.0,0.0,0.0,0.0,0.0,0.0,0.0,0.0,0.0,0.0,0.0,0.0,0.0,0.0,0.0,0.0,0.0,0.0,0.0,0.0,0.0,0.0,0.0,0.0,0.0,0.0,0.0,0.0,0.0,0.0,0.0,0.0,0.0,0.0,24
0039_Sodium_fluoride.xyz,188.2145529745721,67.19321421366772,0.0,0.0,0.0,0.0,0.0,0.0,0.0,0.0,0.0,0.0,0.0,0.0,0.0,0.0,0.0,0.0,0.0,0.0,0.0,0.0,0.0,0.0,0.0,0.0,0.0,0.0,0.0,0.0,0.0,0.0,0.0,0.0,0.0,0.0,0.0,0.0,0.0,0.0,0.0,0.0,0.0,0.0,0.0,0.0,0.0,0.0,0.0,0.0,0.0,0.0,0.0,0.0,0.0,0.0,8
0040_Fluorochlorane_trioxide.xyz,544.1331726292153,78.42181548494315,50.52468265314549,46.89933126193917,46.89856786492809,0.0,0.0,0.0,0.0,0.0,0.0,0.0,0.0,0.0,0.0,0.0,0.0,0.0,0.0,0.0,0.0,0.0,0.0,0.0,0.0,0.0,0.0,0.0,0.0,0.0,0.0,0.0,0.0,0.0,0.0,0.0,0.0,0.0,0.0,0.0,0.0,0.0,0.0,0.0,0.0,0.0,0.0,0.0,0.0,0.0,0.0,0.0,0.0,0.0,0.0,0.0,32
0041_Dinitrogen_trioxide.xyz,189.1364840655481,73.96291263855208,44.10457867607471,13.570675416349587,6.492848162562395,0.0,0.0,0.0,0.0,0.0,0.0,0.0,0.0,0.0,0.0,0.0,0.0,0.0,0.0,0.0,0.0,0.0,0.0,0.0,0.0,0.0,0.0,0.0,0.0,0.0,0.0,0.0,0.0,0.0,0.0,0.0,0.0,0.0,0.0,0.0,0.0,0.0,0.0,0.0,0.0,0.0,0.0,0.0,0.0,0.0,0.0,0.0,0.0,0.0,0.0,0.0,28
0042_Dinitrogen_tetroxide.xyz,216.35829455847932,82.02382271695551,49.72500306102019,39.01761267258279,9.402804102115834,4.256656567743416,0.0,0.0,0.0,0.0,0.0,0.0,0.0,0.0,0.0,0.0,0.0,0.0,0.0,0.0,0.0,0.0,0.0,0.0,0.0,0.0,0.0,0.0,0.0,0.0,0.0,0.0,0.0,0.0,0.0,0.0,0.0,0.0,0.0,0.0,0.0,0.0,0.0,0.0,0.0,0.0,0.0,0.0,0.0,0.0,0.0,0.0,0.0,0.0,0.0,0.0,34
0043_Benzene_hexafluoride.xyz,303.79162705019286,111.7368449317764,111.73550059569148,69.66185631059516,69.66097758780468,59.75688840899634,33.98649927821178,18.350482878818895,18.350376488892213,4.774477636084118,4.774341142937115,-0.2326425902371815,0.0,0.0,0.0,0.0,0.0,0.0,0.0,0.0,0.0,0.0,0.0,0.0,0.0,0.0,0.0,0.0,0.0,0.0,0.0,0.0,0.0,0.0,0.0,0.0,0.0,0.0,0.0,0.0,0.0,0.0,0.0,0.0,0.0,0.0,0.0,0.0,0.0,0.0,0.0,0.0,0.0,0.0,0.0,0.0,66
0044_Chloropentafluorobenzene.xyz,512.9519443501936,222.82323042416908,111.96855182258541,91.17030585716887,69.50046085696347,62.57203805566816,36.810601529366735,20.96738307928741,18.307408644794357,5.751346401148562,4.759752342496793,0.025492582925755944,0.0,0.0,0.0,0.0,0.0,0.0,0.0,0.0,0.0,0.0,0.0,0.0,0.0,0.0,0.0,0.0,0.0,0.0,0.0,0.0,0.0,0.0,0.0,0.0,0.0,0.0,0.0,0.0,0.0,0.0,0.0,0.0,0.0,0.0,0.0,0.0,0.0,0.0,0.0,0.0,0.0,0.0,0.0,0.0,66
0045_Phosgene.xyz,573.4786237671451,349.49967937412254,76.57165198325714,8.413616756455644,0.0,0.0,0.0,0.0,0.0,0.0,0.0,0.0,0.0,0.0,0.0,0.0,0.0,0.0,0.0,0.0,0.0,0.0,0.0,0.0,0.0,0.0,0.0,0.0,0.0,0.0,0.0,0.0,0.0,0.0,0.0,0.0,0.0,0.0,0.0,0.0,0.0,0.0,0.0,0.0,0.0,0.0,0.0,0.0,0.0,0.0,0.0,0.0,0.0,0.0,0.0,0.0,24
0046_Lithium_sodium_11.xyz,158.75254494475303,6.105427572237868,0.0,0.0,0.0,0.0,0.0,0.0,0.0,0.0,0.0,0.0,0.0,0.0,0.0,0.0,0.0,0.0,0.0,0.0,0.0,0.0,0.0,0.0,0.0,0.0,0.0,0.0,0.0,0.0,0.0,0.0,0.0,0.0,0.0,0.0,0.0,0.0,0.0,0.0,0.0,0.0,0.0,0.0,0.0,0.0,0.0,0.0,0.0,0.0,0.0,0.0,0.0,0.0,0.0,0.0,2
0047_Beryllium_difluoride.xyz,138.16463960132748,67.99758122535118,2.83278769379535,0.0,0.0,0.0,0.0,0.0,0.0,0.0,0.0,0.0,0.0,0.0,0.0,0.0,0.0,0.0,0.0,0.0,0.0,0.0,0.0,0.0,0.0,0.0,0.0,0.0,0.0,0.0,0.0,0.0,0.0,0.0,0.0,0.0,0.0,0.0,0.0,0.0,0.0,0.0,0.0,0.0,0.0,0.0,0.0,0.0,0.0,0.0,0.0,0.0,0.0,0.0,0.0,0.0,16
0048_Cyanogen_chloride.xyz,463.53508261899424,68.85112050428688,6.624995456845112,0.0,0.0,0.0,0.0,0.0,0.0,0.0,0.0,0.0,0.0,0.0,0.0,0.0,0.0,0.0,0.0,0.0,0.0,0.0,0.0,0.0,0.0,0.0,0.0,0.0,0.0,0.0,0.0,0.0,0.0,0.0,0.0,0.0,0.0,0.0,0.0,0.0,0.0,0.0,0.0,0.0,0.0,0.0,0.0,0.0,0.0,0.0,0.0,0.0,0.0,0.0,0.0,0.0,16
0049_Magnesium_chloride.xyz,562.8129592895093,382.43683863921655,146.87721957998662,0.0,0.0,0.0,0.0,0.0,0.0,0.0,0.0,0.0,0.0,0.0,0.0,0.0,0.0,0.0,0.0,0.0,0.0,0.0,0.0,0.0,0.0,0.0,0.0,0.0,0.0,0.0,0.0,0.0,0.0,0.0,0.0,0.0,0.0,0.0,0.0,0.0,0.0,0.0,0.0,0.0,0.0,0.0,0.0,0.0,0.0,0.0,0.0,0.0,0.0,0.0,0.0,0.0,16
0050_Bromotrifluoromethane.xyz,2561.5764620648033,180.90463092725042,59.94264992291264,59.942013541985354,6.504485665849503,0.0,0.0,0.0,0.0,0.0,0.0,0.0,0.0,0.0,0.0,0.0,0.0,0.0,0.0,0.0,0.0,0.0,0.0,0.0,0.0,0.0,0.0,0.0,0.0,0.0,0.0,0.0,0.0,0.0,0.0,0.0,0.0,0.0,0.0,0.0,0.0,0.0,0.0,0.0,0.0,0.0,0.0,0.0,0.0,0.0,0.0,0.0,0.0,0.0,0.0,0.0,32
0051_Bromotrichloromethane.xyz,2603.5349307734346,600.309301022745,349.44119522907937,349.4398347902733,19.928838988281942,0.0,0.0,0.0,0.0,0.0,0.0,0.0,0.0,0.0,0.0,0.0,0.0,0.0,0.0,0.0,0.0,0.0,0.0,0.0,0.0,0.0,0.0,0.0,0.0,0.0,0.0,0.0,0.0,0.0,0.0,0.0,0.0,0.0,0.0,0.0,0.0,0.0,0.0,0.0,0.0,0.0,0.0,0.0,0.0,0.0,0.0,0.0,0.0,0.0,0.0,0.0,32
0052_Carbonyl_dibromide.xyz,2935.1060867594133,2159.226364048478,85.63548479348862,9.232539641396293,0.0,0.0,0.0,0.0,0.0,0.0,0.0,0.0,0.0,0.0,0.0,0.0,0.0,0.0,0.0,0.0,0.0,0.0,0.0,0.0,0.0,0.0,0.0,0.0,0.0,0.0,0.0,0.0,0.0,0.0,0.0,0.0,0.0,0.0,0.0,0.0,0.0,0.0,0.0,0.0,0.0,0.0,0.0,0.0,0.0,0.0,0.0,0.0,0.0,0.0,0.0,0.0,24
0053_Trifluoroacetonitrile.xyz,226.2848868339233,60.21382799630985,60.09011233625435,60.08975528757031,10.704127145727748,2.2915074604984373,0.0,0.0,0.0,0.0,0.0,0.0,0.0,0.0,0.0,0.0,0.0,0.0,0.0,0.0,0.0,0.0,0.0,0.0,0.0,0.0,0.0,0.0,0.0,0.0,0.0,0.0,0.0,0.0,0.0,0.0,0.0,0.0,0.0,0.0,0.0,0.0,0.0,0.0,0.0,0.0,0.0,0.0,0.0,0.0,0.0,0.0,0.0,0.0,0.0,0.0,34
0054_Oxygen.xyz,126.62565244340362,20.40773699621683,0.0,0.0,0.0,0.0,0.0,0.0,0.0,0.0,0.0,0.0,0.0,0.0,0.0,0.0,0.0,0.0,0.0,0.0,0.0,0.0,0.0,0.0,0.0,0.0,0.0,0.0,0.0,0.0,0.0,0.0,0.0,0.0,0.0,0.0,0.0,0.0,0.0,0.0,0.0,0.0,0.0,0.0,0.0,0.0,0.0,0.0,0.0,0.0,0.0,0.0,0.0,0.0,0.0,0.0,12
0055_Disulfur.xyz,521.9406548070486,254.10622724627504,0.0,0.0,0.0,0.0,0.0,0.0,0.0,0.0,0.0,0.0,0.0,0.0,0.0,0.0,0.0,0.0,0.0,0.0,0.0,0.0,0.0,0.0,0.0,0.0,0.0,0.0,0.0,0.0,0.0,0.0,0.0,0.0,0.0,0.0,0.0,0.0,0.0,0.0,0.0,0.0,0.0,0.0,0.0,0.0,0.0,0.0,0.0,0.0,0.0,0.0,0.0,0.0,0.0,0.0,12
0056_Sulfur_monoxide.xyz,409.7913965453615,51.74873920111056,0.0,0.0,0.0,0.0,0.0,0.0,0.0,0.0,0.0,0.0,0.0,0.0,0.0,0.0,0.0,0.0,0.0,0.0,0.0,0.0,0.0,0.0,0.0,0.0,0.0,0.0,0.0,0.0,0.0,0.0,0.0,0.0,0.0,0.0,0.0,0.0,0.0,0.0,0.0,0.0,0.0,0.0,0.0,0.0,0.0,0.0,0.0,0.0,0.0,0.0,0.0,0.0,0.0,0.0,12
0057_1112_Tetrachlorodifluoroethane.xyz,780.3860793814606,386.3400832585068,350.47730543041865,344.36083777639294,114.91304989283435,59.572944662938816,21.165172971591673,6.744480455932316,0.0,0.0,0.0,0.0,0.0,0.0,0.0,0.0,0.0,0.0,0.0,0.0,0.0,0.0,0.0,0.0,0.0,0.0,0.0,0.0,0.0,0.0,0.0,0.0,0.0,0.0,0.0,0.0,0.0,0.0,0.0,0.0,0.0,0.0,0.0,0.0,0.0,0.0,0.0,0.0,0.0,0.0,0.0,0.0,0.0,0.0,0.0,0.0,50
0058_111_Trichlorotrifluoroethane.xyz,712.9757205061512,350.36481618975665,350.36392698134415,154.77771975438515,59.56198991946202,59.56090080075051,20.19053363823397,4.903059812988846,0.0,0.0,0.0,0.0,0.0,0.0,0.0,0.0,0.0,0.0,0.0,0.0,0.0,0.0,0.0,0.0,0.0,0.0,0.0,0.0,0.0,0.0,0.0,0.0,0.0,0.0,0.0,0.0,0.0,0.0,0.0,0.0,0.0,0.0,0.0,0.0,0.0,0.0,0.0,0.0,0.0,0.0,0.0,0.0,0.0,0.0,0.0,0.0,50
0059_1122_Tetrachlorodifluoroethane.xyz,775.9823332163419,390.9877883688662,357.70361671511876,340.3457079515923,103.25721792362182,69.74643290891973,18.413561166857473,7.523295578758502,0.0,0.0,0.0,0.0,0.0,0.0,0.0,0.0,0.0,0.0,0.0,0.0,0.0,0.0,0.0,0.0,0.0,0.0,0.0,0.0,0.0,0.0,0.0,0.0,0.0,0.0,0.0,0.0,0.0,0.0,0.0,0.0,0.0,0.0,0.0,0.0,0.0,0.0,0.0,0.0,0.0,0.0,0.0,0.0,0.0,0.0,0.0,0.0,50
0060_112344_Hexachlorbuta_13_diene.xyz,859.4364024753586,448.20292963826427,391.7010613750427,375.93067090112953,344.7426587365368,329.6067956609725,49.726801927897284,26.623036468607832,10.150028597122981,4.07835090200465,0.0,0.0,0.0,0.0,0.0,0.0,0.0,0.0,0.0,0.0,0.0,0.0,0.0,0.0,0.0,0.0,0.0,0.0,0.0,0.0,0.0,0.0,0.0,0.0,0.0,0.0,0.0,0.0,0.0,0.0,0.0,0.0,0.0,0.0,0.0,0.0,0.0,0.0,0.0,0.0,0.0,0.0,0.0,0.0,0.0,0.0,58
0061_11_Dichloro_22_difluoroethene.xyz,588.6430609062347,351.5996693517044,138.4209908021044,59.637411328638414,24.27874159707244,3.7913078825779074,0.0,0.0,0.0,0.0,0.0,0.0,0.0,0.0,0.0,0.0,0.0,0.0,0.0,0.0,0.0,0.0,0.0,0.0,0.0,0.0,0.0,0.0,0.0,0.0,0.0,0.0,0.0,0.0,0.0,0.0,0.0,0.0,0.0,0.0,0.0,0.0,0.0,0.0,0.0,0.0,0.0,0.0,0.0,0.0,0.0,0.0,0.0,0.0,0.0,0.0,36
0062_11_Dichlorotetrafluoroethane.xyz,623.3145956889138,350.70986797529594,170.98995631783245,79.16390629298942,59.546590315163,58.39575757120373,14.928009746319661,4.388697468350712,0.0,0.0,0.0,0.0,0.0,0.0,0.0,0.0,0.0,0.0,0.0,0.0,0.0,0.0,0.0,0.0,0.0,0.0,0.0,0.0,0.0,0.0,0.0,0.0,0.0,0.0,0.0,0.0,0.0,0.0,0.0,0.0,0.0,0.0,0.0,0.0,0.0,0.0,0.0,0.0,0.0,0.0,0.0,0.0,0.0,0.0,0.0,0.0,50
0063_12_Dichloro_1122_tetrafluoroethane.xyz,615.1080871368112,366.8863696260419,157.20652789894396,85.18549965012157,61.57640743137982,57.05906544943489,13.54267929653479,4.872744886799004,0.0,0.0,0.0,0.0,0.0,0.0,0.0,0.0,0.0,0.0,0.0,0.0,0.0,0.0,0.0,0.0,0.0,0.0,0.0,0.0,0.0,0.0,0.0,0.0,0.0,0.0,0.0,0.0,0.0,0.0,0.0,0.0,0.0,0.0,0.0,0.0,0.0,0.0,0.0,0.0,0.0,0.0,0.0,0.0,0.0,0.0,0.0,0.0,50
0064_Aluminium_tribromide.xyz,3210.8058944702643,2224.578171468093,2224.2635038255603,194.3313615540239,0.0,0.0,0.0,0.0,0.0,0.0,0.0,0.0,0.0,0.0,0.0,0.0,0.0,0.0,0.0,0.0,0.0,0.0,0.0,0.0,0.0,0.0,0.0,0.0,0.0,0.0,0.0,0.0,0.0,0.0,0.0,0.0,0.0,0.0,0.0,0.0,0.0,0.0,0.0,0.0,0.0,0.0,0.0,0.0,0.0,0.0,0.0,0.0,0.0,0.0,0.0,0.0,24
0065_Aluminium_Trifluoride.xyz,325.9517268071967,68.8700718709549,68.85854871766459,64.65937019841557,0.0,0.0,0.0,0.0,0.0,0.0,0.0,0.0,0.0,0.0,0.0,0.0,0.0,0.0,0.0,0.0,0.0,0.0,0.0,0.0,0.0,0.0,0.0,0.0,0.0,0.0,0.0,0.0,0.0,0.0,0.0,0.0,0.0,0.0,0.0,0.0,0.0,0.0,0.0,0.0,0.0,0.0,0.0,0.0,0.0,0.0,0.0,0.0,0.0,0.0,0.0,0.0,24
0066_Arsenic_trichloride.xyz,2320.1313980477817,505.7631211482207,362.7386761623952,362.72389760672166,0.0,0.0,0.0,0.0,0.0,0.0,0.0,0.0,0.0,0.0,0.0,0.0,0.0,0.0,0.0,0.0,0.0,0.0,0.0,0.0,0.0,0.0,0.0,0.0,0.0,0.0,0.0,0.0,0.0,0.0,0.0,0.0,0.0,0.0,0.0,0.0,0.0,0.0,0.0,0.0,0.0,0.0,0.0,0.0,0.0,0.0,0.0,0.0,0.0,0.0,0.0,0.0,26
0067_Beryllium_chloride.xyz,534.5021562421726,368.56327596542013,8.452148766889616,0.0,0.0,0.0,0.0,0.0,0.0,0.0,0.0,0.0,0.0,0.0,0.0,0.0,0.0,0.0,0.0,0.0,0.0,0.0,0.0,0.0,0.0,0.0,0.0,0.0,0.0,0.0,0.0,0.0,0.0,0.0,0.0,0.0,0.0,0.0,0.0,0.0,0.0,0.0,0.0,0.0,0.0,0.0,0.0,0.0,0.0,0.0,0.0,0.0,0.0,0.0,0.0,0.0,16
0068_Beryllium_oxide.xyz,82.09525716943037,5.350246563117856,0.0,0.0,0.0,0.0,0.0,0.0,0.0,0.0,0.0,0.0,0.0,0.0,0.0,0.0,0.0,0.0,0.0,0.0,0.0,0.0,0.0,0.0,0.0,0.0,0.0,0.0,0.0,0.0,0.0,0.0,0.0,0.0,0.0,0.0,0.0,0.0,0.0,0.0,0.0,0.0,0.0,0.0,0.0,0.0,0.0,0.0,0.0,0.0,0.0,0.0,0.0,0.0,0.0,0.0,8
0069_Boron_tribromide.xyz,3287.795357013486,2169.093553928523,2169.067160504884,16.078115772366417,0.0,0.0,0.0,0.0,0.0,0.0,0.0,0.0,0.0,0.0,0.0,0.0,0.0,0.0,0.0,0.0,0.0,0.0,0.0,0.0,0.0,0.0,0.0,0.0,0.0,0.0,0.0,0.0,0.0,0.0,0.0,0.0,0.0,0.0,0.0,0.0,0.0,0.0,0.0,0.0,0.0,0.0,0.0,0.0,0.0,0.0,0.0,0.0,0.0,0.0,0.0,0.0,24
0070_Boron_trichloride.xyz,650.7017604688781,353.48247232625846,353.48086759119934,12.513731790229329,0.0,0.0,0.0,0.0,0.0,0.0,0.0,0.0,0.0,0.0,0.0,0.0,0.0,0.0,0.0,0.0,0.0,0.0,0.0,0.0,0.0,0.0,0.0,0.0,0.0,0.0,0.0,0.0,0.0,0.0,0.0,0.0,0.0,0.0,0.0,0.0,0.0,0.0,0.0,0.0,0.0,0.0,0.0,0.0,0.0,0.0,0.0,0.0,0.0,0.0,0.0,0.0,24
0071_Bromine.xyz,3068.3740330943824,2010.4516422291595,0.0,0.0,0.0,0.0,0.0,0.0,0.0,0.0,0.0,0.0,0.0,0.0,0.0,0.0,0.0,0.0,0.0,0.0,0.0,0.0,0.0,0.0,0.0,0.0,0.0,0.0,0.0,0.0,0.0,0.0,0.0,0.0,0.0,0.0,0.0,0.0,0.0,0.0,0.0,0.0,0.0,0.0,0.0,0.0,0.0,0.0,0.0,0.0,0.0,0.0,0.0,0.0,0.0,0.0,14
0072_Bromine_chloride.xyz,2574.9103188280915,413.29690481455185,0.0,0.0,0.0,0.0,0.0,0.0,0.0,0.0,0.0,0.0,0.0,0.0,0.0,0.0,0.0,0.0,0.0,0.0,0.0,0.0,0.0,0.0,0.0,0.0,0.0,0.0,0.0,0.0,0.0,0.0,0.0,0.0,0.0,0.0,0.0,0.0,0.0,0.0,0.0,0.0,0.0,0.0,0.0,0.0,0.0,0.0,0.0,0.0,0.0,0.0,0.0,0.0,0.0,0.0,14
0073_Bromine_fluoride.xyz,2552.320831240874,84.62510617476474,0.0,0.0,0.0,0.0,0.0,0.0,0.0,0.0,0.0,0.0,0.0,0.0,0.0,0.0,0.0,0.0,0.0,0.0,0.0,0.0,0.0,0.0,0.0,0.0,0.0,0.0,0.0,0.0,0.0,0.0,0.0,0.0,0.0,0.0,0.0,0.0,0.0,0.0,0.0,0.0,0.0,0.0,0.0,0.0,0.0,0.0,0.0,0.0,0.0,0.0,0.0,0.0,0.0,0.0,14
0074_Bromine_pentafluoride.xyz,2606.0872047121566,156.1590227134599,74.6522694486889,74.65226937525767,59.83040126151625,55.697168920031366,0.0,0.0,0.0,0.0,0.0,0.0,0.0,0.0,0.0,0.0,0.0,0.0,0.0,0.0,0.0,0.0,0.0,0.0,0.0,0.0,0.0,0.0,0.0,0.0,0.0,0.0,0.0,0.0,0.0,0.0,0.0,0.0,0.0,0.0,0.0,0.0,0.0,0.0,0.0,0.0,0.0,0.0,0.0,0.0,0.0,0.0,0.0,0.0,0.0,0.0,42
0075_Bromochlorodifluoromethane.xyz,2574.4859513764413,453.71005646072814,122.87087302894405,59.87958077870717,9.18506670498407,0.0,0.0,0.0,0.0,0.0,0.0,0.0,0.0,0.0,0.0,0.0,0.0,0.0,0.0,0.0,0.0,0.0,0.0,0.0,0.0,0.0,0.0,0.0,0.0,0.0,0.0,0.0,0.0,0.0,0.0,0.0,0.0,0.0,0.0,0.0,0.0,0.0,0.0,0.0,0.0,0.0,0.0,0.0,0.0,0.0,0.0,0.0,0.0,0.0,0.0,0.0,32
0076_Bromotrifluoroethylene.xyz,2559.5023522196902,184.2339309230651,80.66602045674084,59.37251451877878,18.925701594969752,3.0278276089826304,0.0,0.0,0.0,0.0,0.0,0.0,0.0,0.0,0.0,0.0,0.0,0.0,0.0,0.0,0.0,0.0,0.0,0.0,0.0,0.0,0.0,0.0,0.0,0.0,0.0,0.0,0.0,0.0,0.0,0.0,0.0,0.0,0.0,0.0,0.0,0.0,0.0,0.0,0.0,0.0,0.0,0.0,0.0,0.0,0.0,0.0,0.0,0.0,0.0,0.0,36
0077_Calcium_bromide.xyz,2838.8111142898197,2305.6290425872485,597.2763219144701,0.0,0.0,0.0,0.0,0.0,0.0,0.0,0.0,0.0,0.0,0.0,0.0,0.0,0.0,0.0,0.0,0.0,0.0,0.0,0.0,0.0,0.0,0.0,0.0,0.0,0.0,0.0,0.0,0.0,0.0,0.0,0.0,0.0,0.0,0.0,0.0,0.0,0.0,0.0,0.0,0.0,0.0,0.0,0.0,0.0,0.0,0.0,0.0,0.0,0.0,0.0,0.0,0.0,16
0078_Calcium_chloride.xyz,794.8372007980241,390.2615995109238,375.38077512079343,0.0,0.0,0.0,0.0,0.0,0.0,0.0,0.0,0.0,0.0,0.0,0.0,0.0,0.0,0.0,0.0,0.0,0.0,0.0,0.0,0.0,0.0,0.0,0.0,0.0,0.0,0.0,0.0,0.0,0.0,0.0,0.0,0.0,0.0,0.0,0.0,0.0,0.0,0.0,0.0,0.0,0.0,0.0,0.0,0.0,0.0,0.0,0.0,0.0,0.0,0.0,0.0,0.0,16
0079_Calcium_fluoride.xyz,691.7436622264124,90.35615118899905,75.85718956032167,0.0,0.0,0.0,0.0,0.0,0.0,0.0,0.0,0.0,0.0,0.0,0.0,0.0,0.0,0.0,0.0,0.0,0.0,0.0,0.0,0.0,0.0,0.0,0.0,0.0,0.0,0.0,0.0,0.0,0.0,0.0,0.0,0.0,0.0,0.0,0.0,0.0,0.0,0.0,0.0,0.0,0.0,0.0,0.0,0.0,0.0,0.0,0.0,0.0,0.0,0.0,0.0,0.0,16
0080_Calcium_oxide.xyz,675.8057097934663,60.60178839434115,0.0,0.0,0.0,0.0,0.0,0.0,0.0,0.0,0.0,0.0,0.0,0.0,0.0,0.0,0.0,0.0,0.0,0.0,0.0,0.0,0.0,0.0,0.0,0.0,0.0,0.0,0.0,0.0,0.0,0.0,0.0,0.0,0.0,0.0,0.0,0.0,0.0,0.0,0.0,0.0,0.0,0.0,0.0,0.0,0.0,0.0,0.0,0.0,0.0,0.0,0.0,0.0,0.0,0.0,8
0081_Calcium_sulfide.xyz,720.6472075571755,330.2670369374835,0.0,0.0,0.0,0.0,0.0,0.0,0.0,0.0,0.0,0.0,0.0,0.0,0.0,0.0,0.0,0.0,0.0,0.0,0.0,0.0,0.0,0.0,0.0,0.0,0.0,0.0,0.0,0.0,0.0,0.0,0.0,0.0,0.0,0.0,0.0,0.0,0.0,0.0,0.0,0.0,0.0,0.0,0.0,0.0,0.0,0.0,0.0,0.0,0.0,0.0,0.0,0.0,0.0,0.0,8
0082_Chlorine_fluoride.xyz,471.9350924322165,74.39239330252366,0.0,0.0,0.0,0.0,0.0,0.0,0.0,0.0,0.0,0.0,0.0,0.0,0.0,0.0,0.0,0.0,0.0,0.0,0.0,0.0,0.0,0.0,0.0,0.0,0.0,0.0,0.0,0.0,0.0,0.0,0.0,0.0,0.0,0.0,0.0,0.0,0.0,0.0,0.0,0.0,0.0,0.0,0.0,0.0,0.0,0.0,0.0,0.0,0.0,0.0,0.0,0.0,0.0,0.0,14
0083_Chloropentafluoroethane.xyz,520.8684434120737,202.43569489550603,91.51605701205597,66.54442709391763,59.24781609921577,53.80060985393793,12.082818822537632,3.6802279598193337,0.0,0.0,0.0,0.0,0.0,0.0,0.0,0.0,0.0,0.0,0.0,0.0,0.0,0.0,0.0,0.0,0.0,0.0,0.0,0.0,0.0,0.0,0.0,0.0,0.0,0.0,0.0,0.0,0.0,0.0,0.0,0.0,0.0,0.0,0.0,0.0,0.0,0.0,0.0,0.0,0.0,0.0,0.0,0.0,0.0,0.0,0.0,0.0,50
0084_Chlorotrifluoroethene.xyz,491.13696979348344,163.59171718654824,79.96920249922033,59.08833032675439,18.45113191839834,2.8725439169233327,0.0,0.0,0.0,0.0,0.0,0.0,0.0,0.0,0.0,0.0,0.0,0.0,0.0,0.0,0.0,0.0,0.0,0.0,0.0,0.0,0.0,0.0,0.0,0.0,0.0,0.0,0.0,0.0,0.0,0.0,0.0,0.0,0.0,0.0,0.0,0.0,0.0,0.0,0.0,0.0,0.0,0.0,0.0,0.0,0.0,0.0,0.0,0.0,0.0,0.0,36
0085_Dialuminium_hexachloride.xyz,944.1638153683747,452.9808354213781,379.1689471542644,359.9262593650787,359.6421202020149,351.2348069979187,158.83820093664508,158.2921671048146,0.0,0.0,0.0,0.0,0.0,0.0,0.0,0.0,0.0,0.0,0.0,0.0,0.0,0.0,0.0,0.0,0.0,0.0,0.0,0.0,0.0,0.0,0.0,0.0,0.0,0.0,0.0,0.0,0.0,0.0,0.0,0.0,0.0,0.0,0.0,0.0,0.0,0.0,0.0,0.0,0.0,0.0,0.0,0.0,0.0,0.0,0.0,0.0,48
0086_Dibromodifluoromethane.xyz,2945.2544951766336,2161.4703684963615,134.62844524936207,59.880993262145005,9.515677846202584,0.0,0.0,0.0,0.0,0.0,0.0,0.0,0.0,0.0,0.0,0.0,0.0,0.0,0.0,0.0,0.0,0.0,0.0,0.0,0.0,0.0,0.0,0.0,0.0,0.0,0.0,0.0,0.0,0.0,0.0,0.0,0.0,0.0,0.0,0.0,0.0,0.0,0.0,0.0,0.0,0.0,0.0,0.0,0.0,0.0,0.0,0.0,0.0,0.0,0.0,0.0,32
0087_Dichlorodifluoromethane.xyz,595.0592760065342,350.58121924371284,115.12003920704673,59.87078914414404,8.881753067468344,0.0,0.0,0.0,0.0,0.0,0.0,0.0,0.0,0.0,0.0,0.0,0.0,0.0,0.0,0.0,0.0,0.0,0.0,0.0,0.0,0.0,0.0,0.0,0.0,0.0,0.0,0.0,0.0,0.0,0.0,0.0,0.0,0.0,0.0,0.0,0.0,0.0,0.0,0.0,0.0,0.0,0.0,0.0,0.0,0.0,0.0,0.0,0.0,0.0,0.0,0.0,32
0088_Disulfur_monoxide.xyz,540.8595991321104,258.140832976598,50.5631446644255,0.0,0.0,0.0,0.0,0.0,0.0,0.0,0.0,0.0,0.0,0.0,0.0,0.0,0.0,0.0,0.0,0.0,0.0,0.0,0.0,0.0,0.0,0.0,0.0,0.0,0.0,0.0,0.0,0.0,0.0,0.0,0.0,0.0,0.0,0.0,0.0,0.0,0.0,0.0,0.0,0.0,0.0,0.0,0.0,0.0,0.0,0.0,0.0,0.0,0.0,0.0,0.0,0.0,18
0089_E_difluorodiazene.xyz,185.38972710510242,76.71218261919493,30.098548552150728,9.58315603094416,0.0,0.0,0.0,0.0,0.0,0.0,0.0,0.0,0.0,0.0,0.0,0.0,0.0,0.0,0.0,0.0,0.0,0.0,0.0,0.0,0.0,0.0,0.0,0.0,0.0,0.0,0.0,0.0,0.0,0.0,0.0,0.0,0.0,0.0,0.0,0.0,0.0,0.0,0.0,0.0,0.0,0.0,0.0,0.0,0.0,0.0,0.0,0.0,0.0,0.0,0.0,0.0,24
0090_Gallium_trichloride.xyz,2027.387348529898,476.1035881667533,370.3235417296955,370.3146132259872,0.0,0.0,0.0,0.0,0.0,0.0,0.0,0.0,0.0,0.0,0.0,0.0,0.0,0.0,0.0,0.0,0.0,0.0,0.0,0.0,0.0,0.0,0.0,0.0,0.0,0.0,0.0,0.0,0.0,0.0,0.0,0.0,0.0,0.0,0.0,0.0,0.0,0.0,0.0,0.0,0.0,0.0,0.0,0.0,0.0,0.0,0.0,0.0,0.0,0.0,0.0,0.0,24
0091_Germanium_oxide.xyz,2060.408069523578,61.10862519623155,0.0,0.0,0.0,0.0,0.0,0.0,0.0,0.0,0.0,0.0,0.0,0.0,0.0,0.0,0.0,0.0,0.0,0.0,0.0,0.0,0.0,0.0,0.0,0.0,0.0,0.0,0.0,0.0,0.0,0.0,0.0,0.0,0.0,0.0,0.0,0.0,0.0,0.0,0.0,0.0,0.0,0.0,0.0,0.0,0.0,0.0,0.0,0.0,0.0,0.0,0.0,0.0,0.0,0.0,10
0092_Germanium_sulfide.xyz,2085.5579434856204,350.46549754104075,0.0,0.0,0.0,0.0,0.0,0.0,0.0,0.0,0.0,0.0,0.0,0.0,0.0,0.0,0.0,0.0,0.0,0.0,0.0,0.0,0.0,0.0,0.0,0.0,0.0,0.0,0.0,0.0,0.0,0.0,0.0,0.0,0.0,0.0,0.0,0.0,0.0,0.0,0.0,0.0,0.0,0.0,0.0,0.0,0.0,0.0,0.0,0.0,0.0,0.0,0.0,0.0,0.0,0.0,10
0093_Germanium_tetrachloride.xyz,2218.6199808758233,526.7831200896903,365.9262060528026,365.92600428811215,365.92223261705783,0.0,0.0,0.0,0.0,0.0,0.0,0.0,0.0,0.0,0.0,0.0,0.0,0.0,0.0,0.0,0.0,0.0,0.0,0.0,0.0,0.0,0.0,0.0,0.0,0.0,0.0,0.0,0.0,0.0,0.0,0.0,0.0,0.0,0.0,0.0,0.0,0.0,0.0,0.0,0.0,0.0,0.0,0.0,0.0,0.0,0.0,0.0,0.0,0.0,0.0,0.0,32
0094_Germanium_tetrafluoride.xyz,2108.031690485712,125.2719306681754,68.28878776881969,68.27145153519311,68.26853855757211,0.0,0.0,0.0,0.0,0.0,0.0,0.0,0.0,0.0,0.0,0.0,0.0,0.0,0.0,0.0,0.0,0.0,0.0,0.0,0.0,0.0,0.0,0.0,0.0,0.0,0.0,0.0,0.0,0.0,0.0,0.0,0.0,0.0,0.0,0.0,0.0,0.0,0.0,0.0,0.0,0.0,0.0,0.0,0.0,0.0,0.0,0.0,0.0,0.0,0.0,0.0,32
0095_Hexachlorobenzene.xyz,846.6121413709386,447.414565478979,447.41336057088415,350.28118819835987,350.27965049644826,324.9685380421344,70.52045614147282,29.106709458755976,29.106140509006323,8.178311741498128,8.178254164002675,1.855630909308637,0.0,0.0,0.0,0.0,0.0,0.0,0.0,0.0,0.0,0.0,0.0,0.0,0.0,0.0,0.0,0.0,0.0,0.0,0.0,0.0,0.0,0.0,0.0,0.0,0.0,0.0,0.0,0.0,0.0,0.0,0.0,0.0,0.0,0.0,0.0,0.0,0.0,0.0,0.0,0.0,0.0,0.0,0.0,0.0,66
0096_Hexachloroethane.xyz,921.5565261401105,407.8517419350373,371.6841524191016,371.6761710731716,326.96734936760663,326.9673220241788,28.702749400547876,11.076513924330389,0.0,0.0,0.0,0.0,0.0,0.0,0.0,0.0,0.0,0.0,0.0,0.0,0.0,0.0,0.0,0.0,0.0,0.0,0.0,0.0,0.0,0.0,0.0,0.0,0.0,0.0,0.0,0.0,0.0,0.0,0.0,0.0,0.0,0.0,0.0,0.0,0.0,0.0,0.0,0.0,0.0,0.0,0.0,0.0,0.0,0.0,0.0,0.0,50
0097_Hexafluoro_13_butadiene.xyz,293.0993756308631,118.77294513532486,91.63375400605713,69.11092539497648,61.262916129319116,55.031247074455074,24.56497554512042,14.110699107487152,4.350537251491167,0.6936440458172732,0.0,0.0,0.0,0.0,0.0,0.0,0.0,0.0,0.0,0.0,0.0,0.0,0.0,0.0,0.0,0.0,0.0,0.0,0.0,0.0,0.0,0.0,0.0,0.0,0.0,0.0,0.0,0.0,0.0,0.0,0.0,0.0,0.0,0.0,0.0,0.0,0.0,0.0,0.0,0.0,0.0,0.0,0.0,0.0,0.0,0.0,58
0098_Hexafluoroacetone.xyz,319.1414465948144,123.62914166011065,72.29569028202692,65.07079229585479,56.240627760235135,55.52065402508623,55.14516117027816,13.803718686146842,6.168534435630289,2.2738419311124707,0.0,0.0,0.0,0.0,0.0,0.0,0.0,0.0,0.0,0.0,0.0,0.0,0.0,0.0,0.0,0.0,0.0,0.0,0.0,0.0,0.0,0.0,0.0,0.0,0.0,0.0,0.0,0.0,0.0,0.0,0.0,0.0,0.0,0.0,0.0,0.0,0.0,0.0,0.0,0.0,0.0,0.0,0.0,0.0,0.0,0.0,60
0099_Lithium_bromide.xyz,2540.322314629941,6.07382811444884,0.0,0.0,0.0,0.0,0.0,0.0,0.0,0.0,0.0,0.0,0.0,0.0,0.0,0.0,0.0,0.0,0.0,0.0,0.0,0.0,0.0,0.0,0.0,0.0,0.0,0.0,0.0,0.0,0.0,0.0,0.0,0.0,0.0,0.0,0.0,0.0,0.0,0.0,0.0,0.0,0.0,0.0,0.0,0.0,0.0,0.0,0.0,0.0,0.0,0.0,0.0,0.0,0.0,0.0,8
0100_Magnesium_bromide.xyz,2827.1266400702834,2276.4083042300854,169.82897657014328,0.0,0.0,0.0,0.0,0.0,0.0,0.0,0.0,0.0,0.0,0.0,0.0,0.0,0.0,0.0,0.0,0.0,0.0,0.0,0.0,0.0,0.0,0.0,0.0,0.0,0.0,0.0,0.0,0.0,0.0,0.0,0.0,0.0,0.0,0.0,0.0,0.0,0.0,0.0,0.0,0.0,0.0,0.0,0.0,0.0,0.0,0.0,0.0,0.0,0.0,0.0,0.0,0.0,16
0101_Magnesium_fluoride.xyz,252.92743711789106,74.24450176633869,62.43250617047451,0.0,0.0,0.0,0.0,0.0,0.0,0.0,0.0,0.0,0.0,0.0,0.0,0.0,0.0,0.0,0.0,0.0,0.0,0.0,0.0,0.0,0.0,0.0,0.0,0.0,0.0,0.0,0.0,0.0,0.0,0.0,0.0,0.0,0.0,0.0,0.0,0.0,0.0,0.0,0.0,0.0,0.0,0.0,0.0,0.0,0.0,0.0,0.0,0.0,0.0,0.0,0.0,0.0,16
0102_Nitrosyl_bromide.xyz,2548.7441670573853,104.7807373273574,12.763335396666397,0.0,0.0,0.0,0.0,0.0,0.0,0.0,0.0,0.0,0.0,0.0,0.0,0.0,0.0,0.0,0.0,0.0,0.0,0.0,0.0,0.0,0.0,0.0,0.0,0.0,0.0,0.0,0.0,0.0,0.0,0.0,0.0,0.0,0.0,0.0,0.0,0.0,0.0,0.0,0.0,0.0,0.0,0.0,0.0,0.0,0.0,0.0,0.0,0.0,0.0,0.0,0.0,0.0,18
0103_Nitryl_fluoride.xyz,191.9006989460372,56.44588024342938,44.21996062451282,5.358656779337169,0.0,0.0,0.0,0.0,0.0,0.0,0.0,0.0,0.0,0.0,0.0,0.0,0.0,0.0,0.0,0.0,0.0,0.0,0.0,0.0,0.0,0.0,0.0,0.0,0.0,0.0,0.0,0.0,0.0,0.0,0.0,0.0,0.0,0.0,0.0,0.0,0.0,0.0,0.0,0.0,0.0,0.0,0.0,0.0,0.0,0.0,0.0,0.0,0.0,0.0,0.0,0.0,24
0104_Octafluoro_2_butene.xyz,344.76922568157727,148.89987553936186,85.71644070220472,77.05430767731579,61.1430622213723,58.868821937742716,58.47932107820831,53.484877043194615,22.937030303579174,9.855542548812926,5.101856848316276,1.3868572469620657,0.0,0.0,0.0,0.0,0.0,0.0,0.0,0.0,0.0,0.0,0.0,0.0,0.0,0.0,0.0,0.0,0.0,0.0,0.0,0.0,0.0,0.0,0.0,0.0,0.0,0.0,0.0,0.0,0.0,0.0,0.0,0.0,0.0,0.0,0.0,0.0,0.0,0.0,0.0,0.0,0.0,0.0,0.0,0.0,72
0105_Octafluorocyclobutane.xyz,362.5214086912472,106.23270450015924,106.23262827020913,79.0900512275353,71.24926010708637,57.20363274013835,57.20360604146894,50.405927852978174,19.9930280877718,7.837460095616454,7.837455035637641,1.8900561787993424,0.0,0.0,0.0,0.0,0.0,0.0,0.0,0.0,0.0,0.0,0.0,0.0,0.0,0.0,0.0,0.0,0.0,0.0,0.0,0.0,0.0,0.0,0.0,0.0,0.0,0.0,0.0,0.0,0.0,0.0,0.0,0.0,0.0,0.0,0.0,0.0,0.0,0.0,0.0,0.0,0.0,0.0,0.0,0.0,72
0106_Octafluoropropane.xyz,359.1410228670395,123.53659514823647,88.51297314026652,73.17322761367564,60.0662053476093,55.77978804372577,54.01940319483583,53.759208966808465,14.315757622293782,6.074299712291719,2.4606319724388617,0.0,0.0,0.0,0.0,0.0,0.0,0.0,0.0,0.0,0.0,0.0,0.0,0.0,0.0,0.0,0.0,0.0,0.0,0.0,0.0,0.0,0.0,0.0,0.0,0.0,0.0,0.0,0.0,0.0,0.0,0.0,0.0,0.0,0.0,0.0,0.0,0.0,0.0,0.0,0.0,0.0,0.0,0.0,0.0,0.0,68
0107_Pentachlorofluoroethane.xyz,850.4932264083862,398.83364216154865,371.86717208639953,349.0479639198522,326.8312859534694,86.08229093841614,23.185804561664725,8.879854027343656,0.0,0.0,0.0,0.0,0.0,0.0,0.0,0.0,0.0,0.0,0.0,0.0,0.0,0.0,0.0,0.0,0.0,0.0,0.0,0.0,0.0,0.0,0.0,0.0,0.0,0.0,0.0,0.0,0.0,0.0,0.0,0.0,0.0,0.0,0.0,0.0,0.0,0.0,0.0,0.0,0.0,0.0,0.0,0.0,0.0,0.0,0.0,0.0,50
0108_Pentafluorophosphorane.xyz,481.9617655262947,82.40236755194334,71.85768978912924,67.36325983826849,67.35350929655048,49.071812411716365,0.0,0.0,0.0,0.0,0.0,0.0,0.0,0.0,0.0,0.0,0.0,0.0,0.0,0.0,0.0,0.0,0.0,0.0,0.0,0.0,0.0,0.0,0.0,0.0,0.0,0.0,0.0,0.0,0.0,0.0,0.0,0.0,0.0,0.0,0.0,0.0,0.0,0.0,0.0,0.0,0.0,0.0,0.0,0.0,0.0,0.0,0.0,0.0,0.0,0.0,40
0109_Perfluoroperoxide.xyz,205.92287820585236,74.70904848017675,43.885336861537034,17.582325399790268,0.0,0.0,0.0,0.0,0.0,0.0,0.0,0.0,0.0,0.0,0.0,0.0,0.0,0.0,0.0,0.0,0.0,0.0,0.0,0.0,0.0,0.0,0.0,0.0,0.0,0.0,0.0,0.0,0.0,0.0,0.0,0.0,0.0,0.0,0.0,0.0,0.0,0.0,0.0,0.0,0.0,0.0,0.0,0.0,0.0,0.0,0.0,0.0,0.0,0.0,0.0,0.0,26
0110_Phosphorus_nitride.xyz,349.18837770010305,36.51523534428742,0.0,0.0,0.0,0.0,0.0,0.0,0.0,0.0,0.0,0.0,0.0,0.0,0.0,0.0,0.0,0.0,0.0,0.0,0.0,0.0,0.0,0.0,0.0,0.0,0.0,0.0,0.0,0.0,0.0,0.0,0.0,0.0,0.0,0.0,0.0,0.0,0.0,0.0,0.0,0.0,0.0,0.0,0.0,0.0,0.0,0.0,0.0,0.0,0.0,0.0,0.0,0.0,0.0,0.0,10
0111_Phosphorus_V_oxyfluoride.xyz,447.3895401002054,75.86142067486173,63.31729162408813,63.31654520274745,48.57610202407394,0.0,0.0,0.0,0.0,0.0,0.0,0.0,0.0,0.0,0.0,0.0,0.0,0.0,0.0,0.0,0.0,0.0,0.0,0.0,0.0,0.0,0.0,0.0,0.0,0.0,0.0,0.0,0.0,0.0,0.0,0.0,0.0,0.0,0.0,0.0,0.0,0.0,0.0,0.0,0.0,0.0,0.0,0.0,0.0,0.0,0.0,0.0,0.0,0.0,0.0,0.0,32
0112_Phosphorus_V_sulfide_trifluoride.xyz,558.4783913677243,251.44408957026255,76.59773342864216,63.2239885946169,63.22344297158244,0.0,0.0,0.0,0.0,0.0,0.0,0.0,0.0,0.0,0.0,0.0,0.0,0.0,0.0,0.0,0.0,0.0,0.0,0.0,0.0,0.0,0.0,0.0,0.0,0.0,0.0,0.0,0.0,0.0,0.0,0.0,0.0,0.0,0.0,0.0,0.0,0.0,0.0,0.0,0.0,0.0,0.0,0.0,0.0,0.0,0.0,0.0,0.0,0.0,0.0,0.0,32
0113_Potassium_bromide.xyz,2567.2709934627765,558.2511901989826,0.0,0.0,0.0,0.0,0.0,0.0,0.0,0.0,0.0,0.0,0.0,0.0,0.0,0.0,0.0,0.0,0.0,0.0,0.0,0.0,0.0,0.0,0.0,0.0,0.0,0.0,0.0,0.0,0.0,0.0,0.0,0.0,0.0,0.0,0.0,0.0,0.0,0.0,0.0,0.0,0.0,0.0,0.0,0.0,0.0,0.0,0.0,0.0,0.0,0.0,0.0,0.0,0.0,0.0,8
0114_Potassium_chloride.xyz,656.514472394791,378.3892595860691,0.0,0.0,0.0,0.0,0.0,0.0,0.0,0.0,0.0,0.0,0.0,0.0,0.0,0.0,0.0,0.0,0.0,0.0,0.0,0.0,0.0,0.0,0.0,0.0,0.0,0.0,0.0,0.0,0.0,0.0,0.0,0.0,0.0,0.0,0.0,0.0,0.0,0.0,0.0,0.0,0.0,0.0,0.0,0.0,0.0,0.0,0.0,0.0,0.0,0.0,0.0,0.0,0.0,0.0,8
0115_Potassium_fluoride.xyz,599.0928712100083,84.54957454384778,0.0,0.0,0.0,0.0,0.0,0.0,0.0,0.0,0.0,0.0,0.0,0.0,0.0,0.0,0.0,0.0,0.0,0.0,0.0,0.0,0.0,0.0,0.0,0.0,0.0,0.0,0.0,0.0,0.0,0.0,0.0,0.0,0.0,0.0,0.0,0.0,0.0,0.0,0.0,0.0,0.0,0.0,0.0,0.0,0.0,0.0,0.0,0.0,0.0,0.0,0.0,0.0,0.0,0.0,8
0116_Selenium_hexafluoride.xyz,2456.8489186772863,167.81982192895123,73.74038007615734,73.74037941152368,73.74037924913053,54.029845248038974,54.02984438101816,0.0,0.0,0.0,0.0,0.0,0.0,0.0,0.0,0.0,0.0,0.0,0.0,0.0,0.0,0.0,0.0,0.0,0.0,0.0,0.0,0.0,0.0,0.0,0.0,0.0,0.0,0.0,0.0,0.0,0.0,0.0,0.0,0.0,0.0,0.0,0.0,0.0,0.0,0.0,0.0,0.0,0.0,0.0,0.0,0.0,0.0,0.0,0.0,0.0,48
0117_Silicon_monosulfide.xyz,461.8034783105278,207.84890880689144,0.0,0.0,0.0,0.0,0.0,0.0,0.0,0.0,0.0,0.0,0.0,0.0,0.0,0.0,0.0,0.0,0.0,0.0,0.0,0.0,0.0,0.0,0.0,0.0,0.0,0.0,0.0,0.0,0.0,0.0,0.0,0.0,0.0,0.0,0.0,0.0,0.0,0.0,0.0,0.0,0.0,0.0,0.0,0.0,0.0,0.0,0.0,0.0,0.0,0.0,0.0,0.0,0.0,0.0,10
0118_Sodium_bromide.xyz,2549.2748664859955,148.01263861014735,0.0,0.0,0.0,0.0,0.0,0.0,0.0,0.0,0.0,0.0,0.0,0.0,0.0,0.0,0.0,0.0,0.0,0.0,0.0,0.0,0.0,0.0,0.0,0.0,0.0,0.0,0.0,0.0,0.0,0.0,0.0,0.0,0.0,0.0,0.0,0.0,0.0,0.0,0.0,0.0,0.0,0.0,0.0,0.0,0.0,0.0,0.0,0.0,0.0,0.0,0.0,0.0,0.0,0.0,8
0119_Sulfur_dichloride.xyz,666.03983883965,359.0717194262026,260.5006547225537,0.0,0.0,0.0,0.0,0.0,0.0,0.0,0.0,0.0,0.0,0.0,0.0,0.0,0.0,0.0,0.0,0.0,0.0,0.0,0.0,0.0,0.0,0.0,0.0,0.0,0.0,0.0,0.0,0.0,0.0,0.0,0.0,0.0,0.0,0.0,0.0,0.0,0.0,0.0,0.0,0.0,0.0,0.0,0.0,0.0,0.0,0.0,0.0,0.0,0.0,0.0,0.0,0.0,20
0120_Sulfur_difluoride.xyz,440.03821603489723,78.60828698974052,64.44313750976006,0.0,0.0,0.0,0.0,0.0,0.0,0.0,0.0,0.0,0.0,0.0,0.0,0.0,0.0,0.0,0.0,0.0,0.0,0.0,0.0,0.0,0.0,0.0,0.0,0.0,0.0,0.0,0.0,0.0,0.0,0.0,0.0,0.0,0.0,0.0,0.0,0.0,0.0,0.0,0.0,0.0,0.0,0.0,0.0,0.0,0.0,0.0,0.0,0.0,0.0,0.0,0.0,0.0,20
0121_Sulfur_hexafluoride.xyz,560.3275585783415,96.526412546861,71.80061068874609,71.80061055083932,71.8006103032077,50.48311856063833,50.48311832123607,0.0,0.0,0.0,0.0,0.0,0.0,0.0,0.0,0.0,0.0,0.0,0.0,0.0,0.0,0.0,0.0,0.0,0.0,0.0,0.0,0.0,0.0,0.0,0.0,0.0,0.0,0.0,0.0,0.0,0.0,0.0,0.0,0.0,0.0,0.0,0.0,0.0,0.0,0.0,0.0,0.0,0.0,0.0,0.0,0.0,0.0,0.0,0.0,0.0,48
0122_Sulfur_tetrafluoride.xyz,495.8119775620304,91.39196279748815,73.0069062970313,64.16375581749891,53.78123756808496,0.0,0.0,0.0,0.0,0.0,0.0,0.0,0.0,0.0,0.0,0.0,0.0,0.0,0.0,0.0,0.0,0.0,0.0,0.0,0.0,0.0,0.0,0.0,0.0,0.0,0.0,0.0,0.0,0.0,0.0,0.0,0.0,0.0,0.0,0.0,0.0,0.0,0.0,0.0,0.0,0.0,0.0,0.0,0.0,0.0,0.0,0.0,0.0,0.0,0.0,0.0,34
0123_Tetrachloroethylene.xyz,733.7039318414975,393.10036068348154,373.0371781738209,325.8278881917987,35.52075759870577,7.703637833036001,0.0,0.0,0.0,0.0,0.0,0.0,0.0,0.0,0.0,0.0,0.0,0.0,0.0,0.0,0.0,0.0,0.0,0.0,0.0,0.0,0.0,0.0,0.0,0.0,0.0,0.0,0.0,0.0,0.0,0.0,0.0,0.0,0.0,0.0,0.0,0.0,0.0,0.0,0.0,0.0,0.0,0.0,0.0,0.0,0.0,0.0,0.0,0.0,0.0,0.0,36
0124_Tetrachlorosilane.xyz,811.6770279250936,362.0605868885796,362.05968146540295,362.05584991853357,178.95334381663613,0.0,0.0,0.0,0.0,0.0,0.0,0.0,0.0,0.0,0.0,0.0,0.0,0.0,0.0,0.0,0.0,0.0,0.0,0.0,0.0,0.0,0.0,0.0,0.0,0.0,0.0,0.0,0.0,0.0,0.0,0.0,0.0,0.0,0.0,0.0,0.0,0.0,0.0,0.0,0.0,0.0,0.0,0.0,0.0,0.0,0.0,0.0,0.0,0.0,0.0,0.0,32
0125_Tetrafluorohydrazine.xyz,258.7779579715121,85.32622992759113,62.257274756591734,57.34819906816333,22.873719726415978,10.26643236485414,0.0,0.0,0.0,0.0,0.0,0.0,0.0,0.0,0.0,0.0,0.0,0.0,0.0,0.0,0.0,0.0,0.0,0.0,0.0,0.0,0.0,0.0,0.0,0.0,0.0,0.0,0.0,0.0,0.0,0.0,0.0,0.0,0.0,0.0,0.0,0.0,0.0,0.0,0.0,0.0,0.0,0.0,0.0,0.0,0.0,0.0,0.0,0.0,0.0,0.0,38
0126_Trichloroacetyl_chloride.xyz,757.9370245999378,385.5475424909981,350.37535121409223,343.03595746360077,78.11146996206891,21.343379044587767,6.059724266865924,0.0,0.0,0.0,0.0,0.0,0.0,0.0,0.0,0.0,0.0,0.0,0.0,0.0,0.0,0.0,0.0,0.0,0.0,0.0,0.0,0.0,0.0,0.0,0.0,0.0,0.0,0.0,0.0,0.0,0.0,0.0,0.0,0.0,0.0,0.0,0.0,0.0,0.0,0.0,0.0,0.0,0.0,0.0,0.0,0.0,0.0,0.0,0.0,0.0,42
0127_Trichlorofluoromethane.xyz,682.4902338576806,350.0373128144823,350.0356230920806,85.63252224023978,12.578670891427931,0.0,0.0,0.0,0.0,0.0,0.0,0.0,0.0,0.0,0.0,0.0,0.0,0.0,0.0,0.0,0.0,0.0,0.0,0.0,0.0,0.0,0.0,0.0,0.0,0.0,0.0,0.0,0.0,0.0,0.0,0.0,0.0,0.0,0.0,0.0,0.0,0.0,0.0,0.0,0.0,0.0,0.0,0.0,0.0,0.0,0.0,0.0,0.0,0.0,0.0,0.0,32
0128_Z_difluorodiazene.xyz,189.7332049848791,68.31201433218345,35.780660238125044,7.957734752204574,0.0,0.0,0.0,0.0,0.0,0.0,0.0,0.0,0.0,0.0,0.0,0.0,0.0,0.0,0.0,0.0,0.0,0.0,0.0,0.0,0.0,0.0,0.0,0.0,0.0,0.0,0.0,0.0,0.0,0.0,0.0,0.0,0.0,0.0,0.0,0.0,0.0,0.0,0.0,0.0,0.0,0.0,0.0,0.0,0.0,0.0,0.0,0.0,0.0,0.0,0.0,0.0,24
0129_Cyanogen.xyz,117.68393722248553,49.94473745730286,11.980071176851526,0.8248793418681225,0.0,0.0,0.0,0.0,0.0,0.0,0.0,0.0,0.0,0.0,0.0,0.0,0.0,0.0,0.0,0.0,0.0,0.0,0.0,0.0,0.0,0.0,0.0,0.0,0.0,0.0,0.0,0.0,0.0,0.0,0.0,0.0,0.0,0.0,0.0,0.0,0.0,0.0,0.0,0.0,0.0,0.0,0.0,0.0,0.0,0.0,0.0,0.0,0.0,0.0,0.0,0.0,18
0130_2_Butynedinitirile.xyz,133.06396385116193,68.16674858428871,36.454176509197694,12.961272161886471,4.24976360667535,-0.7460891158501622,0.0,0.0,0.0,0.0,0.0,0.0,0.0,0.0,0.0,0.0,0.0,0.0,0.0,0.0,0.0,0.0,0.0,0.0,0.0,0.0,0.0,0.0,0.0,0.0,0.0,0.0,0.0,0.0,0.0,0.0,0.0,0.0,0.0,0.0,0.0,0.0,0.0,0.0,0.0,0.0,0.0,0.0,0.0,0.0,0.0,0.0,0.0,0.0,0.0,0.0,26
0131_Pentafluoromethylamine.xyz,282.9351462996748,91.50995479330786,67.3240663520827,59.89876049337304,53.11921021992852,18.722492117112786,4.372681093114413,0.0,0.0,0.0,0.0,0.0,0.0,0.0,0.0,0.0,0.0,0.0,0.0,0.0,0.0,0.0,0.0,0.0,0.0,0.0,0.0,0.0,0.0,0.0,0.0,0.0,0.0,0.0,0.0,0.0,0.0,0.0,0.0,0.0,0.0,0.0,0.0,0.0,0.0,0.0,0.0,0.0,0.0,0.0,0.0,0.0,0.0,0.0,0.0,0.0,44
0132_Pentafluoroguanidine.xyz,293.38273349558324,105.55401853603148,93.95848539609075,64.17226570516821,54.97951008649499,33.89115898392187,18.511792096687657,16.62010966085397,3.5296522074181236,0.0,0.0,0.0,0.0,0.0,0.0,0.0,0.0,0.0,0.0,0.0,0.0,0.0,0.0,0.0,0.0,0.0,0.0,0.0,0.0,0.0,0.0,0.0,0.0,0.0,0.0,0.0,0.0,0.0,0.0,0.0,0.0,0.0,0.0,0.0,0.0,0.0,0.0,0.0,0.0,0.0,0.0,0.0,0.0,0.0,0.0,0.0,54
0133_Hexadecafluoroheptane.xyz,523.82361146434,215.24641885634188,134.95694689108115,100.35639106265648,95.5376911176773,90.25624628841317,77.69133493153811,69.83794006217279,67.17426420696532,58.484331594283844,57.252186719451274,56.245462346851845,54.95386232901263,53.512947320436695,52.43394010269416,50.12093201920409,18.118424651660117,14.531681645700923,10.949686835060652,7.399582998117504,4.656025394232761,2.9023856852756325,2.0940379347017952,0.0,0.0,0.0,0.0,0.0,0.0,0.0,0.0,0.0,0.0,0.0,0.0,0.0,0.0,0.0,0.0,0.0,0.0,0.0,0.0,0.0,0.0,0.0,0.0,0.0,0.0,0.0,0.0,0.0,0.0,0.0,0.0,0.0,140
0134_Perfluoro_2_methylpent_2_ene.xyz,443.8311051902306,174.42602103764654,127.77036669687337,98.43805479118097,78.83313055846256,67.67231061448064,63.48703421407556,58.189500982737094,56.98771591500284,55.2004820162066,52.64325528336895,51.61800368792973,29.573058175136744,13.841143727429104,7.85059813762071,6.291877755468294,3.590826498893989,1.301342960227756,0.0,0.0,0.0,0.0,0.0,0.0,0.0,0.0,0.0,0.0,0.0,0.0,0.0,0.0,0.0,0.0,0.0,0.0,0.0,0.0,0.0,0.0,0.0,0.0,0.0,0.0,0.0,0.0,0.0,0.0,0.0,0.0,0.0,0.0,0.0,0.0,0.0,0.0,108
0135_Perfluoro_2_methyl_3_isopropylpent_2_ene.xyz,580.2852957669402,191.29305054752754,181.06145351540428,126.4004740033343,111.06163875051071,90.3995169467188,80.99719671979803,67.16065089524267,64.92676764905288,63.24414350781228,58.71286314756289,56.93101073959938,56.287657286908235,55.34711334463212,53.727061269883784,51.70222109564932,50.822343514649354,49.87487926241642,36.111049941720125,18.207339976707935,13.228120666239658,8.752410223143098,6.2311448670328025,6.107975998212962,3.768955479110127,3.3478631760592865,1.3285440725898967,0.0,0.0,0.0,0.0,0.0,0.0,0.0,0.0,0.0,0.0,0.0,0.0,0.0,0.0,0.0,0.0,0.0,0.0,0.0,0.0,0.0,0.0,0.0,0.0,0.0,0.0,0.0,0.0,0.0,162
0136_Undecafluorotrifluoromethylcyclohexane.xyz,512.9144448481443,164.33384628299376,137.96275734272197,107.4680958028361,90.46755952274275,75.21731400201737,68.75474849791382,65.79416027871231,62.09219861422125,58.13387308500286,55.583943368070635,54.04162364268181,52.04708384284084,50.12194960420322,23.18386110197925,15.057583483352218,12.65505083234748,7.233397274803817,4.864264717981837,3.944237885214369,1.5981389193509679,0.0,0.0,0.0,0.0,0.0,0.0,0.0,0.0,0.0,0.0,0.0,0.0,0.0,0.0,0.0,0.0,0.0,0.0,0.0,0.0,0.0,0.0,0.0,0.0,0.0,0.0,0.0,0.0,0.0,0.0,0.0,0.0,0.0,0.0,0.0,126
0137_Undecafluoropentafluorethylcyclohexane.xyz,549.73356760975,191.73460599130541,139.715739111418,109.09457944857667,107.93365214422866,78.5264127122123,77.3273796337676,69.77901196937886,65.91780258730961,61.309542127539714,59.859622756634536,57.30610376516836,55.1527951451174,53.0896741770827,50.995527186883116,49.994754367289396,23.388998593543523,15.775494571871182,12.614393457054558,10.663101094870777,5.773686471228248,4.873934597695229,3.2380869476379686,1.5959711897321238,0.0,0.0,0.0,0.0,0.0,0.0,0.0,0.0,0.0,0.0,0.0,0.0,0.0,0.0,0.0,0.0,0.0,0.0,0.0,0.0,0.0,0.0,0.0,0.0,0.0,0.0,0.0,0.0,0.0,0.0,0.0,0.0,144
0138_Decafluorocyclohexene.xyz,415.2306143406073,134.5118837758276,122.512570722855,85.22527309245065,75.79306212181027,69.71522104475613,60.61448045833275,59.161687548960195,55.925523528505074,52.64928534299327,26.256638258431302,15.117766604176968,13.32571475997092,5.074686219608466,4.439071176879367,0.9261497390709527,0.0,0.0,0.0,0.0,0.0,0.0,0.0,0.0,0.0,0.0,0.0,0.0,0.0,0.0,0.0,0.0,0.0,0.0,0.0,0.0,0.0,0.0,0.0,0.0,0.0,0.0,0.0,0.0,0.0,0.0,0.0,0.0,0.0,0.0,0.0,0.0,0.0,0.0,0.0,0.0,94
0139_cis_Perfluorobicyclo440decane.xyz,600.4901101203511,201.23028739094138,156.50217983569937,118.900574379498,106.230247597715,95.38130252412927,81.11333244812542,73.37261530716142,69.15801112542414,66.3608978227957,65.2266908182356,64.51975394449875,58.69446770978963,55.4899317545842,53.91960975903225,53.69504515808399,49.84202578119981,49.707180735847835,26.585655056170012,17.331291476767824,15.378818674785055,13.91437381654413,10.803805466078378,6.132988965249886,5.682711508700472,4.373876575530878,2.7602276554768843,1.3788341554676908,0.0,0.0,0.0,0.0,0.0,0.0,0.0,0.0,0.0,0.0,0.0,0.0,0.0,0.0,0.0,0.0,0.0,0.0,0.0,0.0,0.0,0.0,0.0,0.0,0.0,0.0,0.0,0.0,166
0140_trans_Perfluorobicyclo440decane.xyz,599.2911597376194,202.2569965521324,159.84639406566703,109.91307474224968,105.77357271178592,100.0372430927774,80.05786540204465,73.99171604794493,73.60954976552487,64.71509991278833,63.88582822384255,63.68389824642215,57.5035602976604,56.24370918837721,54.47539731398713,53.50445672445314,51.36492653774432,50.07810231214848,26.081890488166135,17.387668526028794,15.52421939765258,13.916308561238829,10.771679586839337,6.079178493545444,5.688133791535946,4.326091868127392,2.7258466914949224,1.4432792840842905,0.0,0.0,0.0,0.0,0.0,0.0,0.0,0.0,0.0,0.0,0.0,0.0,0.0,0.0,0.0,0.0,0.0,0.0,0.0,0.0,0.0,0.0,0.0,0.0,0.0,0.0,0.0,0.0,166
0141_Perfluorobicyclo440dec_16_ene.xyz,545.5826878133136,201.01547930589567,157.9205763184521,101.70590113372101,99.38364364270174,90.65558361213219,80.39092220821185,73.63973604029096,63.64929625772781,62.33226987638076,61.76005210831324,57.42319879734461,55.520159998418606,55.09132045370161,53.808524531274095,50.699449850362484,38.536794990658656,17.56963907998227,16.601433165625114,15.529548716134961,10.881756937044019,6.082383083105335,5.3215135948785965,4.580275552477999,2.672917123428794,0.7555838645694547,0.0,0.0,0.0,0.0,0.0,0.0,0.0,0.0,0.0,0.0,0.0,0.0,0.0,0.0,0.0,0.0,0.0,0.0,0.0,0.0,0.0,0.0,0.0,0.0,0.0,0.0,0.0,0.0,0.0,0.0,152
0142_cis_Perfluorobicyclo430nonane.xyz,560.6920184009127,180.23312362403368,147.8315745567205,119.02558073939117,95.0628562812026,86.70677409915969,77.53732272892738,69.25058444341084,67.29029840550952,64.71631900696823,61.64661929230512,57.43815612390344,54.4101670864461,53.31142195892914,53.136563110049586,49.12415433420382,27.299768628917796,16.747982207857586,14.865178834099414,12.348590766597159,9.492745171616443,5.244621910760273,4.390209747754827,2.7749784797835275,1.6749329172608451,0.0,0.0,0.0,0.0,0.0,0.0,0.0,0.0,0.0,0.0,0.0,0.0,0.0,0.0,0.0,0.0,0.0,0.0,0.0,0.0,0.0,0.0,0.0,0.0,0.0,0.0,0.0,0.0,0.0,0.0,0.0,148
0143_Tetrabromomethane.xyz,3703.9462892185065,2155.437916017745,2155.437813601708,2155.4326116576976,24.25482535085402,0.0,0.0,0.0,0.0,0.0,0.0,0.0,0.0,0.0,0.0,0.0,0.0,0.0,0.0,0.0,0.0,0.0,0.0,0.0,0.0,0.0,0.0,0.0,0.0,0.0,0.0,0.0,0.0,0.0,0.0,0.0,0.0,0.0,0.0,0.0,0.0,0.0,0.0,0.0,0.0,0.0,0.0,0.0,0.0,0.0,0.0,0.0,0.0,0.0,0.0,0.0,32
0144_112_Trichloro_122_trifluoroethane.xyz,696.1387174015997,385.73969703821916,346.8490714242882,124.23973471175837,79.16099880631043,58.81278667625944,15.78733431045453,5.970327234181812,0.0,0.0,0.0,0.0,0.0,0.0,0.0,0.0,0.0,0.0,0.0,0.0,0.0,0.0,0.0,0.0,0.0,0.0,0.0,0.0,0.0,0.0,0.0,0.0,0.0,0.0,0.0,0.0,0.0,0.0,0.0,0.0,0.0,0.0,0.0,0.0,0.0,0.0,0.0,0.0,0.0,0.0,0.0,0.0,0.0,0.0,0.0,0.0,50
0145_11122_Pentafluoro_2_bromoethane.xyz,2569.6260449516435,242.70648565405705,92.55070872476641,66.55384288425752,59.508929970299526,53.806669449643714,12.275975434554566,3.7658897607395314,0.0,0.0,0.0,0.0,0.0,0.0,0.0,0.0,0.0,0.0,0.0,0.0,0.0,0.0,0.0,0.0,0.0,0.0,0.0,0.0,0.0,0.0,0.0,0.0,0.0,0.0,0.0,0.0,0.0,0.0,0.0,0.0,0.0,0.0,0.0,0.0,0.0,0.0,0.0,0.0,0.0,0.0,0.0,0.0,0.0,0.0,0.0,0.0,50
0146_12_Dibromo_1122_tetrafluoroethane.xyz,2918.4648754650916,2205.401318829583,194.20267042407897,86.4965254504349,61.55597943024363,57.51671392558137,13.925633077100535,5.110568135753684,0.0,0.0,0.0,0.0,0.0,0.0,0.0,0.0,0.0,0.0,0.0,0.0,0.0,0.0,0.0,0.0,0.0,0.0,0.0,0.0,0.0,0.0,0.0,0.0,0.0,0.0,0.0,0.0,0.0,0.0,0.0,0.0,0.0,0.0,0.0,0.0,0.0,0.0,0.0,0.0,0.0,0.0,0.0,0.0,0.0,0.0,0.0,0.0,50
0147_12_Dibromo_1_chloro_122_trifluoroethane.xyz,2942.1267695892893,2201.5790905467693,443.7391461604304,150.50474017470071,73.11953378401775,59.66298501566426,17.028561901194482,6.1747437928032065,0.0,0.0,0.0,0.0,0.0,0.0,0.0,0.0,0.0,0.0,0.0,0.0,0.0,0.0,0.0,0.0,0.0,0.0,0.0,0.0,0.0,0.0,0.0,0.0,0.0,0.0,0.0,0.0,0.0,0.0,0.0,0.0,0.0,0.0,0.0,0.0,0.0,0.0,0.0,0.0,0.0,0.0,0.0,0.0,0.0,0.0,0.0,0.0,50
0148_12_Dichlorohexafluoropropane.xyz,636.0949764692882,385.02370631758356,181.184631467024,108.67775402300168,80.24539720953022,59.6948613043113,58.802886698166425,54.89463657674615,17.545048751746023,7.52166132905076,3.676125936782316,0.0,0.0,0.0,0.0,0.0,0.0,0.0,0.0,0.0,0.0,0.0,0.0,0.0,0.0,0.0,0.0,0.0,0.0,0.0,0.0,0.0,0.0,0.0,0.0,0.0,0.0,0.0,0.0,0.0,0.0,0.0,0.0,0.0,0.0,0.0,0.0,0.0,0.0,0.0,0.0,0.0,0.0,0.0,0.0,0.0,68
0149_Bromopentafluorobenzene.xyz,2566.116795489157,256.7898847264911,111.98968301674893,93.5344233126401,69.46784803575929,62.73401864893544,37.21599122828778,21.359286473815537,18.30812955355988,5.888746297074464,4.766925045683269,0.05523579951401819,0.0,0.0,0.0,0.0,0.0,0.0,0.0,0.0,0.0,0.0,0.0,0.0,0.0,0.0,0.0,0.0,0.0,0.0,0.0,0.0,0.0,0.0,0.0,0.0,0.0,0.0,0.0,0.0,0.0,0.0,0.0,0.0,0.0,0.0,0.0,0.0,0.0,0.0,0.0,0.0,0.0,0.0,0.0,0.0,66
0150_Methane.xyz,40.047616571826694,-0.06080960378918062,-0.06081078955173771,-0.06081251246037322,-1.0070784665994679,0.0,0.0,0.0,0.0,0.0,0.0,0.0,0.0,0.0,0.0,0.0,0.0,0.0,0.0,0.0,0.0,0.0,0.0,0.0,0.0,0.0,0.0,0.0,0.0,0.0,0.0,0.0,0.0,0.0,0.0,0.0,0.0,0.0,0.0,0.0,0.0,0.0,0.0,0.0,0.0,0.0,0.0,0.0,0.0,0.0,0.0,0.0,0.0,0.0,0.0,0.0,8
0151_Ethylene.xyz,66.14231998381638,11.086871822365646,0.037442949096189004,-0.12234764482951421,-0.403057570295953,-1.0250191413007876,0.0,0.0,0.0,0.0,0.0,0.0,0.0,0.0,0.0,0.0,0.0,0.0,0.0,0.0,0.0,0.0,0.0,0.0,0.0,0.0,0.0,0.0,0.0,0.0,0.0,0.0,0.0,0.0,0.0,0.0,0.0,0.0,0.0,0.0,0.0,0.0,0.0,0.0,0.0,0.0,0.0,0.0,0.0,0.0,0.0,0.0,0.0,0.0,0.0,0.0,12
0152_Ethane.xyz,63.70639016296494,14.898162601201603,0.004179025453314903,0.004177474941822407,-0.13651046759460803,-0.1365111146320492,-0.5900416646136466,-1.0336356188695026,0.0,0.0,0.0,0.0,0.0,0.0,0.0,0.0,0.0,0.0,0.0,0.0,0.0,0.0,0.0,0.0,0.0,0.0,0.0,0.0,0.0,0.0,0.0,0.0,0.0,0.0,0.0,0.0,0.0,0.0,0.0,0.0,0.0,0.0,0.0,0.0,0.0,0.0,0.0,0.0,0.0,0.0,0.0,0.0,0.0,0.0,0.0,0.0,14
0153_Propyne.xyz,84.55293502512548,24.920544517049553,4.844934021355432,-0.06518329184482763,-0.06518377339468293,-0.5847618833924999,-1.0289690166206449,0.0,0.0,0.0,0.0,0.0,0.0,0.0,0.0,0.0,0.0,0.0,0.0,0.0,0.0,0.0,0.0,0.0,0.0,0.0,0.0,0.0,0.0,0.0,0.0,0.0,0.0,0.0,0.0,0.0,0.0,0.0,0.0,0.0,0.0,0.0,0.0,0.0,0.0,0.0,0.0,0.0,0.0,0.0,0.0,0.0,0.0,0.0,0.0,0.0,16
0154_Allene.xyz,85.10312484015734,24.194776570991518,5.042011454401293,-0.039918590908096734,-0.03991859309944728,-0.6260665013497727,-1.059693581915014,0.0,0.0,0.0,0.0,0.0,0.0,0.0,0.0,0.0,0.0,0.0,0.0,0.0,0.0,0.0,0.0,0.0,0.0,0.0,0.0,0.0,0.0,0.0,0.0,0.0,0.0,0.0,0.0,0.0,0.0,0.0,0.0,0.0,0.0,0.0,0.0,0.0,0.0,0.0,0.0,0.0,0.0,0.0,0.0,0.0,0.0,0.0,0.0,0.0,16
0155_Cyclopropene.xyz,89.10117351319685,15.259059203807315,9.86554944209808,-0.04814347423025109,-0.18088158603833254,-0.7059790764354035,-0.7164624241204549,0.0,0.0,0.0,0.0,0.0,0.0,0.0,0.0,0.0,0.0,0.0,0.0,0.0,0.0,0.0,0.0,0.0,0.0,0.0,0.0,0.0,0.0,0.0,0.0,0.0,0.0,0.0,0.0,0.0,0.0,0.0,0.0,0.0,0.0,0.0,0.0,0.0,0.0,0.0,0.0,0.0,0.0,0.0,0.0,0.0,0.0,0.0,0.0,0.0,16
0156_Propene.xyz,83.49483054613178,24.07527607311172,8.201179544332401,0.01123204943598885,-0.06886612858036735,-0.1119433581267778,-0.25632436541283304,-0.7311594767273475,-1.0399092858867751,0.0,0.0,0.0,0.0,0.0,0.0,0.0,0.0,0.0,0.0,0.0,0.0,0.0,0.0,0.0,0.0,0.0,0.0,0.0,0.0,0.0,0.0,0.0,0.0,0.0,0.0,0.0,0.0,0.0,0.0,0.0,0.0,0.0,0.0,0.0,0.0,0.0,0.0,0.0,0.0,0.0,0.0,0.0,0.0,0.0,0.0,0.0,18
0157_Cyclopropane.xyz,87.4204677128946,14.14905530382937,14.148672546558446,0.09907473732497166,-0.123920188641151,-0.12392546512230854,-0.3173601870805243,-0.838871342464257,-0.838877519021328,0.0,0.0,0.0,0.0,0.0,0.0,0.0,0.0,0.0,0.0,0.0,0.0,0.0,0.0,0.0,0.0,0.0,0.0,0.0,0.0,0.0,0.0,0.0,0.0,0.0,0.0,0.0,0.0,0.0,0.0,0.0,0.0,0.0,0.0,0.0,0.0,0.0,0.0,0.0,0.0,0.0,0.0,0.0,0.0,0.0,0.0,0.0,18
0158_Propane.xyz,81.56957543427606,24.30906228116155,11.28186866276381,0.0698777733164719,-0.029627404118663107,-0.1058631667402456,-0.1298584842661545,-0.1422853865622068,-0.41181961844443393,-0.8048705408684866,-1.0317439522398872,0.0,0.0,0.0,0.0,0.0,0.0,0.0,0.0,0.0,0.0,0.0,0.0,0.0,0.0,0.0,0.0,0.0,0.0,0.0,0.0,0.0,0.0,0.0,0.0,0.0,0.0,0.0,0.0,0.0,0.0,0.0,0.0,0.0,0.0,0.0,0.0,0.0,0.0,0.0,0.0,0.0,0.0,0.0,0.0,0.0,20
0159_13_Butadiene.xyz,98.59868647544295,35.11273726865898,12.86875484718339,6.387025466471691,-0.026881303120204477,-0.05506249975996772,-0.21404879143953565,-0.39209184566452526,-0.7784530350306428,-1.0682457850383056,0.0,0.0,0.0,0.0,0.0,0.0,0.0,0.0,0.0,0.0,0.0,0.0,0.0,0.0,0.0,0.0,0.0,0.0,0.0,0.0,0.0,0.0,0.0,0.0,0.0,0.0,0.0,0.0,0.0,0.0,0.0,0.0,0.0,0.0,0.0,0.0,0.0,0.0,0.0,0.0,0.0,0.0,0.0,0.0,0.0,0.0,22
0160_But_2_yne.xyz,97.77265801892885,34.527421619357305,17.61016475436039,2.661222791303923,-0.053710904948565084,-0.053711080106725595,-0.07768338691865208,-0.07768404954447623,-0.8102700731573187,-1.0659868915710204,0.0,0.0,0.0,0.0,0.0,0.0,0.0,0.0,0.0,0.0,0.0,0.0,0.0,0.0,0.0,0.0,0.0,0.0,0.0,0.0,0.0,0.0,0.0,0.0,0.0,0.0,0.0,0.0,0.0,0.0,0.0,0.0,0.0,0.0,0.0,0.0,0.0,0.0,0.0,0.0,0.0,0.0,0.0,0.0,0.0,0.0,22
0161_Methylidenecyclopropane.xyz,103.20000641880762,28.72309038873274,14.621173542001001,6.2393537803749455,0.024267557222663858,-0.04404898745581238,-0.12131724613557436,-0.5183659918703195,-0.811506902545255,-0.8802317614282203,0.0,0.0,0.0,0.0,0.0,0.0,0.0,0.0,0.0,0.0,0.0,0.0,0.0,0.0,0.0,0.0,0.0,0.0,0.0,0.0,0.0,0.0,0.0,0.0,0.0,0.0,0.0,0.0,0.0,0.0,0.0,0.0,0.0,0.0,0.0,0.0,0.0,0.0,0.0,0.0,0.0,0.0,0.0,0.0,0.0,0.0,22
0162_Bicyclo110butane.xyz,107.53862983257251,22.10024298822951,13.30986909236775,9.784824450349564,0.010429087092848968,-0.10371330525113724,-0.15818594713577716,-0.5273630441722162,-0.6358609683383866,-0.8864513880109199,0.0,0.0,0.0,0.0,0.0,0.0,0.0,0.0,0.0,0.0,0.0,0.0,0.0,0.0,0.0,0.0,0.0,0.0,0.0,0.0,0.0,0.0,0.0,0.0,0.0,0.0,0.0,0.0,0.0,0.0,0.0,0.0,0.0,0.0,0.0,0.0,0.0,0.0,0.0,0.0,0.0,0.0,0.0,0.0,0.0,0.0,22
0163_Cyclobutene.xyz,105.04671058236767,21.774987065658543,19.78331064890627,6.1543127358771805,0.011812404307920785,-0.1372005774167951,-0.14140796897256386,-0.5161222718877991,-0.5322719924085446,-1.0117098287280781,0.0,0.0,0.0,0.0,0.0,0.0,0.0,0.0,0.0,0.0,0.0,0.0,0.0,0.0,0.0,0.0,0.0,0.0,0.0,0.0,0.0,0.0,0.0,0.0,0.0,0.0,0.0,0.0,0.0,0.0,0.0,0.0,0.0,0.0,0.0,0.0,0.0,0.0,0.0,0.0,0.0,0.0,0.0,0.0,0.0,0.0,22
0164_Cyclobutane.xyz,103.12399227871722,21.379818221936098,21.379818219264564,8.313625184403632,0.11048514200577653,-0.10468044346501466,-0.10468044553784814,-0.15543169315083602,-0.24668818826165806,-0.6226304746924743,-0.6226304752911782,-1.018576528224563,0.0,0.0,0.0,0.0,0.0,0.0,0.0,0.0,0.0,0.0,0.0,0.0,0.0,0.0,0.0,0.0,0.0,0.0,0.0,0.0,0.0,0.0,0.0,0.0,0.0,0.0,0.0,0.0,0.0,0.0,0.0,0.0,0.0,0.0,0.0,0.0,0.0,0.0,0.0,0.0,0.0,0.0,0.0,0.0,24
0165_2_Methylprop_1_ene.xyz,99.77333984827095,24.31082690075572,23.776890722096642,6.443592967789832,0.0028283863856145425,-0.0065733639678675765,-0.04054110921727228,-0.13162498993892596,-0.15697711461721442,-0.7034620238812767,-0.8032630588489875,-1.0326163671234965,0.0,0.0,0.0,0.0,0.0,0.0,0.0,0.0,0.0,0.0,0.0,0.0,0.0,0.0,0.0,0.0,0.0,0.0,0.0,0.0,0.0,0.0,0.0,0.0,0.0,0.0,0.0,0.0,0.0,0.0,0.0,0.0,0.0,0.0,0.0,0.0,0.0,0.0,0.0,0.0,0.0,0.0,0.0,0.0,24
0166_Butane.xyz,95.49504109114731,34.039483381756654,16.15416095126178,10.035836218860332,0.1149206623173731,-0.06192953630684513,-0.07542890325737675,-0.08112724730146388,-0.14222262605960764,-0.16371302886970215,-0.36318058635608574,-0.6056409580262281,-0.8800176861902852,-1.033760935272145,0.0,0.0,0.0,0.0,0.0,0.0,0.0,0.0,0.0,0.0,0.0,0.0,0.0,0.0,0.0,0.0,0.0,0.0,0.0,0.0,0.0,0.0,0.0,0.0,0.0,0.0,0.0,0.0,0.0,0.0,0.0,0.0,0.0,0.0,0.0,0.0,0.0,0.0,0.0,0.0,0.0,0.0,26
0167_2_Methylpropane.xyz,98.17306863070056,24.186136195285187,24.184364299122752,9.180291419492754,0.07236371163036524,-0.028544073611528525,-0.028644746043050624,-0.12867084355267025,-0.1286856788186858,-0.15501856889246593,-0.26408786332222334,-0.8058695102204113,-0.8059007859847872,-1.0183813880820178,0.0,0.0,0.0,0.0,0.0,0.0,0.0,0.0,0.0,0.0,0.0,0.0,0.0,0.0,0.0,0.0,0.0,0.0,0.0,0.0,0.0,0.0,0.0,0.0,0.0,0.0,0.0,0.0,0.0,0.0,0.0,0.0,0.0,0.0,0.0,0.0,0.0,0.0,0.0,0.0,0.0,0.0,26
0168_Spiro22pentane.xyz,119.10513937818374,35.517805346095706,14.469069304139104,14.469069262650757,7.72273230427022,0.018455833754069225,0.018455831194771483,-0.10151185754321752,-0.14270158122988832,-0.4983524464974185,-0.6456965004118396,-0.8209694345731925,-0.8209694429030739,0.0,0.0,0.0,0.0,0.0,0.0,0.0,0.0,0.0,0.0,0.0,0.0,0.0,0.0,0.0,0.0,0.0,0.0,0.0,0.0,0.0,0.0,0.0,0.0,0.0,0.0,0.0,0.0,0.0,0.0,0.0,0.0,0.0,0.0,0.0,0.0,0.0,0.0,0.0,0.0,0.0,0.0,0.0,28
0169_Benzene.xyz,133.22215708654332,35.57306474120729,35.57260360137823,9.700531439926063,9.700395396707847,3.256423089203545,-0.02085655390214556,-0.24321087157288282,-0.24321255076582135,-0.5954736548527201,-0.5954824638257421,-1.1783080634913554,0.0,0.0,0.0,0.0,0.0,0.0,0.0,0.0,0.0,0.0,0.0,0.0,0.0,0.0,0.0,0.0,0.0,0.0,0.0,0.0,0.0,0.0,0.0,0.0,0.0,0.0,0.0,0.0,0.0,0.0,0.0,0.0,0.0,0.0,0.0,0.0,0.0,0.0,0.0,0.0,0.0,0.0,0.0,0.0,30
0170_Buta_12_diene.xyz,98.56836270427567,34.09422909357276,16.108205396850042,4.0557963406958475,-0.03528424495227062,-0.06468234012355527,-0.0725277884719294,-0.3729670930607588,-0.7737277442353064,-1.0749835268467294,0.0,0.0,0.0,0.0,0.0,0.0,0.0,0.0,0.0,0.0,0.0,0.0,0.0,0.0,0.0,0.0,0.0,0.0,0.0,0.0,0.0,0.0,0.0,0.0,0.0,0.0,0.0,0.0,0.0,0.0,0.0,0.0,0.0,0.0,0.0,0.0,0.0,0.0,0.0,0.0,0.0,0.0,0.0,0.0,0.0,0.0,22
0171_2_Methylbuta_13_diene.xyz,113.4866101956355,36.66784178778882,24.079722906554977,12.316271254638083,4.907499411368092,0.01005236426528879,-0.032906115583962545,-0.06799327021950344,-0.1409787776130483,-0.3302434238105578,-0.7210256641898531,-0.8151918348695412,-1.0691328368346715,0.0,0.0,0.0,0.0,0.0,0.0,0.0,0.0,0.0,0.0,0.0,0.0,0.0,0.0,0.0,0.0,0.0,0.0,0.0,0.0,0.0,0.0,0.0,0.0,0.0,0.0,0.0,0.0,0.0,0.0,0.0,0.0,0.0,0.0,0.0,0.0,0.0,0.0,0.0,0.0,0.0,0.0,0.0,28
0172_Cyclopentane.xyz,116.72296959230016,28.647381156849736,28.625748181994027,9.464450006670022,9.255861369532914,0.129228906007405,-0.07782697879743267,-0.08033805693790991,-0.12489892466290295,-0.18530457977128045,-0.210967186845238,-0.5167899083905172,-0.5182249344154977,-0.9202308874664219,-0.9205317589373118,0.0,0.0,0.0,0.0,0.0,0.0,0.0,0.0,0.0,0.0,0.0,0.0,0.0,0.0,0.0,0.0,0.0,0.0,0.0,0.0,0.0,0.0,0.0,0.0,0.0,0.0,0.0,0.0,0.0,0.0,0.0,0.0,0.0,0.0,0.0,0.0,0.0,0.0,0.0,0.0,0.0,30
0173_Pentane.xyz,106.8929215655989,42.89728273250485,22.235521848018486,12.68083216409922,9.578740000273548,0.14803275451773185,-0.043935192347755225,-0.06723255496655646,-0.07069223253647697,-0.11585443730719026,-0.1598785856045184,-0.17044254749368457,-0.32720501702464183,-0.5280503744632832,-0.6991231225081044,-0.9282771082362111,-1.032113895394585,0.0,0.0,0.0,0.0,0.0,0.0,0.0,0.0,0.0,0.0,0.0,0.0,0.0,0.0,0.0,0.0,0.0,0.0,0.0,0.0,0.0,0.0,0.0,0.0,0.0,0.0,0.0,0.0,0.0,0.0,0.0,0.0,0.0,0.0,0.0,0.0,0.0,0.0,0.0,32
0174_22_Dimethylpropane.xyz,114.20125046480592,24.096205857051427,24.092883632769972,24.09234745816644,7.815654323883393,0.03354988181464028,0.03351591204371536,0.03350054302076382,-0.1118273789926015,-0.11194129669398248,-0.1553537536588769,-0.15535383504440536,-0.15540114131858476,-0.8072990073784678,-0.8073477573041196,-0.8073613628278887,-0.996496543207607,0.0,0.0,0.0,0.0,0.0,0.0,0.0,0.0,0.0,0.0,0.0,0.0,0.0,0.0,0.0,0.0,0.0,0.0,0.0,0.0,0.0,0.0,0.0,0.0,0.0,0.0,0.0,0.0,0.0,0.0,0.0,0.0,0.0,0.0,0.0,0.0,0.0,0.0,0.0,32
0175_Cyclohexa_13_diene.xyz,131.08504996181517,36.39257038135895,34.80401612109721,12.087985673138963,9.787636035084459,4.2193807478563645,-0.014695174314412814,-0.04316760808769296,-0.14145100394449017,-0.2542556077959205,-0.36386689069000955,-0.6421605724569104,-0.6766992924223942,-1.0917115740836718,0.0,0.0,0.0,0.0,0.0,0.0,0.0,0.0,0.0,0.0,0.0,0.0,0.0,0.0,0.0,0.0,0.0,0.0,0.0,0.0,0.0,0.0,0.0,0.0,0.0,0.0,0.0,0.0,0.0,0.0,0.0,0.0,0.0,0.0,0.0,0.0,0.0,0.0,0.0,0.0,0.0,0.0,32
0176_Cyclohexa_14_diene.xyz,130.76070715219043,37.565875758683234,34.36082640961557,12.628725101790826,8.834956281452754,4.1935932389992585,-0.05239644701591535,-0.05889648160913042,-0.09167837881401078,-0.2227680447929905,-0.37267086950067135,-0.6345904463668612,-0.6684257702579248,-1.0946263078189287,0.0,0.0,0.0,0.0,0.0,0.0,0.0,0.0,0.0,0.0,0.0,0.0,0.0,0.0,0.0,0.0,0.0,0.0,0.0,0.0,0.0,0.0,0.0,0.0,0.0,0.0,0.0,0.0,0.0,0.0,0.0,0.0,0.0,0.0,0.0,0.0,0.0,0.0,0.0,0.0,0.0,0.0,32
0177_Cyclohexane.xyz,128.59125643711928,35.24725399597084,35.24488124112191,12.343966582593971,12.34364747045908,7.502691549438259,0.09097676742873231,-0.06587860067763564,-0.08535610968688516,-0.08544144344022761,-0.13830107346425063,-0.13832147515837498,-0.2002446278765657,-0.4621046480792302,-0.46214390287464363,-0.7660060189047118,-0.7660152006260743,-1.046229746787871,0.0,0.0,0.0,0.0,0.0,0.0,0.0,0.0,0.0,0.0,0.0,0.0,0.0,0.0,0.0,0.0,0.0,0.0,0.0,0.0,0.0,0.0,0.0,0.0,0.0,0.0,0.0,0.0,0.0,0.0,0.0,0.0,0.0,0.0,0.0,0.0,0.0,0.0,36
0178_Hexane.xyz,116.50693575077256,50.87550228101527,28.361518392627175,16.61003607532349,11.121552874173817,9.371252888039837,0.17248173438106293,-0.0049625845118356614,-0.06873412015412517,-0.06912698525541584,-0.1158061467289882,-0.1166193837580318,-0.17058379415895136,-0.17649985226617104,-0.30180569652256395,-0.4826284126991469,-0.6063307843035318,-0.7713279347915801,-0.9537153680558076,-1.0325077365714386,0.0,0.0,0.0,0.0,0.0,0.0,0.0,0.0,0.0,0.0,0.0,0.0,0.0,0.0,0.0,0.0,0.0,0.0,0.0,0.0,0.0,0.0,0.0,0.0,0.0,0.0,0.0,0.0,0.0,0.0,0.0,0.0,0.0,0.0,0.0,0.0,38
0179_2_Ethylbutane.xyz,121.67410914211527,42.82951635649429,28.62077722789815,19.30025911658995,12.596959975587009,7.837842098276277,0.091043413330463,0.020525812659435136,-0.04233174588544659,-0.06221290390194813,-0.08650398360120211,-0.14419462596513505,-0.1508808151918052,-0.18337807255166583,-0.2548616018800949,-0.5330065385040944,-0.5616451348995137,-0.8341416550612478,-0.9299226415374016,-1.0393222274155807,0.0,0.0,0.0,0.0,0.0,0.0,0.0,0.0,0.0,0.0,0.0,0.0,0.0,0.0,0.0,0.0,0.0,0.0,0.0,0.0,0.0,0.0,0.0,0.0,0.0,0.0,0.0,0.0,0.0,0.0,0.0,0.0,0.0,0.0,0.0,0.0,38
0180_Toluene.xyz,143.74259120882547,44.090732446946866,35.48417783507997,21.380492620876993,9.6607984858881,8.266061793876867,2.9118424913105945,-0.06034357636053236,-0.06685930353038619,-0.09893752037294651,-0.25644520944957144,-0.45497621085400836,-0.5960708550856886,-0.8312922436622658,-1.165035567507849,0.0,0.0,0.0,0.0,0.0,0.0,0.0,0.0,0.0,0.0,0.0,0.0,0.0,0.0,0.0,0.0,0.0,0.0,0.0,0.0,0.0,0.0,0.0,0.0,0.0,0.0,0.0,0.0,0.0,0.0,0.0,0.0,0.0,0.0,0.0,0.0,0.0,0.0,0.0,0.0,0.0,36
0181_Heptane.xyz,124.81561949822009,58.04430229834533,34.25840684531242,20.93767547755463,13.807537140508957,10.265160126009716,9.27958750994657,0.19106112799771305,0.028632524672687395,-0.06774200149447154,-0.07014393777806915,-0.08618586779702295,-0.11717425177298936,-0.14108891311530747,-0.17525545015415295,-0.18192967898906462,-0.28294694586028685,-0.4485382149590292,-0.5556987473706935,-0.6690504557608727,-0.8208327454902876,-0.9731841830203026,-1.0314747590239575,0.0,0.0,0.0,0.0,0.0,0.0,0.0,0.0,0.0,0.0,0.0,0.0,0.0,0.0,0.0,0.0,0.0,0.0,0.0,0.0,0.0,0.0,0.0,0.0,0.0,0.0,0.0,0.0,0.0,0.0,0.0,0.0,0.0,44
0182_1Z3Z5E7Ecycloocta1357tetraene.xyz,152.2752552560235,47.508639321122764,47.5086105958335,22.270786484646717,16.638261386438185,6.607334413988456,6.607327352733482,3.1243778212302256,-0.002248996217184938,-0.17399291334097994,-0.1739930546876834,-0.31492840139824907,-0.43274634563087694,-0.7186530463035785,-0.7186535925753242,-1.1405346864554646,0.0,0.0,0.0,0.0,0.0,0.0,0.0,0.0,0.0,0.0,0.0,0.0,0.0,0.0,0.0,0.0,0.0,0.0,0.0,0.0,0.0,0.0,0.0,0.0,0.0,0.0,0.0,0.0,0.0,0.0,0.0,0.0,0.0,0.0,0.0,0.0,0.0,0.0,0.0,0.0,40
0183_Octane.xyz,132.12585497612625,64.52861381603773,39.80732726913681,25.35838147685643,16.984993498100025,12.128596334696914,9.799661174329506,9.236448997226141,0.2055440626857715,0.0576887019830154,-0.060216980775360765,-0.06839088245504484,-0.06951659870750931,-0.10641393296595647,-0.13875182624560783,-0.1438442080014069,-0.1825222135382864,-0.18330960978319516,-0.2682842360860414,-0.4211678861922173,-0.5206716194776111,-0.6102474430329321,-0.7181135259175024,-0.8606269635752947,-0.9846138467538108,-1.0315769382633162,0.0,0.0,0.0,0.0,0.0,0.0,0.0,0.0,0.0,0.0,0.0,0.0,0.0,0.0,0.0,0.0,0.0,0.0,0.0,0.0,0.0,0.0,0.0,0.0,0.0,0.0,0.0,0.0,0.0,0.0,50
0184_Naphthalene.xyz,177.28043867363994,63.052784851451,43.29424724025392,30.90742311162123,26.60416415512206,11.755424542943008,9.344139737784106,7.6111047427346605,5.006825139072924,1.8662529664779326,-0.08859739793929443,-0.15486010300648384,-0.32762886635852767,-0.3413509892179247,-0.521018554038314,-0.595191822769211,-0.8667140165088633,-1.246391417002844,0.0,0.0,0.0,0.0,0.0,0.0,0.0,0.0,0.0,0.0,0.0,0.0,0.0,0.0,0.0,0.0,0.0,0.0,0.0,0.0,0.0,0.0,0.0,0.0,0.0,0.0,0.0,0.0,0.0,0.0,0.0,0.0,0.0,0.0,0.0,0.0,0.0,0.0,48
0185_Azulene.xyz,175.8784233763547,63.09109600095596,46.2113069203556,29.79358267511247,24.263566719953356,13.664854948800011,11.343636636154566,5.833739858085966,3.762834442650078,2.7358081196487256,-0.06891472787840514,-0.19708613702717784,-0.2527100565815094,-0.4030224832486192,-0.4698480965678975,-0.8014449262758973,-0.8016253816808413,-1.0031458945517295,0.0,0.0,0.0,0.0,0.0,0.0,0.0,0.0,0.0,0.0,0.0,0.0,0.0,0.0,0.0,0.0,0.0,0.0,0.0,0.0,0.0,0.0,0.0,0.0,0.0,0.0,0.0,0.0,0.0,0.0,0.0,0.0,0.0,0.0,0.0,0.0,0.0,0.0,48
0186_Methylene.xyz,38.500920607390604,-0.002649033289394903,-0.6401663746752625,0.0,0.0,0.0,0.0,0.0,0.0,0.0,0.0,0.0,0.0,0.0,0.0,0.0,0.0,0.0,0.0,0.0,0.0,0.0,0.0,0.0,0.0,0.0,0.0,0.0,0.0,0.0,0.0,0.0,0.0,0.0,0.0,0.0,0.0,0.0,0.0,0.0,0.0,0.0,0.0,0.0,0.0,0.0,0.0,0.0,0.0,0.0,0.0,0.0,0.0,0.0,0.0,0.0,6
0187_1234_Tetramethylbenzene.xyz,174.36166248110538,54.427823410205676,46.713071606189665,27.329906104594112,25.80583739609964,19.632381551437742,16.96817914096044,7.536486077019948,6.338329650967313,1.7388877169148402,0.024883816919094866,0.011597766210781225,-0.04671765829311639,-0.0573727468994068,-0.0920658888191433,-0.09932546625592097,-0.15306265936467628,-0.18086481887805073,-0.28684123443038007,-0.7122626057809536,-0.7803773536458489,-0.8581589271831889,-0.9020057677720281,-1.1389395970424776,0.0,0.0,0.0,0.0,0.0,0.0,0.0,0.0,0.0,0.0,0.0,0.0,0.0,0.0,0.0,0.0,0.0,0.0,0.0,0.0,0.0,0.0,0.0,0.0,0.0,0.0,0.0,0.0,0.0,0.0,0.0,0.0,54
0188_11_Dimethylcyclopentane.xyz,142.2833827371004,40.920599065574606,28.604551497905973,24.0742696328727,17.871191076939212,9.234341788693616,6.863840911519323,0.10149016480809803,0.01928075928424939,-0.001190803071083835,-0.09124164379116434,-0.1352067933879517,-0.14721414385336945,-0.15162373333946566,-0.19064540901227278,-0.3228590738398865,-0.519971855669613,-0.7273432106808886,-0.8085105767154221,-0.9219443115726799,-0.9484596837827591,0.0,0.0,0.0,0.0,0.0,0.0,0.0,0.0,0.0,0.0,0.0,0.0,0.0,0.0,0.0,0.0,0.0,0.0,0.0,0.0,0.0,0.0,0.0,0.0,0.0,0.0,0.0,0.0,0.0,0.0,0.0,0.0,0.0,0.0,0.0,42
0189_11_Dimethylcyclopropane.xyz,117.00163289543036,29.49403137396081,24.325158835448875,14.239346077926,7.753173319708244,0.05448495729997707,-0.010152877963903274,-0.04331980455957248,-0.1032810006893342,-0.14813830553261417,-0.15324706847225375,-0.5444024849037903,-0.8037333816478315,-0.8327648119904194,-0.9382617268848292,0.0,0.0,0.0,0.0,0.0,0.0,0.0,0.0,0.0,0.0,0.0,0.0,0.0,0.0,0.0,0.0,0.0,0.0,0.0,0.0,0.0,0.0,0.0,0.0,0.0,0.0,0.0,0.0,0.0,0.0,0.0,0.0,0.0,0.0,0.0,0.0,0.0,0.0,0.0,0.0,0.0,30
0190_123456_Hexamethylbenzene.xyz,193.19540318881985,57.157738165212216,57.15584590105518,28.74089898453168,28.7390658670067,24.791770785117137,23.1514204838424,16.060529786654403,16.060076061466063,5.728082177970374,5.728044872298983,1.1026504044546215,0.03019353421436727,0.027230791542594734,-0.02735287574049275,-0.027519034074103572,-0.04800466685304377,-0.048242407839867704,-0.10697119425817932,-0.10717396773410945,-0.1336571713013422,-0.151154020804546,-0.15132304412752773,-0.20837033825751053,-0.7584374009922334,-0.8229499790817377,-0.822996261393511,-0.9174245473158896,-0.9174513331286552,-1.122660368172435,0.0,0.0,0.0,0.0,0.0,0.0,0.0,0.0,0.0,0.0,0.0,0.0,0.0,0.0,0.0,0.0,0.0,0.0,0.0,0.0,0.0,0.0,0.0,0.0,0.0,0.0,66
0191_123_Trimethylbenzene.xyz,164.86001131930908,48.64561096709894,45.80754656615178,26.10075054835367,20.44059063831178,19.48483013611842,7.646606497742693,7.382509826851105,2.051783961932127,0.019443654861264502,-0.008273449623050232,-0.061653517130210334,-0.07421450691472155,-0.15132495732887055,-0.1535079952105595,-0.19966334882542194,-0.44743585155775983,-0.7678314827901899,-0.8309469880733232,-0.8744117732558849,-1.147473451187331,0.0,0.0,0.0,0.0,0.0,0.0,0.0,0.0,0.0,0.0,0.0,0.0,0.0,0.0,0.0,0.0,0.0,0.0,0.0,0.0,0.0,0.0,0.0,0.0,0.0,0.0,0.0,0.0,0.0,0.0,0.0,0.0,0.0,0.0,0.0,48
0192_123_Trimethylcyclopent_1_ene.xyz,152.49720784729232,44.61203336648943,38.277864533474926,25.912214776834002,17.757796708068103,16.01378465929274,8.065771480677453,3.5853009976030754,0.06738412408923246,0.015351388091107443,-0.04397037976287494,-0.06348716304743972,-0.08645132566293325,-0.11389995974054816,-0.15963527519008094,-0.16912756900140172,-0.2778348287446038,-0.5084653737110264,-0.7903953714687901,-0.7978227062474255,-0.9322886708658376,-0.9964896630620237,0.0,0.0,0.0,0.0,0.0,0.0,0.0,0.0,0.0,0.0,0.0,0.0,0.0,0.0,0.0,0.0,0.0,0.0,0.0,0.0,0.0,0.0,0.0,0.0,0.0,0.0,0.0,0.0,0.0,0.0,0.0,0.0,0.0,0.0,46
0193_124_Trimethylbenzene.xyz,163.76675857022224,53.23048019616169,41.44662329345572,27.398894813054067,21.9908509169291,17.133015434449288,8.745305820527713,6.538011944413742,2.234501279595594,0.005533104314714335,-0.032421923516914704,-0.062172483515208536,-0.06885953378069137,-0.11718184108624737,-0.14228318251339525,-0.28252234957279054,-0.48910309360186177,-0.7167446184043973,-0.8172062968940279,-0.8924133528558182,-1.1461199025490787,0.0,0.0,0.0,0.0,0.0,0.0,0.0,0.0,0.0,0.0,0.0,0.0,0.0,0.0,0.0,0.0,0.0,0.0,0.0,0.0,0.0,0.0,0.0,0.0,0.0,0.0,0.0,0.0,0.0,0.0,0.0,0.0,0.0,0.0,0.0,48
0194_112_Trimethylcyclopentane.xyz,154.1475083855143,41.1783706646425,36.78160787813551,24.90644896359287,20.4880497123702,15.920093215586377,8.888661039438759,6.091869324318642,0.08223480011423381,0.03586246175479822,0.009632546755411135,-0.07048067875023037,-0.10068090016874823,-0.12794362005938376,-0.144240326031271,-0.16388791760190863,-0.18408634483236913,-0.2719827403267824,-0.42041720283210715,-0.6480196475363291,-0.8068641118148658,-0.8273160826632183,-0.9254710241942196,-0.9741068000045674,0.0,0.0,0.0,0.0,0.0,0.0,0.0,0.0,0.0,0.0,0.0,0.0,0.0,0.0,0.0,0.0,0.0,0.0,0.0,0.0,0.0,0.0,0.0,0.0,0.0,0.0,0.0,0.0,0.0,0.0,0.0,0.0,48
0195_113_Trimethylcyclopentane.xyz,152.119541292637,48.18901247129107,31.384135192316197,24.086679460530124,21.956597849609853,15.799391402959118,8.015245247666012,6.86007525726104,0.09240864199082256,0.020500185022894517,-0.00958583282864252,-0.06791517336042659,-0.08049591798042151,-0.11183262934533529,-0.14125365756246855,-0.15696423600078188,-0.1778585379070072,-0.26837010530646976,-0.4846223932902767,-0.6693840036503228,-0.7872272862456884,-0.8087468223472005,-0.9469668730538033,-0.9475219369976648,0.0,0.0,0.0,0.0,0.0,0.0,0.0,0.0,0.0,0.0,0.0,0.0,0.0,0.0,0.0,0.0,0.0,0.0,0.0,0.0,0.0,0.0,0.0,0.0,0.0,0.0,0.0,0.0,0.0,0.0,0.0,0.0,48
0196_11_Biphenyl.xyz,188.48904419646186,82.2757757455172,41.3745083010548,37.79057624909926,33.34693647608395,25.871189855663083,11.363967376681945,10.108995693829288,9.101956682182808,7.101029630178132,3.6363021438208,1.9124267938821151,-0.04802944391420694,-0.14077640375894365,-0.20758382856082752,-0.28320778549645786,-0.4053802511316549,-0.5296884232115984,-0.5903336753138401,-0.6077957297395774,-1.0379213603919877,-1.2247298498248496,0.0,0.0,0.0,0.0,0.0,0.0,0.0,0.0,0.0,0.0,0.0,0.0,0.0,0.0,0.0,0.0,0.0,0.0,0.0,0.0,0.0,0.0,0.0,0.0,0.0,0.0,0.0,0.0,0.0,0.0,0.0,0.0,0.0,0.0,58
0197_12_Dimethylcyclopent_1_ene.xyz,141.70066392191876,39.061670773266215,36.753117947921005,20.34012511625926,17.532590987407357,9.05807786073974,3.7380003781871425,0.08111002912689919,0.005748254082751321,-0.048643425479667074,-0.07519203900568341,-0.13289061729917592,-0.1551995253759091,-0.1699452375848941,-0.35230039962561716,-0.6438271196099048,-0.7980162601925616,-0.9009762506402061,-0.9873779981138576,0.0,0.0,0.0,0.0,0.0,0.0,0.0,0.0,0.0,0.0,0.0,0.0,0.0,0.0,0.0,0.0,0.0,0.0,0.0,0.0,0.0,0.0,0.0,0.0,0.0,0.0,0.0,0.0,0.0,0.0,0.0,0.0,0.0,0.0,0.0,0.0,0.0,40
0198_11_Diethylcyclopentane.xyz,161.44434661754627,48.804841071975204,40.887818949382016,28.546991314172146,24.6814418608521,13.801330955142218,13.437918645586368,9.374020638307881,5.995666047400469,0.101331110839221,0.047144470884275994,-0.002402558022659831,-0.04724163305381626,-0.08801663233419585,-0.11266733503782882,-0.13578626232499477,-0.15121017872446973,-0.1652395347039538,-0.1855016419336037,-0.3253107861000894,-0.5143852388774286,-0.5286462098955287,-0.5316531580068291,-0.7576928367935741,-0.9226893835959005,-0.9256739533750892,-1.0057875444747497,0.0,0.0,0.0,0.0,0.0,0.0,0.0,0.0,0.0,0.0,0.0,0.0,0.0,0.0,0.0,0.0,0.0,0.0,0.0,0.0,0.0,0.0,0.0,0.0,0.0,0.0,0.0,0.0,0.0,54
0199_12_Hexadiene.xyz,120.61813034381734,49.37961765827338,28.44105716088851,17.315146440659625,10.185375417809869,4.004211758957066,0.011781568084420928,-0.028571814250601037,-0.05724124427469257,-0.10958802719210078,-0.13923496792561166,-0.3124082275602447,-0.47008715585579486,-0.7025325891523208,-0.9199491663494364,-1.067075959373709,0.0,0.0,0.0,0.0,0.0,0.0,0.0,0.0,0.0,0.0,0.0,0.0,0.0,0.0,0.0,0.0,0.0,0.0,0.0,0.0,0.0,0.0,0.0,0.0,0.0,0.0,0.0,0.0,0.0,0.0,0.0,0.0,0.0,0.0,0.0,0.0,0.0,0.0,0.0,0.0,34
0200_11_Dimethylallene.xyz,112.80168356924172,36.77527367037176,24.43774498914568,14.111601677071693,3.1236803193568465,0.0021047619827782977,-0.04035706191366547,-0.04892894191871909,-0.10216744781033876,-0.12882014982724627,-0.7636528862126647,-0.8054799529254543,-1.0721565494325873,0.0,0.0,0.0,0.0,0.0,0.0,0.0,0.0,0.0,0.0,0.0,0.0,0.0,0.0,0.0,0.0,0.0,0.0,0.0,0.0,0.0,0.0,0.0,0.0,0.0,0.0,0.0,0.0,0.0,0.0,0.0,0.0,0.0,0.0,0.0,0.0,0.0,0.0,0.0,0.0,0.0,0.0,0.0,28
0201_135_Hexatriyne.xyz,120.86990147668058,55.62102580110645,30.795926119639574,11.947046468652397,4.640280738160404,0.3205708884868516,-0.7054322864844519,-1.3406880096861484,0.0,0.0,0.0,0.0,0.0,0.0,0.0,0.0,0.0,0.0,0.0,0.0,0.0,0.0,0.0,0.0,0.0,0.0,0.0,0.0,0.0,0.0,0.0,0.0,0.0,0.0,0.0,0.0,0.0,0.0,0.0,0.0,0.0,0.0,0.0,0.0,0.0,0.0,0.0,0.0,0.0,0.0,0.0,0.0,0.0,0.0,0.0,0.0,26
0202_1234_Tetrahydronaphthalene.xyz,175.27935799374632,61.90768381824528,42.41627800563942,31.608945723184817,26.224326774896344,13.496833933613674,10.755785454203421,8.673868012608981,6.836533829652467,2.310801454902456,0.042022633556804204,-0.07989250004169414,-0.09600394234039447,-0.1240486275943425,-0.14562592197271612,-0.3175939660625663,-0.34298729043611925,-0.5402680600510121,-0.5406226072491505,-0.728879131443476,-0.9043793934006195,-1.1510841993984346,0.0,0.0,0.0,0.0,0.0,0.0,0.0,0.0,0.0,0.0,0.0,0.0,0.0,0.0,0.0,0.0,0.0,0.0,0.0,0.0,0.0,0.0,0.0,0.0,0.0,0.0,0.0,0.0,0.0,0.0,0.0,0.0,0.0,0.0,52
0203_But_1_ene.xyz,97.1658774127895,34.20728742920803,15.33565627877462,7.620781646210866,0.037564144532924414,-0.06132859472703706,-0.07089012197455194,-0.14547279470975708,-0.24983872345273064,-0.5291833954774526,-0.8333279560848641,-1.0447045273857498,0.0,0.0,0.0,0.0,0.0,0.0,0.0,0.0,0.0,0.0,0.0,0.0,0.0,0.0,0.0,0.0,0.0,0.0,0.0,0.0,0.0,0.0,0.0,0.0,0.0,0.0,0.0,0.0,0.0,0.0,0.0,0.0,0.0,0.0,0.0,0.0,0.0,0.0,0.0,0.0,0.0,0.0,0.0,0.0,24
0204_Buta_13_diyne.xyz,100.08836386506657,37.296838354687296,10.811479300393286,1.8991769528397995,-0.5404334063456643,-1.12300426893753,0.0,0.0,0.0,0.0,0.0,0.0,0.0,0.0,0.0,0.0,0.0,0.0,0.0,0.0,0.0,0.0,0.0,0.0,0.0,0.0,0.0,0.0,0.0,0.0,0.0,0.0,0.0,0.0,0.0,0.0,0.0,0.0,0.0,0.0,0.0,0.0,0.0,0.0,0.0,0.0,0.0,0.0,0.0,0.0,0.0,0.0,0.0,0.0,0.0,0.0,18
0205_13_Cyclopentadiene.xyz,120.3918894457849,29.63853168432,26.739754376679834,7.215969932210168,5.864217778618491,-0.07050942206865037,-0.07660920732408938,-0.29426188591690483,-0.4093305154785119,-0.8522016194860047,-0.8569245702094275,0.0,0.0,0.0,0.0,0.0,0.0,0.0,0.0,0.0,0.0,0.0,0.0,0.0,0.0,0.0,0.0,0.0,0.0,0.0,0.0,0.0,0.0,0.0,0.0,0.0,0.0,0.0,0.0,0.0,0.0,0.0,0.0,0.0,0.0,0.0,0.0,0.0,0.0,0.0,0.0,0.0,0.0,0.0,0.0,0.0,26
0206_13_Dimethylcyclopent_1_ene.xyz,140.70382578442667,44.54377383479772,31.319105226774752,22.484229225735742,16.09945195802613,8.193946389899805,4.974760729996242,0.06279710024451216,-0.050385473201615426,-0.06317570489598145,-0.07591513182368818,-0.10159783078541547,-0.16082300007068237,-0.23994577433171263,-0.43252693348258936,-0.5823775963772582,-0.7882832292099357,-0.9300155114062362,-0.9501076683347977,0.0,0.0,0.0,0.0,0.0,0.0,0.0,0.0,0.0,0.0,0.0,0.0,0.0,0.0,0.0,0.0,0.0,0.0,0.0,0.0,0.0,0.0,0.0,0.0,0.0,0.0,0.0,0.0,0.0,0.0,0.0,0.0,0.0,0.0,0.0,0.0,0.0,40
0207_14_Dimethylbenzene.xyz,153.3652194084163,51.044400496539275,35.393068813379415,27.31352392462398,17.481404705417237,9.624147178389146,7.208070029996697,2.6101534688330963,-0.0449321653591081,-0.06331681463551014,-0.07172530135778897,-0.07841729676901377,-0.26712305959559923,-0.2845835327070659,-0.5965054764482074,-0.7456107663654293,-0.8695621925772069,-1.1533698243726969,0.0,0.0,0.0,0.0,0.0,0.0,0.0,0.0,0.0,0.0,0.0,0.0,0.0,0.0,0.0,0.0,0.0,0.0,0.0,0.0,0.0,0.0,0.0,0.0,0.0,0.0,0.0,0.0,0.0,0.0,0.0,0.0,0.0,0.0,0.0,0.0,0.0,0.0,42
0208_14_Dimethylcyclopent_1_ene.xyz,140.5470627905721,45.33434003832252,30.680544264630225,22.310795721860874,16.359320753220555,8.052912853017057,5.038128679260479,0.0611320765711375,-0.05722983364975042,-0.06318337423424612,-0.07581564245725436,-0.11272749960677873,-0.14021945243731027,-0.25130725354546657,-0.3853615453412731,-0.6720128335433424,-0.7386049847222993,-0.9363467707569442,-0.9446915911786589,0.0,0.0,0.0,0.0,0.0,0.0,0.0,0.0,0.0,0.0,0.0,0.0,0.0,0.0,0.0,0.0,0.0,0.0,0.0,0.0,0.0,0.0,0.0,0.0,0.0,0.0,0.0,0.0,0.0,0.0,0.0,0.0,0.0,0.0,0.0,0.0,0.0,40
0209_155_Trimethylcyclopent_1_ene.xyz,154.62582965956778,41.792028137118834,38.22516021258623,24.13306790225776,20.080193187552265,15.82490789059788,7.844094393898035,4.315842268441723,0.035523567545961955,0.010765637635112811,-0.02417807613257029,-0.05372237807499017,-0.10730376297340857,-0.13195222529454434,-0.1488570852241983,-0.1735382399609297,-0.3190794805363477,-0.5694384995703649,-0.7940865362154387,-0.8090511711318507,-0.9124095377049941,-0.9789542689743833,0.0,0.0,0.0,0.0,0.0,0.0,0.0,0.0,0.0,0.0,0.0,0.0,0.0,0.0,0.0,0.0,0.0,0.0,0.0,0.0,0.0,0.0,0.0,0.0,0.0,0.0,0.0,0.0,0.0,0.0,0.0,0.0,0.0,0.0,46
0210_15_Dimethylcyclopent_1_ene.xyz,141.7130778832897,38.2950169097536,37.94371281150881,20.191033160551378,16.978518814711332,8.500213001838604,4.679625617550218,0.0527264510200582,-0.02999693054951606,-0.059124894889224275,-0.09499776426094246,-0.11674466964109757,-0.15320106692557578,-0.26823672112199526,-0.3444562674777413,-0.5988743059269458,-0.7976932453241875,-0.9107520737883239,-0.9731103143364942,0.0,0.0,0.0,0.0,0.0,0.0,0.0,0.0,0.0,0.0,0.0,0.0,0.0,0.0,0.0,0.0,0.0,0.0,0.0,0.0,0.0,0.0,0.0,0.0,0.0,0.0,0.0,0.0,0.0,0.0,0.0,0.0,0.0,0.0,0.0,0.0,0.0,40
0211_1_Butylcyclopent_1_ene.xyz,156.07337586881795,61.999602166891634,35.84720520497678,28.760918449857876,23.311056686865538,16.079398991645153,9.7853374717836,8.900736738941287,4.682891839323707,0.07382767556902818,0.009255574880911763,-0.009506866622729223,-0.08958190019896804,-0.11030982818164622,-0.12340093838122175,-0.14814348976367095,-0.1715979276237619,-0.278820325925623,-0.36924908057748995,-0.44369853367548134,-0.5644061967403653,-0.7162899480018526,-0.854364476502088,-0.898500751385827,-1.0227896111394954,0.0,0.0,0.0,0.0,0.0,0.0,0.0,0.0,0.0,0.0,0.0,0.0,0.0,0.0,0.0,0.0,0.0,0.0,0.0,0.0,0.0,0.0,0.0,0.0,0.0,0.0,0.0,0.0,0.0,0.0,0.0,52
0212_But_1_yne.xyz,97.92196148478254,35.08363357961153,15.381182686320656,4.465929837606355,0.0029899410216262523,-0.06591994844230605,-0.13881648701129948,-0.46755774135428463,-0.7077499770137722,-1.0432325778172606,0.0,0.0,0.0,0.0,0.0,0.0,0.0,0.0,0.0,0.0,0.0,0.0,0.0,0.0,0.0,0.0,0.0,0.0,0.0,0.0,0.0,0.0,0.0,0.0,0.0,0.0,0.0,0.0,0.0,0.0,0.0,0.0,0.0,0.0,0.0,0.0,0.0,0.0,0.0,0.0,0.0,0.0,0.0,0.0,0.0,0.0,22
0213_1_Cyclopropylpropane.xyz,123.69205273691878,48.101592077640355,23.959980381084108,14.331537102562638,13.241219127405298,8.06226144468548,0.06966059131002061,0.00785262118723109,-0.06076087780327819,-0.11751323262728515,-0.1257219558704076,-0.14404024888587313,-0.22375768641172725,-0.4353977873954558,-0.5991709467804767,-0.7708727496928675,-0.8351848957963554,-1.0051045049744993,0.0,0.0,0.0,0.0,0.0,0.0,0.0,0.0,0.0,0.0,0.0,0.0,0.0,0.0,0.0,0.0,0.0,0.0,0.0,0.0,0.0,0.0,0.0,0.0,0.0,0.0,0.0,0.0,0.0,0.0,0.0,0.0,0.0,0.0,0.0,0.0,0.0,0.0,36
0214_1E_prop_1_en_1_ylbenzene.xyz,158.96835901048394,62.772692722745,35.961249638308715,34.68938453096377,20.277979110373625,10.335440434678484,9.470830669090013,6.125253808076297,2.6334233556969946,-0.05949562604763422,-0.06910389756653745,-0.09066344594997129,-0.2348144814226925,-0.2836793642737964,-0.4329193227718159,-0.5876159075621102,-0.623128266063,-0.9511672067152357,-1.1790789672104753,0.0,0.0,0.0,0.0,0.0,0.0,0.0,0.0,0.0,0.0,0.0,0.0,0.0,0.0,0.0,0.0,0.0,0.0,0.0,0.0,0.0,0.0,0.0,0.0,0.0,0.0,0.0,0.0,0.0,0.0,0.0,0.0,0.0,0.0,0.0,0.0,0.0,46
0215_1_Ethenyl_2_methylbenzene.xyz,163.3576748721353,54.07098183061705,43.50413539201249,29.401321150433855,21.483148032174185,12.206607395186277,8.292582130567093,6.621160992408388,2.17994038632322,-0.016594175724644698,-0.06651531589869325,-0.06902396922715716,-0.13487093723459195,-0.3253784041296494,-0.3563751744313384,-0.5422922288582394,-0.8322764359711914,-0.8842488570419381,-1.167029888506957,0.0,0.0,0.0,0.0,0.0,0.0,0.0,0.0,0.0,0.0,0.0,0.0,0.0,0.0,0.0,0.0,0.0,0.0,0.0,0.0,0.0,0.0,0.0,0.0,0.0,0.0,0.0,0.0,0.0,0.0,0.0,0.0,0.0,0.0,0.0,0.0,0.0,46
0216_1_Ethenyl_3_methylbenzene.xyz,161.82675940707858,57.53172619338144,41.19986078308958,30.045492481977107,21.17594237764477,12.08675756077853,8.838794718394128,6.020148246419956,2.475828673682167,-0.020454298509963983,-0.0654793049090923,-0.06808546129843258,-0.19374180147443215,-0.32824143521199606,-0.4429353637283356,-0.4948498517264993,-0.7897739175461903,-0.9046360897961307,-1.1701661234116885,0.0,0.0,0.0,0.0,0.0,0.0,0.0,0.0,0.0,0.0,0.0,0.0,0.0,0.0,0.0,0.0,0.0,0.0,0.0,0.0,0.0,0.0,0.0,0.0,0.0,0.0,0.0,0.0,0.0,0.0,0.0,0.0,0.0,0.0,0.0,0.0,0.0,46
0217_1_Ethyl_1_methylcyclopentane.xyz,152.10152656350766,46.23301844899309,32.75924867018155,28.46390268835118,19.165337667530345,14.16899214594034,9.214141165097358,6.306014008196676,0.11243532660356592,0.038525512131937924,-0.01154112084019061,-0.054617536318463465,-0.10959136968446521,-0.12051608819219678,-0.14826262127438883,-0.18737567462087704,-0.19235982596979734,-0.31817320215556133,-0.5217218949790153,-0.5259485283047493,-0.7434518572486042,-0.8471458133763133,-0.9224260022904827,-0.995169065871138,0.0,0.0,0.0,0.0,0.0,0.0,0.0,0.0,0.0,0.0,0.0,0.0,0.0,0.0,0.0,0.0,0.0,0.0,0.0,0.0,0.0,0.0,0.0,0.0,0.0,0.0,0.0,0.0,0.0,0.0,0.0,0.0,48
0218_1_Ethyl_1_methylcyclopropane.xyz,128.07128434560832,39.301044648036736,26.968970798194103,16.127504846985648,13.971543921762281,6.925280897230118,0.06292313052744,0.010528970847745765,-0.029029340928634455,-0.08256132601983943,-0.13355972428183638,-0.14698237658267493,-0.16240382053121716,-0.5192833624504335,-0.5502762594488152,-0.8326972497734219,-0.8408166249693458,-0.9928402776506086,0.0,0.0,0.0,0.0,0.0,0.0,0.0,0.0,0.0,0.0,0.0,0.0,0.0,0.0,0.0,0.0,0.0,0.0,0.0,0.0,0.0,0.0,0.0,0.0,0.0,0.0,0.0,0.0,0.0,0.0,0.0,0.0,0.0,0.0,0.0,0.0,0.0,0.0,36
0219_1_Ethyl_2_methylbenzene.xyz,163.19433136059803,52.63429666443222,42.64498248614654,29.59399383851956,21.792528676475406,14.164390462163913,8.699995581238019,7.431174227695965,2.382392755831283,0.028954417566033477,-0.028079277279695627,-0.0759446915136313,-0.11287468784733376,-0.13309474377296523,-0.165337345839609,-0.3487517430113274,-0.5198364819573082,-0.5474184313883466,-0.8331253297692454,-0.9336653878581678,-1.145965555596106,0.0,0.0,0.0,0.0,0.0,0.0,0.0,0.0,0.0,0.0,0.0,0.0,0.0,0.0,0.0,0.0,0.0,0.0,0.0,0.0,0.0,0.0,0.0,0.0,0.0,0.0,0.0,0.0,0.0,0.0,0.0,0.0,0.0,0.0,0.0,48
0220_1_Ethyl_3_methylbenzene.xyz,161.65934672127707,55.47268496176605,41.48328052996757,29.64810489374148,21.250584876507737,14.571623006408217,8.843114170897609,7.056932830565227,2.6111161604733515,0.004260962260924258,-0.06121587332637104,-0.06825431681137539,-0.07152918418827924,-0.13801009654707103,-0.19096826644407183,-0.44098203780794354,-0.4843699811064536,-0.5352694544587732,-0.8069574679762385,-0.9347267506087171,-1.1458188897564878,0.0,0.0,0.0,0.0,0.0,0.0,0.0,0.0,0.0,0.0,0.0,0.0,0.0,0.0,0.0,0.0,0.0,0.0,0.0,0.0,0.0,0.0,0.0,0.0,0.0,0.0,0.0,0.0,0.0,0.0,0.0,0.0,0.0,0.0,0.0,48
0221_1_Ethyl_4_methylbenzene.xyz,161.24374262321982,57.77158996970991,35.4029441451066,34.451032526670716,20.98840393652409,13.713141030751597,9.627131033855724,6.826079002475614,2.562779013982083,0.008067070327397353,-0.06200084829611883,-0.06639187051411106,-0.07030725477449432,-0.13846873359967318,-0.2684574600376973,-0.28462890196936036,-0.5191916772486964,-0.5963622681466243,-0.7806882627212217,-0.9395890552626696,-1.1458772252192317,0.0,0.0,0.0,0.0,0.0,0.0,0.0,0.0,0.0,0.0,0.0,0.0,0.0,0.0,0.0,0.0,0.0,0.0,0.0,0.0,0.0,0.0,0.0,0.0,0.0,0.0,0.0,0.0,0.0,0.0,0.0,0.0,0.0,0.0,0.0,48
0222_1_Ethylcyclopent_1_ene.xyz,139.3560264502962,47.450733123924756,28.767678497021258,25.033081520092512,13.80405838329835,9.138806625470059,4.761807432382551,0.06319554494467533,-0.00675626646642822,-0.06291243724002069,-0.10001927003744715,-0.14404990849587823,-0.16436965134153508,-0.29692981853127026,-0.4294341191207606,-0.5227918401785013,-0.7489352588966901,-0.8980765401930216,-0.9943760709473078,0.0,0.0,0.0,0.0,0.0,0.0,0.0,0.0,0.0,0.0,0.0,0.0,0.0,0.0,0.0,0.0,0.0,0.0,0.0,0.0,0.0,0.0,0.0,0.0,0.0,0.0,0.0,0.0,0.0,0.0,0.0,0.0,0.0,0.0,0.0,0.0,0.0,40
0223_1_Ethylnaphthalene.xyz,193.8564596425844,66.58770606309876,54.557267434822535,34.2750988010073,30.87394426626667,25.98038737111682,14.680979477246025,10.666738938749154,9.325625784900664,6.565697363814344,4.761477665542755,1.5875653585936185,0.006574407108666379,-0.06717035814896942,-0.12122877878416587,-0.13788418759796406,-0.20160392787797254,-0.3375106507276728,-0.444105613668393,-0.5121616428580457,-0.5919011660565728,-0.8358166231658106,-0.9554568731777414,-1.2234203596771513,0.0,0.0,0.0,0.0,0.0,0.0,0.0,0.0,0.0,0.0,0.0,0.0,0.0,0.0,0.0,0.0,0.0,0.0,0.0,0.0,0.0,0.0,0.0,0.0,0.0,0.0,0.0,0.0,0.0,0.0,0.0,0.0,60
0224_Hex_1_yne.xyz,118.02906034614645,52.6043530975567,28.57821736307457,15.990305792355237,10.311976950161718,4.4634199282984826,0.11563580749210084,-0.06911624209085641,-0.0834306196581895,-0.14133420503950034,-0.1663813143064309,-0.3603561460972335,-0.5288433373170631,-0.6565898215942043,-0.8987684753035512,-1.0395179271226123,0.0,0.0,0.0,0.0,0.0,0.0,0.0,0.0,0.0,0.0,0.0,0.0,0.0,0.0,0.0,0.0,0.0,0.0,0.0,0.0,0.0,0.0,0.0,0.0,0.0,0.0,0.0,0.0,0.0,0.0,0.0,0.0,0.0,0.0,0.0,0.0,0.0,0.0,0.0,0.0,34
0225_1H_indene.xyz,168.0524311302446,57.50204906858601,39.289901729649785,26.969763178454382,21.795982810750722,9.911866128334726,7.673450546175682,6.062283541956262,2.2550252786803604,-0.06993675708173872,-0.11651592184244397,-0.20628822258377136,-0.3401635835520921,-0.5387337434173759,-0.5758885644939633,-0.8565069259299761,-1.0857728990977504,0.0,0.0,0.0,0.0,0.0,0.0,0.0,0.0,0.0,0.0,0.0,0.0,0.0,0.0,0.0,0.0,0.0,0.0,0.0,0.0,0.0,0.0,0.0,0.0,0.0,0.0,0.0,0.0,0.0,0.0,0.0,0.0,0.0,0.0,0.0,0.0,0.0,0.0,0.0,44
0226_1_Methyl_1_propan_2_ylcyclopentane.xyz,162.40144425166233,53.21327721898381,32.012899739964865,29.235007312327994,23.612428446732796,19.469235855723834,12.121298805949134,9.200392287495763,5.701414353043587,0.10386251645001392,0.03216178732879851,0.023881541615792253,-0.05457818512434216,-0.06648249382180162,-0.08962781304226178,-0.1342843398824587,-0.16801700766349428,-0.18167772368088075,-0.20166730583383788,-0.3056664160126148,-0.34682051079286674,-0.5294757779104304,-0.732523624929366,-0.8132526368605835,-0.8554272458040113,-0.9235820800716551,-1.0012741610146088,0.0,0.0,0.0,0.0,0.0,0.0,0.0,0.0,0.0,0.0,0.0,0.0,0.0,0.0,0.0,0.0,0.0,0.0,0.0,0.0,0.0,0.0,0.0,0.0,0.0,0.0,0.0,0.0,0.0,54
0227_1_Methyl_1_propylcyclopentane.xyz,160.57855503405534,53.54406195584984,36.45426637352892,28.41178365856835,23.913566022584785,17.515417939107397,11.026433745594883,9.219922002861747,6.31292002363621,0.12492875909240768,0.0465972585635815,0.007762798831787538,-0.05519890048890503,-0.08503352332395854,-0.12387777481204117,-0.1471043523894247,-0.15651094216496853,-0.17724767339617378,-0.1872666930475158,-0.3031366868038095,-0.43364551064776274,-0.5233833664376298,-0.669711299952736,-0.7489967688974856,-0.9051210602258282,-0.9226309094273187,-0.9944033154260786,0.0,0.0,0.0,0.0,0.0,0.0,0.0,0.0,0.0,0.0,0.0,0.0,0.0,0.0,0.0,0.0,0.0,0.0,0.0,0.0,0.0,0.0,0.0,0.0,0.0,0.0,0.0,0.0,0.0,54
0228_1_Methyl_4_propan_2_ylbenzene.xyz,170.18512633762668,64.20476810560848,36.63348050360066,35.05531800057286,24.219956202767428,20.66361229244021,11.79102840576307,9.567209057123028,6.311886631081113,2.48706479852137,0.02355796867252117,-0.03262704467802812,-0.0658080850959489,-0.06729423370856112,-0.10706094118911685,-0.13220411262244017,-0.2581023905670288,-0.2826751464878732,-0.34174845900952733,-0.5972321874454893,-0.778155242245557,-0.8090180041994663,-0.951227371483562,-1.1388030907854585,0.0,0.0,0.0,0.0,0.0,0.0,0.0,0.0,0.0,0.0,0.0,0.0,0.0,0.0,0.0,0.0,0.0,0.0,0.0,0.0,0.0,0.0,0.0,0.0,0.0,0.0,0.0,0.0,0.0,0.0,0.0,0.0,54
0229_1_Methyl_4_propan_2_ylcyclopent_1_ene.xyz,159.1436447443902,59.114041871489704,34.513526734240884,26.50743221122598,23.737550632716125,18.82689559071672,12.026018626830625,6.572822321042056,4.991598433268542,0.06595604963522764,0.0002115623450534186,-0.021203496168970364,-0.05610428658834454,-0.06805289968363405,-0.10698632753578208,-0.15038152388185877,-0.1701312779549891,-0.21784169467217457,-0.37106108558940165,-0.4150659965502699,-0.6877814509475165,-0.7616755394163761,-0.8102967787211118,-0.9445364958346025,-0.9956331295226812,0.0,0.0,0.0,0.0,0.0,0.0,0.0,0.0,0.0,0.0,0.0,0.0,0.0,0.0,0.0,0.0,0.0,0.0,0.0,0.0,0.0,0.0,0.0,0.0,0.0,0.0,0.0,0.0,0.0,0.0,0.0,52
0230_1_Methylindene.xyz,177.3209432041553,60.58381091813893,42.76862113134472,29.74172519973204,26.44891934411857,16.094633017234987,9.886119395588691,7.377072762079536,5.6193619129356644,2.192919811002992,-0.04722042020128068,-0.06213968026586614,-0.12432697764195741,-0.20637130331937084,-0.33362390694219124,-0.3993690249830196,-0.5387688782656609,-0.7252164347548261,-0.9303610612670546,-1.0856770144307235,0.0,0.0,0.0,0.0,0.0,0.0,0.0,0.0,0.0,0.0,0.0,0.0,0.0,0.0,0.0,0.0,0.0,0.0,0.0,0.0,0.0,0.0,0.0,0.0,0.0,0.0,0.0,0.0,0.0,0.0,0.0,0.0,0.0,0.0,0.0,0.0,50
0231_1_Methylnaphthalene.xyz,186.43792783356622,64.6744055269911,49.052681902160046,30.876073587765955,29.66430224259053,20.848059151481248,11.187979967954924,9.32269903050856,6.6827845994279285,4.821898815857724,1.590788083006458,-0.05552025454037975,-0.06766357359273611,-0.12113733003196027,-0.20164339120898228,-0.33939146872755943,-0.44417548534889595,-0.5586959745235993,-0.8037709787674091,-0.8970442672249802,-1.2314008236586984,0.0,0.0,0.0,0.0,0.0,0.0,0.0,0.0,0.0,0.0,0.0,0.0,0.0,0.0,0.0,0.0,0.0,0.0,0.0,0.0,0.0,0.0,0.0,0.0,0.0,0.0,0.0,0.0,0.0,0.0,0.0,0.0,0.0,0.0,0.0,54
0232_1_Methyltetralin.xyz,184.5554109490849,63.8527573301956,47.91314254713877,31.5753251025942,29.585920825942733,20.67761508685005,12.183537400700295,10.677523727705701,8.142872792186312,6.6396935601131375,2.24922945114639,0.04417910610044528,-0.04560426235195598,-0.05422040761528564,-0.11553575399065745,-0.13826339382284156,-0.1447926354849355,-0.2706636355860917,-0.34866640468764015,-0.43541811536303426,-0.5432875447152844,-0.6454617463167378,-0.8602409922335706,-0.9126612579521385,-1.1432345359529248,0.0,0.0,0.0,0.0,0.0,0.0,0.0,0.0,0.0,0.0,0.0,0.0,0.0,0.0,0.0,0.0,0.0,0.0,0.0,0.0,0.0,0.0,0.0,0.0,0.0,0.0,0.0,0.0,0.0,0.0,0.0,58
0233_1_Penten_3_yne.xyz,110.06463982391415,44.41100001611854,22.878211688160995,10.250513714655314,2.1363920459053265,-0.04093278905198926,-0.06562450829861416,-0.06769556632450445,-0.32118546805932313,-0.8610614483983561,-1.0937315114918356,0.0,0.0,0.0,0.0,0.0,0.0,0.0,0.0,0.0,0.0,0.0,0.0,0.0,0.0,0.0,0.0,0.0,0.0,0.0,0.0,0.0,0.0,0.0,0.0,0.0,0.0,0.0,0.0,0.0,0.0,0.0,0.0,0.0,0.0,0.0,0.0,0.0,0.0,0.0,0.0,0.0,0.0,0.0,0.0,0.0,26
0234_1_Penten_4_yne.xyz,111.45387541071662,43.045590457797225,22.72641424591782,8.633101852001081,4.142439152512679,-0.03387685379754212,-0.07335535996442126,-0.24726224966302127,-0.5273625173043233,-0.7770982701034365,-1.051939870983002,0.0,0.0,0.0,0.0,0.0,0.0,0.0,0.0,0.0,0.0,0.0,0.0,0.0,0.0,0.0,0.0,0.0,0.0,0.0,0.0,0.0,0.0,0.0,0.0,0.0,0.0,0.0,0.0,0.0,0.0,0.0,0.0,0.0,0.0,0.0,0.0,0.0,0.0,0.0,0.0,0.0,0.0,0.0,0.0,0.0,26
0235_Pent_1_ene.xyz,109.12411108510352,42.31767670716264,21.916558610268076,12.708154027546794,6.80344979337887,0.06939261402869737,-0.03054400332882558,-0.07293608726533166,-0.1361323877390012,-0.1430371510900704,-0.2193192840110035,-0.4557458304481808,-0.643344566289663,-0.8982323648513055,-1.049525165335445,0.0,0.0,0.0,0.0,0.0,0.0,0.0,0.0,0.0,0.0,0.0,0.0,0.0,0.0,0.0,0.0,0.0,0.0,0.0,0.0,0.0,0.0,0.0,0.0,0.0,0.0,0.0,0.0,0.0,0.0,0.0,0.0,0.0,0.0,0.0,0.0,0.0,0.0,0.0,0.0,0.0,30
0236_Pent_1_yne.xyz,108.76558559567037,44.52418610826861,21.951174564215815,11.713152577865005,4.462352459274895,0.07061093079654646,-0.06987065136446337,-0.1340375432351035,-0.14219730507865075,-0.40712192051527035,-0.5661195347393141,-0.8375197434048876,-1.0396695406237784,0.0,0.0,0.0,0.0,0.0,0.0,0.0,0.0,0.0,0.0,0.0,0.0,0.0,0.0,0.0,0.0,0.0,0.0,0.0,0.0,0.0,0.0,0.0,0.0,0.0,0.0,0.0,0.0,0.0,0.0,0.0,0.0,0.0,0.0,0.0,0.0,0.0,0.0,0.0,0.0,0.0,0.0,0.0,28
0237_1_Phenylnaphthalene.xyz,223.18544286026184,93.04560984877956,62.824287223683335,45.11105462123527,35.57927752284678,31.558325044640345,30.56053169267699,24.113352908551963,12.33229372493026,9.791163816370158,9.199933394385823,9.178601051217854,6.4495842061895425,4.88113697304747,2.8334561685208377,1.3573643646818356,-0.07122081162223289,-0.14337240724028785,-0.19304833196512888,-0.24820558982658694,-0.3420694574969497,-0.4227407941006192,-0.4948767190984921,-0.5696706112708514,-0.5977370217995358,-0.8445161117596309,-1.085116585209316,-1.2591577898148745,0.0,0.0,0.0,0.0,0.0,0.0,0.0,0.0,0.0,0.0,0.0,0.0,0.0,0.0,0.0,0.0,0.0,0.0,0.0,0.0,0.0,0.0,0.0,0.0,0.0,0.0,0.0,0.0,76
0238_1_Propylcyclopent_1_ene.xyz,148.19646589436758,55.14610481991282,31.05869533495261,28.114827018449894,19.488144802673336,11.084347920894821,9.045530993895964,4.74100056875097,0.0695231810542716,0.009710913424300388,-0.04888320762761744,-0.08978988601561454,-0.12745280336859208,-0.13987869169470663,-0.1657535448805275,-0.291034217963954,-0.395895718436395,-0.4525092718492739,-0.6567121268020882,-0.8160544082768476,-0.8984515199104588,-1.007094456142933,0.0,0.0,0.0,0.0,0.0,0.0,0.0,0.0,0.0,0.0,0.0,0.0,0.0,0.0,0.0,0.0,0.0,0.0,0.0,0.0,0.0,0.0,0.0,0.0,0.0,0.0,0.0,0.0,0.0,0.0,0.0,0.0,0.0,0.0,46
0239_1S2S_12_Dimethylcyclopropane.xyz,114.99303822005419,34.38561081841196,23.228694164455263,11.367219176664944,8.845336740343825,0.01581117538951484,-0.0551085088324542,-0.0754712162133637,-0.07908774474899029,-0.127331028605934,-0.21073051409061072,-0.43828240878623853,-0.7081121210907925,-0.9026042201717833,-0.9484565356498009,0.0,0.0,0.0,0.0,0.0,0.0,0.0,0.0,0.0,0.0,0.0,0.0,0.0,0.0,0.0,0.0,0.0,0.0,0.0,0.0,0.0,0.0,0.0,0.0,0.0,0.0,0.0,0.0,0.0,0.0,0.0,0.0,0.0,0.0,0.0,0.0,0.0,0.0,0.0,0.0,0.0,30
0240_1R2R_1_ethyl_12_dimethylcyclopentane.xyz,163.43730219962345,46.667574899874396,37.132100138709426,33.8192635730004,19.92802767342936,18.228280480397835,13.04591500703577,8.782451992405822,5.922093398528559,0.09674406449371271,0.05679241447361494,-0.013361659139644296,-0.035896705367977136,-0.07506302352860045,-0.10682723633910511,-0.13108917872453701,-0.15883630953141195,-0.16490701087618567,-0.1875578713728083,-0.28150369289906835,-0.4302934490860896,-0.5192488376587708,-0.6651542205144801,-0.8027074223922069,-0.8823028931498951,-0.9470620202358315,-0.9917875163222131,0.0,0.0,0.0,0.0,0.0,0.0,0.0,0.0,0.0,0.0,0.0,0.0,0.0,0.0,0.0,0.0,0.0,0.0,0.0,0.0,0.0,0.0,0.0,0.0,0.0,0.0,0.0,0.0,0.0,54
0241_1R2R_1_methyl_2_propan_2_ylcyclopentane.xyz,160.13229718429045,54.448534280410094,37.35510483484671,25.015062693408534,24.36188452998081,19.31123182571353,11.411046197089368,8.739359989079928,6.175650945437966,0.10745404945185476,0.027085096759214288,-0.0073646767166218995,-0.05289426263653943,-0.08286389240252061,-0.09313725199957387,-0.13990846912959537,-0.14908450435563406,-0.15946290493432774,-0.18516726984667162,-0.33813995367288674,-0.4194825082530192,-0.4405306663916794,-0.6790606533952278,-0.8105515443324598,-0.8744095712649322,-0.9379434174127781,-0.9917632848906777,0.0,0.0,0.0,0.0,0.0,0.0,0.0,0.0,0.0,0.0,0.0,0.0,0.0,0.0,0.0,0.0,0.0,0.0,0.0,0.0,0.0,0.0,0.0,0.0,0.0,0.0,0.0,0.0,0.0,54
0242_1R2S_12_diethylcyclopentane.xyz,159.50002638152608,48.423056520227064,45.47861981151186,26.345389400187482,24.969622151711615,14.474135301767689,12.475638531331018,8.821498281981013,6.492825714875349,0.12115709376646913,0.035914330301552465,-0.014055581344123165,-0.05804454969716841,-0.09149363707718376,-0.11114054232157686,-0.14277421414758873,-0.15779746029722505,-0.17473698450845207,-0.1817396607226211,-0.3913805339406503,-0.42464153607699273,-0.5083237110196837,-0.5707800045242797,-0.7376521644629263,-0.8902012699293251,-0.9584381741022716,-1.0017367001818138,0.0,0.0,0.0,0.0,0.0,0.0,0.0,0.0,0.0,0.0,0.0,0.0,0.0,0.0,0.0,0.0,0.0,0.0,0.0,0.0,0.0,0.0,0.0,0.0,0.0,0.0,0.0,0.0,0.0,54
0243_1R2S_12_dimethylcyclohexane.xyz,151.64092870276608,44.34836880569028,39.99998484682995,24.547387424653245,19.71952779286359,11.520787852017856,10.51037801904469,6.102340476534929,0.09725455224983177,0.010452402252477089,-0.035032259363158895,-0.06494003469429298,-0.10127646557843176,-0.1164632656886302,-0.14816605545337155,-0.1594626655465975,-0.17433838570264992,-0.37947927855896507,-0.38551911895766794,-0.5780834094482918,-0.719246982408302,-0.850969416010014,-0.8728142126297141,-1.046777729455251,0.0,0.0,0.0,0.0,0.0,0.0,0.0,0.0,0.0,0.0,0.0,0.0,0.0,0.0,0.0,0.0,0.0,0.0,0.0,0.0,0.0,0.0,0.0,0.0,0.0,0.0,0.0,0.0,0.0,0.0,0.0,0.0,48
0244_1R2S_12_dimethylcyclopentane.xyz,141.2754114168622,38.26317988333224,35.68152778232209,21.287530167127453,17.532639515335184,8.943201848268007,6.840955649026231,0.1191852654765492,-0.0005975413111332544,-0.05014285983945676,-0.08812461987027663,-0.12267195780805389,-0.12606842291541417,-0.15644015540433756,-0.18939715187894926,-0.394667575311997,-0.4211903342245549,-0.6683021463348139,-0.815711230843658,-0.9265910118262968,-0.9769901241995391,0.0,0.0,0.0,0.0,0.0,0.0,0.0,0.0,0.0,0.0,0.0,0.0,0.0,0.0,0.0,0.0,0.0,0.0,0.0,0.0,0.0,0.0,0.0,0.0,0.0,0.0,0.0,0.0,0.0,0.0,0.0,0.0,0.0,0.0,0.0,42
0245_1R2S_12_dimethylcyclopropane.xyz,115.45325490352414,32.707790559191196,24.659247112017805,11.798378967642329,8.167235602723068,0.07471582697736989,-0.045132065147152706,-0.09085146894452188,-0.09172284218764507,-0.14168144114334327,-0.18219559301606106,-0.45975829052752865,-0.7028466887073688,-0.8923966293752588,-0.9635119558973405,0.0,0.0,0.0,0.0,0.0,0.0,0.0,0.0,0.0,0.0,0.0,0.0,0.0,0.0,0.0,0.0,0.0,0.0,0.0,0.0,0.0,0.0,0.0,0.0,0.0,0.0,0.0,0.0,0.0,0.0,0.0,0.0,0.0,0.0,0.0,0.0,0.0,0.0,0.0,0.0,0.0,30
0246_1S2R_1_ethyl_12_dimethylcyclopentane.xyz,163.77419481541494,44.276144099906084,38.399945175805996,35.004074251163296,20.353645789308413,17.45196042518446,13.098944945069091,8.743987037092618,5.855431490540301,0.09779515361680052,0.07815164827055175,0.004871510182291749,-0.04471800909331176,-0.10515562925191295,-0.1115889766011553,-0.1257372565504156,-0.15918041389400975,-0.16372258067924605,-0.19922134777575515,-0.29004914542611826,-0.4070729528757475,-0.5233221711178645,-0.6573092561651326,-0.8155164983568296,-0.8845662531370126,-0.9439215491343116,-0.9851175066625537,0.0,0.0,0.0,0.0,0.0,0.0,0.0,0.0,0.0,0.0,0.0,0.0,0.0,0.0,0.0,0.0,0.0,0.0,0.0,0.0,0.0,0.0,0.0,0.0,0.0,0.0,0.0,0.0,0.0,54
0247_1S2S_1_ethyl_2_methylcyclopropane.xyz,125.3428752530476,43.423068026652786,27.503391030976985,15.965952875891551,10.864109869672792,8.280254533766293,0.038125175881276445,-0.04282578925236951,-0.05594423181608958,-0.07873895626177034,-0.10432084755839877,-0.1476638294052489,-0.20480434181174775,-0.42425237658687026,-0.5653032078767556,-0.7402700201990573,-0.9235081347977065,-0.9815138337677054,0.0,0.0,0.0,0.0,0.0,0.0,0.0,0.0,0.0,0.0,0.0,0.0,0.0,0.0,0.0,0.0,0.0,0.0,0.0,0.0,0.0,0.0,0.0,0.0,0.0,0.0,0.0,0.0,0.0,0.0,0.0,0.0,0.0,0.0,0.0,0.0,0.0,0.0,36
0248_1R2S3S_123_trimethylcyclopentane.xyz,151.0646141817075,44.92854054974592,38.30725807216603,26.087582739182793,16.97483820828075,16.109033697502564,8.024188316608576,6.9160857761426815,0.0755302566493666,0.0005665716249186627,-0.039147830211130226,-0.04995264237951776,-0.09596114940666069,-0.09940661668344561,-0.1514662153230305,-0.17375958800468075,-0.19348534226413863,-0.34919954348987575,-0.3876426282821479,-0.5378750278485182,-0.792675132852435,-0.8256302268687677,-0.9474868831137906,-0.9797079474756025,0.0,0.0,0.0,0.0,0.0,0.0,0.0,0.0,0.0,0.0,0.0,0.0,0.0,0.0,0.0,0.0,0.0,0.0,0.0,0.0,0.0,0.0,0.0,0.0,0.0,0.0,0.0,0.0,0.0,0.0,0.0,0.0,48
0249_1S2R4S_1_ethyl_1_methyl_24_bispropan_2_ylcyclohexane.xyz,210.3333311020147,75.42624134643607,59.544130862746506,41.73991043060404,30.4620149397225,30.11019424010496,24.71782498923348,23.4789428881317,21.25568375143855,15.3621728493807,13.483461479804697,11.59148586938747,8.446566987829495,7.259391721899011,5.163627793752634,0.0837084471291454,0.055091837426410294,0.03902646060912862,-0.007320531938596047,-0.021752100324035798,-0.0376671175691757,-0.048075486924457164,-0.06926516020969714,-0.0815218239964447,-0.10535400363790451,-0.11875466483640505,-0.1352245955120104,-0.14285856196675895,-0.16543319752906976,-0.1890811703565945,-0.19260709161202594,-0.21647239693263054,-0.30126428091894086,-0.38482941204976623,-0.4282803566244112,-0.511500627830146,-0.551229261250791,-0.6926357815598536,-0.7965684464969321,-0.8137400495929694,-0.8181543229987753,-0.8735286133489735,-0.9631768654349898,-0.9772589154288922,-1.0376751693807333,0.0,0.0,0.0,0.0,0.0,0.0,0.0,0.0,0.0,0.0,0.0,90
0250_1S3S_13_dimethylcyclopentane.xyz,139.31299441928888,44.8229964405222,31.27453497592129,22.17088579064692,16.043085074599638,8.52479946556547,7.691512602070302,0.10515465415859934,-0.03487288133980092,-0.06594469694739394,-0.07585543263511026,-0.0804516805666349,-0.14221305523622554,-0.14420056350208563,-0.18333347779777717,-0.3410774802913668,-0.49383805547532844,-0.692106733893327,-0.7919254119824027,-0.9438299610880216,-0.9495775960362155,0.0,0.0,0.0,0.0,0.0,0.0,0.0,0.0,0.0,0.0,0.0,0.0,0.0,0.0,0.0,0.0,0.0,0.0,0.0,0.0,0.0,0.0,0.0,0.0,0.0,0.0,0.0,0.0,0.0,0.0,0.0,0.0,0.0,0.0,0.0,42
0251_1R3R_1_methyl_3_propan_2_ylcyclopentane.xyz,157.701440113285,59.082388294484986,34.77927502221034,27.636740490815495,23.071325921257568,17.921144667380958,11.799390339771566,8.240156814696544,6.739138611572465,0.10010912733509678,0.003452559251024496,-0.03742434779139708,-0.06910771879568377,-0.071883863974158,-0.09828537642662219,-0.12713429280727448,-0.13461012216255885,-0.15034510112494706,-0.1745556641385012,-0.3127840209775548,-0.3951736567331102,-0.498838271487738,-0.7134459923596563,-0.808141054037724,-0.8204931165116168,-0.9467208029206922,-0.9926717649784595,0.0,0.0,0.0,0.0,0.0,0.0,0.0,0.0,0.0,0.0,0.0,0.0,0.0,0.0,0.0,0.0,0.0,0.0,0.0,0.0,0.0,0.0,0.0,0.0,0.0,0.0,0.0,0.0,0.0,54
0252_1R3S_13_diethylcyclopentane.xyz,155.47366284120477,59.218595539560546,38.38863081742762,28.849574201833324,22.74103540921767,13.921340094496745,13.337265853847235,7.661612506983554,7.372546458384173,0.14463323029476008,-0.00032398653570058416,-0.03433987858563646,-0.0685389462371183,-0.0740348919690714,-0.08584430926907226,-0.1318476220205605,-0.15347227589245646,-0.17288371655272733,-0.1892298604070928,-0.34189810514189933,-0.483546891857542,-0.5368704282746916,-0.5540863605482004,-0.7493135518909416,-0.8323633994046846,-0.9864964862619006,-0.990859447567614,0.0,0.0,0.0,0.0,0.0,0.0,0.0,0.0,0.0,0.0,0.0,0.0,0.0,0.0,0.0,0.0,0.0,0.0,0.0,0.0,0.0,0.0,0.0,0.0,0.0,0.0,0.0,0.0,0.0,54
0253_1R3S_13_dimethylcyclohexane.xyz,149.7317204891171,48.5209720676461,39.38266723898838,22.00218249724625,20.714578088436237,11.524878882881723,9.630041191753305,6.906363629900508,0.11938763725833565,-0.023169340000232817,-0.02522796122743974,-0.07475825275182112,-0.07859152183063868,-0.1346832338109615,-0.1532642992511879,-0.15668762293461932,-0.1789693514341107,-0.3447837046451005,-0.42374938181688415,-0.6438940231911444,-0.6710133588714404,-0.8330405588616635,-0.8941636664188988,-1.0319538507742567,0.0,0.0,0.0,0.0,0.0,0.0,0.0,0.0,0.0,0.0,0.0,0.0,0.0,0.0,0.0,0.0,0.0,0.0,0.0,0.0,0.0,0.0,0.0,0.0,0.0,0.0,0.0,0.0,0.0,0.0,0.0,0.0,48
0254_1R3S_13_dimethylcyclopentane.xyz,139.27406442649124,44.912569173067546,31.146675844154792,22.26512525446888,16.13671566272362,8.058306131291962,8.043823876547002,0.13589639466060885,-0.047847918282898874,-0.052245116527701134,-0.0766028433330255,-0.08270960300680533,-0.13504771879344646,-0.1716242973871283,-0.19062866305702622,-0.3491470268733175,-0.48675521400616284,-0.6883978970767651,-0.7912222892516771,-0.9458203150816797,-0.9483914647463213,0.0,0.0,0.0,0.0,0.0,0.0,0.0,0.0,0.0,0.0,0.0,0.0,0.0,0.0,0.0,0.0,0.0,0.0,0.0,0.0,0.0,0.0,0.0,0.0,0.0,0.0,0.0,0.0,0.0,0.0,0.0,0.0,0.0,0.0,0.0,42
0255_1R3S_1_methyl_3_propan_2_ylcyclopentane.xyz,158.08763722495945,58.66901461272538,33.877898009468296,27.58505234046648,24.10403297723523,17.911904303293866,12.135253843123092,8.06172097115762,6.516950945142339,0.13644252694147063,0.01666380533971301,-0.012419845437811028,-0.051502187873667137,-0.08036165374746691,-0.08817349081549603,-0.13390578796607455,-0.14068335768243684,-0.1813813758970045,-0.19721093947675003,-0.3036903047424861,-0.41280238198358266,-0.4979215512789305,-0.7088992926534454,-0.8084734302893775,-0.8163130130908167,-0.9472306745231359,-0.9986554775610238,0.0,0.0,0.0,0.0,0.0,0.0,0.0,0.0,0.0,0.0,0.0,0.0,0.0,0.0,0.0,0.0,0.0,0.0,0.0,0.0,0.0,0.0,0.0,0.0,0.0,0.0,0.0,0.0,0.0,54
0256_1R2S_1_ethyl_2_methylcyclopropane.xyz,126.06127297415509,41.976852085451014,28.250166804804902,16.03558236204456,11.31374293662222,7.715134327394957,0.07548591215939777,-0.01585187671279116,-0.07054332111308408,-0.0939275639209853,-0.09851380790000597,-0.16583040701951507,-0.18024620231675764,-0.43761515830488845,-0.5661574409906649,-0.7403971411436913,-0.926085572811124,-0.984437713843018,0.0,0.0,0.0,0.0,0.0,0.0,0.0,0.0,0.0,0.0,0.0,0.0,0.0,0.0,0.0,0.0,0.0,0.0,0.0,0.0,0.0,0.0,0.0,0.0,0.0,0.0,0.0,0.0,0.0,0.0,0.0,0.0,0.0,0.0,0.0,0.0,0.0,0.0,36
0257_1R2S_1_methyl_2_propan_2_ylcyclopentane.xyz,159.77245186551215,54.299383294320926,38.960265345469885,25.470275507018577,23.139523000243205,18.900675358425083,11.00426267831386,8.793192688787324,6.649226973024377,0.09284791564461309,0.017567446917280714,-0.033148363330478034,-0.04242157465870152,-0.07338931535949442,-0.10120740876911424,-0.1312570438172338,-0.1514241659467961,-0.1673135065199732,-0.193994180997511,-0.3472709192858341,-0.3998762909362723,-0.4365647645039056,-0.6863384470778994,-0.8104433206076208,-0.8762830772748066,-0.9390576676857042,-0.9867352320725894,0.0,0.0,0.0,0.0,0.0,0.0,0.0,0.0,0.0,0.0,0.0,0.0,0.0,0.0,0.0,0.0,0.0,0.0,0.0,0.0,0.0,0.0,0.0,0.0,0.0,0.0,0.0,0.0,0.0,54
0258_1R2S_1_methyl_2_propylcyclopentane.xyz,158.27362924508594,56.712156388825335,35.69284251824241,30.56876048118733,20.97410497431788,18.558716813865754,10.85483097768889,8.894311427586034,6.436436830883248,0.10838958021535154,0.042142014811382876,-0.01260481496201823,-0.05101589487192551,-0.09278732472655259,-0.12491882203244876,-0.13222949207131443,-0.1409462808737589,-0.1732268575563887,-0.18926077148225987,-0.385678013589883,-0.42115528186990886,-0.44887730563564054,-0.6551341808628154,-0.7277363077028393,-0.8870933511619625,-0.9415733255135409,-1.0091364329628134,0.0,0.0,0.0,0.0,0.0,0.0,0.0,0.0,0.0,0.0,0.0,0.0,0.0,0.0,0.0,0.0,0.0,0.0,0.0,0.0,0.0,0.0,0.0,0.0,0.0,0.0,0.0,0.0,0.0,54
0259_1R2S4R_4_ethyl_12_dimethylcyclopentane.xyz,159.20509039185714,54.95789988318752,36.546467029701525,30.111299506725125,21.35752557525131,17.475775754163656,13.096341415055896,7.3851527998683695,6.814828648370924,0.08681341815610066,0.017040492500885338,-0.0341919383800558,-0.0539818179650074,-0.07962633803317583,-0.09411475907032496,-0.12404806534069747,-0.1367719301608334,-0.15198215831234357,-0.15897418131421415,-0.3203242564611855,-0.3965137962881443,-0.5391819292128404,-0.6697952137269093,-0.7478956585382489,-0.8579775770831078,-0.9767049183071501,-0.9892035818108249,0.0,0.0,0.0,0.0,0.0,0.0,0.0,0.0,0.0,0.0,0.0,0.0,0.0,0.0,0.0,0.0,0.0,0.0,0.0,0.0,0.0,0.0,0.0,0.0,0.0,0.0,0.0,0.0,0.0,54
0260_1S2S4S_4_ethyl_12_dimethylcyclopentane.xyz,158.58506972131255,55.51937601549618,36.77736722673891,30.80810896711359,20.55874642246876,17.409373716545808,12.938813426400285,7.56825759387707,6.776318091433304,0.13523290909170357,-0.0024698218662622964,-0.018133152903465156,-0.05955392129886975,-0.08711680982733194,-0.107126440145559,-0.1200439401003814,-0.13015424991392452,-0.14854014238451727,-0.18667177914769562,-0.31944364552814075,-0.40083697661489076,-0.5398720620552111,-0.6717756247272824,-0.7442129564109823,-0.852269822122679,-0.9770087060635035,-0.988487244534026,0.0,0.0,0.0,0.0,0.0,0.0,0.0,0.0,0.0,0.0,0.0,0.0,0.0,0.0,0.0,0.0,0.0,0.0,0.0,0.0,0.0,0.0,0.0,0.0,0.0,0.0,0.0,0.0,0.0,54
0261_1R2R_124_trimethylcyclopentane.xyz,150.19367578071584,47.24322605407331,37.66500275346917,23.489839352721972,20.375726806956667,14.28867710471994,8.003128826238058,7.146353190815594,0.09142113327340347,-0.015156891333451624,-0.05119920829422235,-0.05830397554743681,-0.0731780333334923,-0.11803845400546567,-0.13347778602376711,-0.1489919097431464,-0.1862613199631236,-0.33929799794986154,-0.37328718508566733,-0.6679060229746147,-0.7002345786948101,-0.8497031740169594,-0.9472710669325538,-0.9699018036778315,0.0,0.0,0.0,0.0,0.0,0.0,0.0,0.0,0.0,0.0,0.0,0.0,0.0,0.0,0.0,0.0,0.0,0.0,0.0,0.0,0.0,0.0,0.0,0.0,0.0,0.0,0.0,0.0,0.0,0.0,0.0,0.0,48
0262_1S2S_12_diethylcyclopentane.xyz,158.3801384565323,49.73917326392607,46.301459500337984,25.60518717580597,24.628560175127017,15.039306877627894,11.72731515309733,8.708761668698179,6.858045713700058,0.08752825295230773,-0.005783768412291906,-0.008568311890036448,-0.06037374752183994,-0.07741447392208768,-0.11365539577000536,-0.1183380391442298,-0.14825074047334294,-0.1584823999152081,-0.1890300928284093,-0.3742986872148827,-0.42857425606442884,-0.5289796128578519,-0.5608779024818222,-0.7270665365015229,-0.8897774575250168,-0.9671728471804502,-0.9958851732683043,0.0,0.0,0.0,0.0,0.0,0.0,0.0,0.0,0.0,0.0,0.0,0.0,0.0,0.0,0.0,0.0,0.0,0.0,0.0,0.0,0.0,0.0,0.0,0.0,0.0,0.0,0.0,0.0,0.0,54
0263_1R2R_1_methyl_2_propylcyclopentane.xyz,157.0489878950317,57.12214689360512,38.329304321879725,29.947265162594228,20.65543751886393,17.289923964373237,11.19691439504939,8.649816149661618,6.736897079382488,0.09370685077030833,0.02935186663443008,-0.029373771238111177,-0.052788014455974336,-0.07266720924376302,-0.11341854632452152,-0.12984072292366128,-0.14578474370831035,-0.1835215471522241,-0.20050467721267778,-0.36686337767706556,-0.4170433577676744,-0.45345312787372594,-0.645445604837388,-0.7329295198806198,-0.8828988061029702,-0.938578009695338,-1.011694266918636,0.0,0.0,0.0,0.0,0.0,0.0,0.0,0.0,0.0,0.0,0.0,0.0,0.0,0.0,0.0,0.0,0.0,0.0,0.0,0.0,0.0,0.0,0.0,0.0,0.0,0.0,0.0,0.0,0.0,54
0264_1R3S_1_ethyl_3_methylcyclopentane.xyz,147.69020515081024,53.10973672692083,32.8996563842937,27.558809861141174,18.048352337211487,13.525036802718247,8.065264553381494,7.5036931257947685,0.14113913476392118,-0.012004003939185428,-0.0540139783824091,-0.06730244845208651,-0.08165613688428094,-0.10961713268870703,-0.1491505370149005,-0.17116285382996332,-0.18977096696176132,-0.34514585855088964,-0.4854841786587298,-0.5438303004497048,-0.7145824969841328,-0.8173361218951124,-0.9472053379178135,-0.9887901290185073,0.0,0.0,0.0,0.0,0.0,0.0,0.0,0.0,0.0,0.0,0.0,0.0,0.0,0.0,0.0,0.0,0.0,0.0,0.0,0.0,0.0,0.0,0.0,0.0,0.0,0.0,0.0,0.0,0.0,0.0,0.0,0.0,48
0265_1R3S_1_methyl_3_propylcyclopentane.xyz,155.50081608200043,60.08297812615874,37.50252311446044,28.453612945366956,21.79673312472483,17.117314073592784,11.205027667989997,8.068745541076636,7.241879147571273,0.12196190403595718,0.022880070178206778,-0.03766381090764105,-0.062304254780919534,-0.07667600624677726,-0.10208314592741548,-0.12987977080845453,-0.14793660033781092,-0.17015819459118822,-0.18985009287824664,-0.3417392807045578,-0.43876021861114634,-0.4937771433611867,-0.6530211252752722,-0.7442293270786202,-0.8488011657324139,-0.9472965262788029,-1.0073483388024407,0.0,0.0,0.0,0.0,0.0,0.0,0.0,0.0,0.0,0.0,0.0,0.0,0.0,0.0,0.0,0.0,0.0,0.0,0.0,0.0,0.0,0.0,0.0,0.0,0.0,0.0,0.0,0.0,0.0,54
0266_1S3S_13_diethylcyclopentane.xyz,155.68489498410133,58.52680058389419,39.53713349014191,27.780017420696907,23.06986284980177,14.505868812842047,12.685848054919003,8.074525500522736,7.103473557819206,0.11443685011400512,0.0026409729861501924,-0.04192820848890467,-0.06441749766297984,-0.07190500597643815,-0.10233979667543322,-0.11479350258281205,-0.15286781836913485,-0.15746514032967382,-0.1794784360957433,-0.33416950142451396,-0.49052281504314477,-0.5350536123313036,-0.5535352218127093,-0.7497371834813494,-0.8382487852324373,-0.9822769757962402,-0.9938167817029379,0.0,0.0,0.0,0.0,0.0,0.0,0.0,0.0,0.0,0.0,0.0,0.0,0.0,0.0,0.0,0.0,0.0,0.0,0.0,0.0,0.0,0.0,0.0,0.0,0.0,0.0,0.0,0.0,0.0,54
0267_1S3S_13_dimethylcyclohexane.xyz,150.82845138919174,47.10307118838214,38.638185495562816,22.625655409042402,21.106234485196033,11.708078853428136,9.973743933561765,6.4191339543161385,0.08307399291463141,0.003036988867500091,-0.02793476675715514,-0.05404794647058668,-0.09995903418454531,-0.12795048397487513,-0.1404376284119847,-0.16484677655925037,-0.16954086859392728,-0.32788785421315747,-0.42650230505546466,-0.6478611562200866,-0.6773276514204921,-0.8274383202511761,-0.8920624144982512,-1.0400268884448056,0.0,0.0,0.0,0.0,0.0,0.0,0.0,0.0,0.0,0.0,0.0,0.0,0.0,0.0,0.0,0.0,0.0,0.0,0.0,0.0,0.0,0.0,0.0,0.0,0.0,0.0,0.0,0.0,0.0,0.0,0.0,0.0,48
0268_1S3S_1_methyl_3_propylcyclopentane.xyz,156.6745250049005,58.33784746374842,36.63951279149546,30.03933927329428,21.825381211799723,17.133906392082483,11.078775874369828,8.3020877171649,6.921032312292753,0.12796208051139887,-0.0006868217774850056,-0.03389689416709084,-0.05916258537434313,-0.0740411918495109,-0.10044172161881394,-0.1263297161705311,-0.13467117336538176,-0.15763202417630426,-0.1942711176518028,-0.3218410112554162,-0.44605301560243904,-0.49960807807816365,-0.6453609027234967,-0.7485349203200896,-0.8663219640526416,-0.9459828899426195,-1.0025872987001323,0.0,0.0,0.0,0.0,0.0,0.0,0.0,0.0,0.0,0.0,0.0,0.0,0.0,0.0,0.0,0.0,0.0,0.0,0.0,0.0,0.0,0.0,0.0,0.0,0.0,0.0,0.0,0.0,0.0,54
0269_1Z3Z_cycloocta_13_diene.xyz,150.8304327439996,46.70934109952334,45.924157778238545,21.499790068967833,19.06094307891797,9.076932553043608,8.14964735883851,4.19741778464815,0.022522941804929624,-0.0114193391382462,-0.0968549675931729,-0.12205851731079922,-0.1359927859423583,-0.23871523502528413,-0.31858483153932937,-0.49395633449608317,-0.5098522012302324,-0.7969428018403456,-0.8026561374609252,-1.0793106609980274,0.0,0.0,0.0,0.0,0.0,0.0,0.0,0.0,0.0,0.0,0.0,0.0,0.0,0.0,0.0,0.0,0.0,0.0,0.0,0.0,0.0,0.0,0.0,0.0,0.0,0.0,0.0,0.0,0.0,0.0,0.0,0.0,0.0,0.0,0.0,0.0,44
0270_1Z4Z_cycloocta_14_diene.xyz,149.920397341282,48.52675313514356,45.39256981587538,19.85257568302872,19.5536096119394,10.482603189717699,6.772878203033935,4.985005661187562,0.06198598115801371,-0.060839637220771466,-0.10127749155439453,-0.10165253956627596,-0.14367068919135612,-0.23040656196141363,-0.3807365259042238,-0.49148154473350836,-0.5076358668431141,-0.7948553346904743,-0.7999250004550185,-1.071055834838208,0.0,0.0,0.0,0.0,0.0,0.0,0.0,0.0,0.0,0.0,0.0,0.0,0.0,0.0,0.0,0.0,0.0,0.0,0.0,0.0,0.0,0.0,0.0,0.0,0.0,0.0,0.0,0.0,0.0,0.0,0.0,0.0,0.0,0.0,0.0,0.0,44
0271_1Z5Z_cycloocta_15_diene.xyz,150.27642488378433,48.109066976311,44.84683985596611,21.89528838587074,19.02680596815519,9.931402766603293,6.503088214039149,4.850571658810977,0.04997256514373173,-0.06901291368081083,-0.08096792152361812,-0.11457649299138155,-0.12339786780106705,-0.20065398031564083,-0.3890193744344807,-0.465768872807,-0.4962306910756402,-0.7826808967856625,-0.8326918478660541,-1.0696188199955625,0.0,0.0,0.0,0.0,0.0,0.0,0.0,0.0,0.0,0.0,0.0,0.0,0.0,0.0,0.0,0.0,0.0,0.0,0.0,0.0,0.0,0.0,0.0,0.0,0.0,0.0,0.0,0.0,0.0,0.0,0.0,0.0,0.0,0.0,0.0,0.0,44
0272_1Z_prop_1_en_1_ylbenzene.xyz,160.512527575293,61.194659494194575,36.51804959131388,33.23761240878852,21.577231092005302,10.00601698277296,9.599943164087081,5.893834229178437,2.6488836206982085,-0.04401603793337969,-0.06579977561361088,-0.09831644887062434,-0.21528662387513836,-0.25412987718642915,-0.44415929261538845,-0.5936422862241,-0.6176481557124043,-0.9584165027630103,-1.1743963627044227,0.0,0.0,0.0,0.0,0.0,0.0,0.0,0.0,0.0,0.0,0.0,0.0,0.0,0.0,0.0,0.0,0.0,0.0,0.0,0.0,0.0,0.0,0.0,0.0,0.0,0.0,0.0,0.0,0.0,0.0,0.0,0.0,0.0,0.0,0.0,0.0,0.0,46
0273_2233_Tetramethylbutane.xyz,151.8666433738349,44.067384826437845,26.94103312733164,26.93429585903731,21.004676172727134,21.00276583184343,12.668505362957504,5.483908332684168,0.09850300855935,0.03011161881204673,0.029952256477997836,-0.032898135720983636,-0.041894529602570736,-0.0420857242746231,-0.11232845439347186,-0.1632722386910341,-0.1634668660805422,-0.18529452583719921,-0.18540976128103692,-0.19500354208388146,-0.7955079585423025,-0.7955935829884297,-0.830905223323598,-0.8309414894278017,-0.8613551908727621,-1.0269809521755193,0.0,0.0,0.0,0.0,0.0,0.0,0.0,0.0,0.0,0.0,0.0,0.0,0.0,0.0,0.0,0.0,0.0,0.0,0.0,0.0,0.0,0.0,0.0,0.0,0.0,0.0,0.0,0.0,0.0,0.0,50
0274_223_Trimethylpentane.xyz,148.59459393835868,46.95469098387761,32.16537969754504,24.59545992103237,23.02670870060069,17.59129231722305,11.030270186313519,6.012655599060646,0.08526112978922921,0.03555757571766351,0.017359143813991076,0.014318818225735486,-0.06275390591897875,-0.1054760426806953,-0.12970771396128805,-0.13908144669165412,-0.1610212392797796,-0.18718014266578153,-0.191480571196264,-0.29452927023841374,-0.5604450818723381,-0.8043662846118751,-0.8130591424324791,-0.8393634498267093,-0.9444962542514475,-1.0257458705230267,0.0,0.0,0.0,0.0,0.0,0.0,0.0,0.0,0.0,0.0,0.0,0.0,0.0,0.0,0.0,0.0,0.0,0.0,0.0,0.0,0.0,0.0,0.0,0.0,0.0,0.0,0.0,0.0,0.0,0.0,50
0275_224_Trimethylpentane.xyz,145.79042017486967,53.738814794298065,26.081016248120502,24.108202780276056,22.20205420407823,21.557031300706583,9.607159034414225,6.914721717000831,0.07618139542953012,0.04551677755727289,0.017246665764677212,-0.039649237006979296,-0.052478235496112406,-0.08365953148210262,-0.12523550697099212,-0.1352593904680172,-0.1539142360341549,-0.16597884856063527,-0.18145475375136272,-0.31677214941073306,-0.6397881256836764,-0.798005547560352,-0.8094326789268318,-0.8200494502701108,-0.9461493043916851,-1.0056965010944603,0.0,0.0,0.0,0.0,0.0,0.0,0.0,0.0,0.0,0.0,0.0,0.0,0.0,0.0,0.0,0.0,0.0,0.0,0.0,0.0,0.0,0.0,0.0,0.0,0.0,0.0,0.0,0.0,0.0,0.0,50
0276_22_Dimethylbutane.xyz,125.91436444774808,36.543401070994385,24.116115344542127,24.103094285740024,15.184792661813708,6.993479523902317,0.05744457737710887,0.044072836588658945,0.001892980440663204,-0.03508890404131905,-0.10739322675401916,-0.1429122339085844,-0.1458343399895158,-0.1607254173056856,-0.18294956582379496,-0.5187551659246123,-0.8074051475996851,-0.8088989641018436,-0.8760201191628146,-1.0240434479795852,0.0,0.0,0.0,0.0,0.0,0.0,0.0,0.0,0.0,0.0,0.0,0.0,0.0,0.0,0.0,0.0,0.0,0.0,0.0,0.0,0.0,0.0,0.0,0.0,0.0,0.0,0.0,0.0,0.0,0.0,0.0,0.0,0.0,0.0,0.0,0.0,38
0277_22_Dimethylpentane.xyz,134.68814845493284,48.08464931006576,24.121468637094843,24.09859430302074,21.72484261216625,11.750311524531273,6.952011209219163,0.10010215323942398,0.040309742635463185,-0.019438168985772705,-0.02819928092365927,-0.07320293680368271,-0.1111061911617264,-0.13609584705294725,-0.14633135036166786,-0.17390888693082865,-0.187578972726333,-0.4355627743628734,-0.6745056441592676,-0.8088307357066963,-0.808909717004216,-0.9297818846524548,-1.0202491600918755,0.0,0.0,0.0,0.0,0.0,0.0,0.0,0.0,0.0,0.0,0.0,0.0,0.0,0.0,0.0,0.0,0.0,0.0,0.0,0.0,0.0,0.0,0.0,0.0,0.0,0.0,0.0,0.0,0.0,0.0,0.0,0.0,0.0,44
0278_233_Trimethylbut_1_ene.xyz,139.49124411221794,41.9002842612106,27.010975178234062,24.12548953432498,20.76198500772791,11.960059416165798,4.681734580903928,0.07398868611666169,-0.002406800073710089,-0.029475680653039685,-0.03700120921431123,-0.04709254650167281,-0.12189669272174372,-0.144207214538356,-0.18139091997400705,-0.18449857784422655,-0.7226833827447535,-0.8121928584392845,-0.8186535233642832,-0.8585737298411691,-1.0389512450098122,0.0,0.0,0.0,0.0,0.0,0.0,0.0,0.0,0.0,0.0,0.0,0.0,0.0,0.0,0.0,0.0,0.0,0.0,0.0,0.0,0.0,0.0,0.0,0.0,0.0,0.0,0.0,0.0,0.0,0.0,0.0,0.0,0.0,0.0,0.0,42
0279_233_Trimethylpent_1_ene.xyz,150.23661618187236,44.48486177175069,35.02932770210439,26.73338485776484,20.953544894765717,15.947695684269634,10.55031428980813,4.5579412210350005,0.08174065263856008,0.01566547488801567,-0.016104954451635314,-0.03269983064555985,-0.045840343407625085,-0.10341562255958724,-0.1265971377155886,-0.1560742516448797,-0.18319046227785868,-0.1878979373172749,-0.5209536422158282,-0.722847142644205,-0.8173450740444183,-0.8405246983546056,-0.93245507728942,-1.0403049609214228,0.0,0.0,0.0,0.0,0.0,0.0,0.0,0.0,0.0,0.0,0.0,0.0,0.0,0.0,0.0,0.0,0.0,0.0,0.0,0.0,0.0,0.0,0.0,0.0,0.0,0.0,0.0,0.0,0.0,0.0,0.0,0.0,48
0280_233_Trimethylpentane.xyz,148.62848879326992,45.88722640003364,32.89938839348229,26.947324306611904,21.07082912344455,16.87709333010979,11.86044637082089,5.802404568887709,0.05097123063210634,0.03952940875953396,0.033450726641012785,-0.02048620034912766,-0.057415657689048064,-0.08323791874398868,-0.09704725075850694,-0.13087894662021593,-0.15754336209835038,-0.17905196567977522,-0.21288558965825843,-0.3306663037403471,-0.5280278003448382,-0.7948038948271692,-0.8306592483333346,-0.8412232050459708,-0.9305739270000196,-1.0378097863968998,0.0,0.0,0.0,0.0,0.0,0.0,0.0,0.0,0.0,0.0,0.0,0.0,0.0,0.0,0.0,0.0,0.0,0.0,0.0,0.0,0.0,0.0,0.0,0.0,0.0,0.0,0.0,0.0,0.0,0.0,50
0281_234_Trimethylpent_1_ene.xyz,148.06135067702172,48.71474257276475,33.45077304709764,26.287435746779344,21.781536863813677,16.019780299883685,9.013136435757918,5.18295020812447,0.04739459337012619,0.023887960162869867,-0.014579357388908924,-0.020116989945089356,-0.06380279624090139,-0.10299611201959175,-0.1409141294291395,-0.15213176837034378,-0.16956696628285955,-0.2698810555199471,-0.42929198320654816,-0.7256717765274912,-0.8074604524975508,-0.8363757415229685,-0.9501327376198656,-1.035224942797591,0.0,0.0,0.0,0.0,0.0,0.0,0.0,0.0,0.0,0.0,0.0,0.0,0.0,0.0,0.0,0.0,0.0,0.0,0.0,0.0,0.0,0.0,0.0,0.0,0.0,0.0,0.0,0.0,0.0,0.0,0.0,0.0,48
0282_234_Trimethylpent_2_ene.xyz,147.75272079409189,48.573597513152556,33.78269994687846,24.377987634434717,22.941841017129946,17.28111137026305,9.9243333090086,3.7174387758626866,0.0807812972608191,0.01176819807309278,0.007735286768962634,-0.033780647905573495,-0.04842253377268208,-0.12245824907367506,-0.13073956228134756,-0.13428815193057203,-0.1552233901138939,-0.20785763209534922,-0.3361538466424342,-0.7959062670309001,-0.808129977461024,-0.8238007791951036,-0.9486465782594403,-1.0417659317551997,0.0,0.0,0.0,0.0,0.0,0.0,0.0,0.0,0.0,0.0,0.0,0.0,0.0,0.0,0.0,0.0,0.0,0.0,0.0,0.0,0.0,0.0,0.0,0.0,0.0,0.0,0.0,0.0,0.0,0.0,0.0,0.0,48
0283_234_Trimethylpentane.xyz,146.66980512521536,49.20695955307551,32.14898431829665,26.08257127435372,22.28616046813078,16.902984745575313,10.361659230590641,6.3136178618338885,0.06839515672619663,0.03434300885014224,0.017717886933960154,-0.017424142643981136,-0.06106154935991311,-0.09326298636935375,-0.11974615846785235,-0.13570274529084445,-0.16621655787024953,-0.16946717308410478,-0.23023933821022458,-0.35150860124155664,-0.44849281798462715,-0.7963485812767314,-0.8191330834645961,-0.8392059339714792,-0.9477731275514459,-1.032774237387773,0.0,0.0,0.0,0.0,0.0,0.0,0.0,0.0,0.0,0.0,0.0,0.0,0.0,0.0,0.0,0.0,0.0,0.0,0.0,0.0,0.0,0.0,0.0,0.0,0.0,0.0,0.0,0.0,0.0,0.0,50
0284_23_Dihydro_1H_indene.xyz,167.08957299395212,56.34896351229,39.33442442523635,27.19103564360218,22.201736907544493,10.914072221373601,7.911888886823861,7.63956208973905,2.3075879334403893,0.047187018874943996,-0.10158305775928811,-0.1186935873516915,-0.1519467917268547,-0.34193191338246426,-0.36251960521080373,-0.5432625140258865,-0.6523682281781992,-0.8997651842741712,-1.0910139561341432,0.0,0.0,0.0,0.0,0.0,0.0,0.0,0.0,0.0,0.0,0.0,0.0,0.0,0.0,0.0,0.0,0.0,0.0,0.0,0.0,0.0,0.0,0.0,0.0,0.0,0.0,0.0,0.0,0.0,0.0,0.0,0.0,0.0,0.0,0.0,0.0,0.0,46
0285_23_Dimethylhex_1_ene.xyz,145.72304458359835,50.73520625217564,36.48386258684267,24.25449946175758,22.28547239973183,13.998090960011567,9.8441534678574,5.206637896529423,0.05103284228454467,0.012054774121775472,-0.006521552392584994,-0.044249324863104116,-0.07140129227014577,-0.0898442967859603,-0.13319797404818923,-0.15397338346176737,-0.17992608239386515,-0.3209307145374142,-0.44903206301591403,-0.697237558093129,-0.725362228783433,-0.8500292195780788,-0.9596024284368286,-1.0479055108427415,0.0,0.0,0.0,0.0,0.0,0.0,0.0,0.0,0.0,0.0,0.0,0.0,0.0,0.0,0.0,0.0,0.0,0.0,0.0,0.0,0.0,0.0,0.0,0.0,0.0,0.0,0.0,0.0,0.0,0.0,0.0,0.0,48
0286_23_Dimethylhex_2_ene.xyz,144.12365251142432,53.338578658940406,35.17389289506722,25.1956543437402,20.885871786252615,15.071371996035388,10.793333316353909,3.7896648048116957,0.11024251051021906,0.005445679747209517,-0.00017057825077678555,-0.05368721593231352,-0.06867686120614767,-0.0868973485553226,-0.13786519315676968,-0.13923836401729567,-0.16645355800551848,-0.2095132734416153,-0.4284577652599279,-0.6864720079221274,-0.8017086690516347,-0.8323534748995783,-0.9536039367901415,-1.057768660986448,0.0,0.0,0.0,0.0,0.0,0.0,0.0,0.0,0.0,0.0,0.0,0.0,0.0,0.0,0.0,0.0,0.0,0.0,0.0,0.0,0.0,0.0,0.0,0.0,0.0,0.0,0.0,0.0,0.0,0.0,0.0,0.0,48
0287_23_Dimethylhexane.xyz,144.33275835608396,51.37941034692307,35.18305215061525,24.799822087493617,21.87058672264207,15.301311229734676,10.61647936882726,6.496500915157876,0.06941213510846071,0.05720050848142696,-0.00847522763947286,-0.02955443017299297,-0.05633584362760234,-0.09117516603852727,-0.11451062406354844,-0.14153984882560539,-0.16892583301598343,-0.18243069035267623,-0.23275871483595043,-0.4066590958073418,-0.44541069845576753,-0.6992188358794382,-0.8097218509998055,-0.8524635386975083,-0.9604560034919198,-1.042055823755963,0.0,0.0,0.0,0.0,0.0,0.0,0.0,0.0,0.0,0.0,0.0,0.0,0.0,0.0,0.0,0.0,0.0,0.0,0.0,0.0,0.0,0.0,0.0,0.0,0.0,0.0,0.0,0.0,0.0,0.0,50
0288_23_Dimethylpent_1_ene.xyz,136.40096499319287,43.93080242452836,32.808022071812566,23.998345856591328,16.598267456292035,10.928759881787617,5.298588598476187,0.06036233167507418,0.006479742199244583,-0.025288573107416737,-0.06234415640076441,-0.07478640813310523,-0.12235942770345692,-0.14609052038041698,-0.17723868452433636,-0.3265376021621613,-0.5495021047786387,-0.7256124400096059,-0.8385138394205175,-0.9317397292451451,-1.0438434747082292,0.0,0.0,0.0,0.0,0.0,0.0,0.0,0.0,0.0,0.0,0.0,0.0,0.0,0.0,0.0,0.0,0.0,0.0,0.0,0.0,0.0,0.0,0.0,0.0,0.0,0.0,0.0,0.0,0.0,0.0,0.0,0.0,0.0,0.0,0.0,42
0289_23_Dimethylpent_2_ene.xyz,136.2057488418626,44.49743568605032,31.868901903756935,23.319444158762092,17.905582046504815,12.21712012157039,3.7902338135356404,0.07582656355909408,0.011522522143087788,-0.019041418646183198,-0.0379550705993194,-0.0878777800974778,-0.10712091051636798,-0.13960435362175744,-0.16581789463704497,-0.2064613632932547,-0.5208219904835169,-0.7947130028236922,-0.8259160683761376,-0.9202064015126687,-1.0595430071559695,0.0,0.0,0.0,0.0,0.0,0.0,0.0,0.0,0.0,0.0,0.0,0.0,0.0,0.0,0.0,0.0,0.0,0.0,0.0,0.0,0.0,0.0,0.0,0.0,0.0,0.0,0.0,0.0,0.0,0.0,0.0,0.0,0.0,0.0,0.0,42
0290_Hexa_23_diene.xyz,119.63355536862602,49.90723447262076,29.004987764904243,16.962198876317853,10.978803467406953,3.389194568314875,0.009139390472708182,-0.0661893842147639,-0.06729902469506244,-0.07144804947985077,-0.13919247184970152,-0.329192574387315,-0.3954242690401402,-0.6606323670082207,-0.9336033642607241,-1.0735012071719412,0.0,0.0,0.0,0.0,0.0,0.0,0.0,0.0,0.0,0.0,0.0,0.0,0.0,0.0,0.0,0.0,0.0,0.0,0.0,0.0,0.0,0.0,0.0,0.0,0.0,0.0,0.0,0.0,0.0,0.0,0.0,0.0,0.0,0.0,0.0,0.0,0.0,0.0,0.0,0.0,34
0291_Penta_23_diene.xyz,110.00440840621184,42.06766283917106,23.143952982925246,12.689341484907809,3.4087730198959285,-0.04929033145690709,-0.059518334927371574,-0.07548628890620139,-0.08004598180461688,-0.3329268459022568,-0.4583410175061449,-0.8898876176471997,-1.078116317831585,0.0,0.0,0.0,0.0,0.0,0.0,0.0,0.0,0.0,0.0,0.0,0.0,0.0,0.0,0.0,0.0,0.0,0.0,0.0,0.0,0.0,0.0,0.0,0.0,0.0,0.0,0.0,0.0,0.0,0.0,0.0,0.0,0.0,0.0,0.0,0.0,0.0,0.0,0.0,0.0,0.0,0.0,0.0,28
0292_24_Dimethyl_3_methylidenepentane.xyz,147.67046834735675,48.987340123962866,33.39798215748951,26.005382009489477,22.430318867230245,14.881868528701183,10.402064760417778,4.707422106217695,0.07050156566301306,0.026184920013922714,-0.0031567443339157193,-0.0638370140843788,-0.08117582825864639,-0.11106760332468847,-0.12052134592715345,-0.13480375880238873,-0.1555578544032656,-0.32592869067048874,-0.35785197047932876,-0.7517473523935031,-0.8001175743174507,-0.8196025470695706,-0.9470821523189661,-1.042241354751126,0.0,0.0,0.0,0.0,0.0,0.0,0.0,0.0,0.0,0.0,0.0,0.0,0.0,0.0,0.0,0.0,0.0,0.0,0.0,0.0,0.0,0.0,0.0,0.0,0.0,0.0,0.0,0.0,0.0,0.0,0.0,0.0,48
0293_24_Dimethylhex_1_ene.xyz,143.65561488563222,55.23986407849901,34.18875980809768,23.89560166228479,21.76144037106975,15.471008831302907,8.552342305772765,5.784020559897064,0.07077136751634598,-0.0017993025539040578,-0.016410871455930693,-0.047510991255592785,-0.06610427131251935,-0.10322228037959903,-0.12510466545105,-0.1574555560767398,-0.17226060195159296,-0.28753336109710786,-0.5372334367595336,-0.6445732751441359,-0.7417363735974066,-0.8532854957938159,-0.964627245714362,-1.0357245461216085,0.0,0.0,0.0,0.0,0.0,0.0,0.0,0.0,0.0,0.0,0.0,0.0,0.0,0.0,0.0,0.0,0.0,0.0,0.0,0.0,0.0,0.0,0.0,0.0,0.0,0.0,0.0,0.0,0.0,0.0,0.0,0.0,48
0294_24_Dimethylhex_2_ene.xyz,144.84326095400996,52.7537825375001,34.46807933674081,24.783190560461495,22.384801384521,15.262394892699735,9.269398917388298,4.68876992995837,0.08601151005467107,0.005933609783520057,-0.028537771255539135,-0.05569437575187869,-0.07528427046958011,-0.08573299279352316,-0.12829135970999178,-0.15156944162213756,-0.17514732892577467,-0.24930872266382667,-0.4728850635196678,-0.5916776803182747,-0.8063849296307919,-0.871201548302777,-0.9546038185209234,-1.0344627342257389,0.0,0.0,0.0,0.0,0.0,0.0,0.0,0.0,0.0,0.0,0.0,0.0,0.0,0.0,0.0,0.0,0.0,0.0,0.0,0.0,0.0,0.0,0.0,0.0,0.0,0.0,0.0,0.0,0.0,0.0,0.0,0.0,48
0295_24_Dimethylhexane.xyz,141.94293986051247,55.590686430073106,33.956078522997615,23.982409387158345,22.064405636799076,15.49001809729054,9.302010479623728,7.679660467304,0.08291919629823585,0.03528415329451178,-0.014490213071514489,-0.03939220710513443,-0.07152370503695203,-0.09294551959179254,-0.12172128357078846,-0.1428333649445404,-0.1545753128612744,-0.17974622523909042,-0.21930608250946612,-0.3601242788131508,-0.5408676588655652,-0.6689843888568462,-0.8087458138820478,-0.8544673783729423,-0.963585192554991,-1.0282620106680427,0.0,0.0,0.0,0.0,0.0,0.0,0.0,0.0,0.0,0.0,0.0,0.0,0.0,0.0,0.0,0.0,0.0,0.0,0.0,0.0,0.0,0.0,0.0,0.0,0.0,0.0,0.0,0.0,0.0,0.0,50
0296_24_Dimethylpentane.xyz,132.95170396579783,50.51688294792129,24.660000438951258,23.7078518261152,21.617048695400932,10.473285929457832,7.498277059447281,0.0945585463648007,0.014795759991510931,-0.016627465233257595,-0.0215814473151858,-0.10028401636284218,-0.11894094881516093,-0.1330121167902547,-0.13476337348942982,-0.1726161990591329,-0.25226422348730526,-0.3477817409376497,-0.6510517670779299,-0.8064002575590712,-0.8087839623481832,-0.9403720565750159,-1.0231891984159938,0.0,0.0,0.0,0.0,0.0,0.0,0.0,0.0,0.0,0.0,0.0,0.0,0.0,0.0,0.0,0.0,0.0,0.0,0.0,0.0,0.0,0.0,0.0,0.0,0.0,0.0,0.0,0.0,0.0,0.0,0.0,0.0,0.0,44
0297_25_Dimethylhex_1_ene.xyz,143.34598585641766,57.39871655519892,30.858744034255544,24.0071139506789,23.68375429915971,14.739949484238348,8.741397705286031,5.769905613682873,0.06414188852887684,0.007703973799044506,-0.01677681882950146,-0.030947566950337322,-0.07934886486783246,-0.10840499457968505,-0.14449739904103037,-0.155887323730083,-0.1648363199343389,-0.2752339937870264,-0.49042275655994644,-0.713799585463801,-0.7722482162289273,-0.8100274590282333,-0.9484406842294937,-1.0416997826080692,0.0,0.0,0.0,0.0,0.0,0.0,0.0,0.0,0.0,0.0,0.0,0.0,0.0,0.0,0.0,0.0,0.0,0.0,0.0,0.0,0.0,0.0,0.0,0.0,0.0,0.0,0.0,0.0,0.0,0.0,0.0,0.0,48
0298_25_Dimethylhex_2_ene.xyz,141.92636835687594,59.3211807417494,29.46278104930113,24.31346413780684,24.02137909315396,15.628880817026213,8.91912801672811,4.88818747340047,0.07349216275607462,0.0007501759181062424,-0.02551222242777496,-0.032655270779325805,-0.08313766029903272,-0.10754520431059252,-0.1302601553448229,-0.13798495648021494,-0.17548950960806953,-0.2658752172803653,-0.41933825769722766,-0.7049853897808063,-0.8055116586312693,-0.8076139251039898,-0.9443923227864898,-1.0504686787788895,0.0,0.0,0.0,0.0,0.0,0.0,0.0,0.0,0.0,0.0,0.0,0.0,0.0,0.0,0.0,0.0,0.0,0.0,0.0,0.0,0.0,0.0,0.0,0.0,0.0,0.0,0.0,0.0,0.0,0.0,0.0,0.0,48
0299_26_Dimethylhept_3_yne.xyz,147.51399381572054,68.00326763776874,38.43138322108379,24.45252326370406,24.03363159876729,20.693561181499845,11.34936792088017,8.58885194446757,2.2320530415221738,0.05675393879712769,0.0039064515536602375,-0.02754896027074878,-0.034115404513901014,-0.09414109604643275,-0.10915024309901314,-0.13040109944401537,-0.13094289167078726,-0.14842057423106123,-0.26288474390033373,-0.3325850907263226,-0.7241065351810954,-0.8086663633679123,-0.8137681140366205,-0.9766132231812573,-1.0430028812620158,0.0,0.0,0.0,0.0,0.0,0.0,0.0,0.0,0.0,0.0,0.0,0.0,0.0,0.0,0.0,0.0,0.0,0.0,0.0,0.0,0.0,0.0,0.0,0.0,0.0,0.0,0.0,0.0,0.0,0.0,0.0,52
0300_2E_344_trimethylpent_2_ene.xyz,148.67159477772776,49.35130557583273,30.668951004963663,24.126853972558862,23.379660483583162,18.359185688502883,9.820425191222643,4.04407294668281,0.06928367485480856,0.022486787845284566,-0.011670920922918524,-0.02350771131877887,-0.06739319621170037,-0.08662831905750347,-0.13175657796365445,-0.14661301721723066,-0.17271173681261784,-0.19452949657667976,-0.40969893346476244,-0.7947284309162693,-0.8114174297554443,-0.8251154046807627,-0.9218165755027756,-1.0513907579661703,0.0,0.0,0.0,0.0,0.0,0.0,0.0,0.0,0.0,0.0,0.0,0.0,0.0,0.0,0.0,0.0,0.0,0.0,0.0,0.0,0.0,0.0,0.0,0.0,0.0,0.0,0.0,0.0,0.0,0.0,0.0,0.0,48
0301_2E_34_dimethylhex_2_ene.xyz,145.70027357326813,50.175969952040724,34.84840523513772,28.563401219019465,19.820073452468204,15.246997139893818,9.608744345522313,4.497579860764276,0.0702395881858907,0.007415553193281989,-0.024366197449885243,-0.06132459164321078,-0.06536566358697629,-0.08596848777282133,-0.12205615980236179,-0.17647452040453987,-0.18109982490607518,-0.3094258617974496,-0.40453070784212314,-0.5542750595554528,-0.8055820250710084,-0.8710723313879662,-0.9546680407041498,-1.05804885216231,0.0,0.0,0.0,0.0,0.0,0.0,0.0,0.0,0.0,0.0,0.0,0.0,0.0,0.0,0.0,0.0,0.0,0.0,0.0,0.0,0.0,0.0,0.0,0.0,0.0,0.0,0.0,0.0,0.0,0.0,0.0,0.0,48
0302_2E_34_dimethylpent_2_ene.xyz,135.44620113419774,46.73894251010809,28.981914042652143,24.198838898754303,19.444203852101626,10.563196146116198,4.519893413714583,0.052219863150250866,-0.01756718294896123,-0.03151597380225267,-0.03906452832334768,-0.07156432399928733,-0.11000416137001466,-0.16913782344842043,-0.1793078131907582,-0.3150545574840459,-0.40520940344302625,-0.8052880064494092,-0.8096032243752815,-0.9245536852914515,-1.0608027806870859,0.0,0.0,0.0,0.0,0.0,0.0,0.0,0.0,0.0,0.0,0.0,0.0,0.0,0.0,0.0,0.0,0.0,0.0,0.0,0.0,0.0,0.0,0.0,0.0,0.0,0.0,0.0,0.0,0.0,0.0,0.0,0.0,0.0,0.0,0.0,42
0303_2E_35_dimethylhex_2_ene.xyz,143.50750760698654,55.97790939558695,32.35177475174644,24.137773693498385,22.933014110924148,15.860897483495528,8.925879102439227,4.782740700400987,0.06645809453792118,0.010942748030630845,-0.02468946941798936,-0.02864888535687285,-0.07897568132477724,-0.11801795194960298,-0.1287053656517155,-0.1442968566776243,-0.17320275944516197,-0.29457358288601876,-0.4005900439890169,-0.6585329678004557,-0.8073414770958235,-0.8212722388426753,-0.9588872558306147,-1.0523215559709211,0.0,0.0,0.0,0.0,0.0,0.0,0.0,0.0,0.0,0.0,0.0,0.0,0.0,0.0,0.0,0.0,0.0,0.0,0.0,0.0,0.0,0.0,0.0,0.0,0.0,0.0,0.0,0.0,0.0,0.0,0.0,0.0,48
0304_2E_3_ethyl_4_methylpent_2_ene.xyz,145.9942676935342,47.25972654306253,39.4630416886103,24.227572381442915,22.87706867101706,13.370738158632292,11.065072015330937,4.174854310773442,0.06354693856695613,0.02125741030115831,-0.03364674878746323,-0.05021423610604011,-0.07395496706940831,-0.10230718492153679,-0.1059736245537476,-0.13222622337131457,-0.1861230742507125,-0.33060024531621146,-0.4060409826817234,-0.5260376988310246,-0.8106880579955792,-0.9071876468954119,-0.9314928221504758,-1.0558107029337835,0.0,0.0,0.0,0.0,0.0,0.0,0.0,0.0,0.0,0.0,0.0,0.0,0.0,0.0,0.0,0.0,0.0,0.0,0.0,0.0,0.0,0.0,0.0,0.0,0.0,0.0,0.0,0.0,0.0,0.0,0.0,0.0,48
0305_2E_3_ethylhex_2_ene.xyz,142.26071920742737,52.23459835999674,39.43643807224446,27.750295263299826,17.582193364186814,13.694791919775005,10.938818937868566,4.56798943772038,0.10780275330531744,0.009964892370243233,-0.04974856658873825,-0.06576419498068502,-0.07324900721085607,-0.09648797787598734,-0.12818374886440728,-0.15523273801735235,-0.18405490045443584,-0.3872759505103072,-0.4218912628404754,-0.5314796804706353,-0.7040445113251446,-0.9079666210371274,-0.9538807768630793,-1.059510675747986,0.0,0.0,0.0,0.0,0.0,0.0,0.0,0.0,0.0,0.0,0.0,0.0,0.0,0.0,0.0,0.0,0.0,0.0,0.0,0.0,0.0,0.0,0.0,0.0,0.0,0.0,0.0,0.0,0.0,0.0,0.0,0.0,48
0306_2E_3_methylhept_2_ene.xyz,139.0301653293393,59.90847541984351,34.977847483269656,26.82684069663078,19.04128481315334,13.894340686974198,9.993672724821252,4.802311910176167,0.1209679057655203,0.014540563603414394,-0.04122830869461105,-0.06932781837512923,-0.07293279964097872,-0.09373183056963619,-0.14173504774963308,-0.17331729722390854,-0.17751328370566918,-0.36624565394545827,-0.40514449517229495,-0.5805599427887422,-0.763825980560247,-0.8250519585004966,-0.976648842911247,-1.0583426783316328,0.0,0.0,0.0,0.0,0.0,0.0,0.0,0.0,0.0,0.0,0.0,0.0,0.0,0.0,0.0,0.0,0.0,0.0,0.0,0.0,0.0,0.0,0.0,0.0,0.0,0.0,0.0,0.0,0.0,0.0,0.0,0.0,48
0307_2E_3_methylhex_2_ene.xyz,133.5727861698503,48.85173118064891,31.839362403081303,23.32343421505401,17.028175991415257,10.509073463342784,4.784409802817818,0.048496603242964335,0.00742394237754359,-0.017337060420064488,-0.0734554231866077,-0.08360469859763404,-0.12844437464311165,-0.14595835912547625,-0.1781800131057716,-0.38952903077137424,-0.41435109844668977,-0.6919662579783081,-0.8213135468045227,-0.9544171633692892,-1.0596003494004458,0.0,0.0,0.0,0.0,0.0,0.0,0.0,0.0,0.0,0.0,0.0,0.0,0.0,0.0,0.0,0.0,0.0,0.0,0.0,0.0,0.0,0.0,0.0,0.0,0.0,0.0,0.0,0.0,0.0,0.0,0.0,0.0,0.0,0.0,0.0,42
0308_2E_44_dimethylhex_2_ene.xyz,145.47636771735313,52.4168752640522,34.0802929715017,24.169600780180108,22.54787383427608,15.610210835160242,8.982922970297768,5.246612813566716,0.0269008971792583,0.02274659540349465,-0.027450653944214885,-0.060386605720582874,-0.07278472346614717,-0.08402803658010306,-0.11420775447748031,-0.15491493094868553,-0.18049438770024578,-0.2832312414793955,-0.5063035405678458,-0.5692554287675942,-0.812345647170642,-0.8604752960239369,-0.9481638075994081,-1.0415210291169563,0.0,0.0,0.0,0.0,0.0,0.0,0.0,0.0,0.0,0.0,0.0,0.0,0.0,0.0,0.0,0.0,0.0,0.0,0.0,0.0,0.0,0.0,0.0,0.0,0.0,0.0,0.0,0.0,0.0,0.0,0.0,0.0,48
0309_2E_44_dimethylpent_2_ene.xyz,135.68268860630877,48.49716671347872,24.168230455869992,24.08644081836404,22.141426444865285,10.011201133851554,5.384585851220426,0.04484691447963947,-0.022475905622906453,-0.023040528667949034,-0.06911490484032431,-0.07474240888874223,-0.1308090295675921,-0.13242171831140492,-0.1550192023686495,-0.282715487644966,-0.5515627728760404,-0.8097983867831023,-0.8110041077046709,-0.9191216653146056,-1.0280244238658824,0.0,0.0,0.0,0.0,0.0,0.0,0.0,0.0,0.0,0.0,0.0,0.0,0.0,0.0,0.0,0.0,0.0,0.0,0.0,0.0,0.0,0.0,0.0,0.0,0.0,0.0,0.0,0.0,0.0,0.0,0.0,0.0,0.0,0.0,0.0,42
0310_2E_45_dimethylhex_2_ene.xyz,143.4286119565705,54.501519761227215,35.52746851326092,25.02064616615803,21.218843835399927,14.327903497469045,8.486397269309473,6.059640973632046,0.02077256170646969,-0.005116303534921425,-0.06448317544394352,-0.06574784388680374,-0.07594217668621497,-0.0847432090532446,-0.12907120219927037,-0.15648043919145602,-0.18176397151988255,-0.32355484193599754,-0.40510409579366546,-0.5762890496496673,-0.807828015947746,-0.8635173241953539,-0.9468221624714508,-1.0404991278164994,0.0,0.0,0.0,0.0,0.0,0.0,0.0,0.0,0.0,0.0,0.0,0.0,0.0,0.0,0.0,0.0,0.0,0.0,0.0,0.0,0.0,0.0,0.0,0.0,0.0,0.0,0.0,0.0,0.0,0.0,0.0,0.0,48
0311_2E4E_hexa_24_diene.xyz,119.21250316742854,51.50170756983145,28.10021339474977,17.110704822384083,8.563321087133104,5.570365097807574,-0.06309441855334103,-0.06563563665306646,-0.06884282202243354,-0.072615336235649,-0.171655707658522,-0.3258116394024422,-0.46826931203926114,-0.6763185587202015,-0.922839773218385,-1.075100738275597,0.0,0.0,0.0,0.0,0.0,0.0,0.0,0.0,0.0,0.0,0.0,0.0,0.0,0.0,0.0,0.0,0.0,0.0,0.0,0.0,0.0,0.0,0.0,0.0,0.0,0.0,0.0,0.0,0.0,0.0,0.0,0.0,0.0,0.0,0.0,0.0,0.0,0.0,0.0,0.0,34
0312_2E_4_ethylhex_2_ene.xyz,142.4244306561921,50.19098024706432,42.8488264921169,26.499595230332403,18.519454652849106,12.60608384579146,9.392395699894044,6.085431180167964,0.05740116175824167,-0.036830337499313005,-0.06342283648075182,-0.06394142050926303,-0.07012160156149135,-0.08471820563365479,-0.1134745240626016,-0.1753503481127027,-0.19585120857701496,-0.3514597711978606,-0.5113292388483052,-0.533277518290938,-0.6437053971419643,-0.9309043889156183,-0.9421385227220679,-1.0432322512055139,0.0,0.0,0.0,0.0,0.0,0.0,0.0,0.0,0.0,0.0,0.0,0.0,0.0,0.0,0.0,0.0,0.0,0.0,0.0,0.0,0.0,0.0,0.0,0.0,0.0,0.0,0.0,0.0,0.0,0.0,0.0,0.0,48
0313_2E_4_methhylhept_2_ene.xyz,139.10873276360525,58.009182276524506,39.13873657741736,23.248178163212113,21.07556680048212,12.699628337034104,9.080348557390579,6.207006679621321,0.08358602978443518,-0.050143523771017794,-0.06165270214096511,-0.06699510719148527,-0.07085786927747403,-0.08381159898583004,-0.14276472092216044,-0.1531354759765682,-0.19201163956502315,-0.35173887285123734,-0.45645867463083356,-0.5695850165605956,-0.692043830984539,-0.884997665449359,-0.9674391085172465,-1.0424887828400213,0.0,0.0,0.0,0.0,0.0,0.0,0.0,0.0,0.0,0.0,0.0,0.0,0.0,0.0,0.0,0.0,0.0,0.0,0.0,0.0,0.0,0.0,0.0,0.0,0.0,0.0,0.0,0.0,0.0,0.0,0.0,0.0,48
0314_2E_4_methylhex_2_ene.xyz,131.29505945978127,51.790255243329135,32.52106794362883,22.8208254051561,15.907132774415402,9.465217657458128,6.2047280740273685,0.030035475399238072,-0.02284480753868922,-0.06515620280105873,-0.0665767793990036,-0.08544765831211812,-0.11381787973578363,-0.1603582795655636,-0.1933386512246134,-0.35822668896839405,-0.510080789684471,-0.6056289041757272,-0.8535153088931626,-0.9462464984565735,-1.046347188458652,0.0,0.0,0.0,0.0,0.0,0.0,0.0,0.0,0.0,0.0,0.0,0.0,0.0,0.0,0.0,0.0,0.0,0.0,0.0,0.0,0.0,0.0,0.0,0.0,0.0,0.0,0.0,0.0,0.0,0.0,0.0,0.0,0.0,0.0,0.0,42
0315_2E_55_dimethylhex_2_ene.xyz,143.76108945380992,57.448730859759564,29.039583260792824,24.125663981456558,24.00016229351756,16.091607184864465,8.124314294867288,5.972062086557218,0.0395788238731044,0.03674856353344755,-0.03222870301599405,-0.06373750854575173,-0.07389925635572109,-0.11769825927440015,-0.1332392683916295,-0.15360035418361898,-0.15811860233838682,-0.25120415250616523,-0.48293225677967067,-0.7168375988519763,-0.8088493234016785,-0.8099121834436535,-0.9378219225551001,-1.0346198179807164,0.0,0.0,0.0,0.0,0.0,0.0,0.0,0.0,0.0,0.0,0.0,0.0,0.0,0.0,0.0,0.0,0.0,0.0,0.0,0.0,0.0,0.0,0.0,0.0,0.0,0.0,0.0,0.0,0.0,0.0,0.0,0.0,48
0316_2E_5_methylhept_2_ene.xyz,139.32882186384103,59.967092752710556,34.76176061992166,27.216372824099555,18.783644485044103,13.82447094074098,8.272709959426342,6.413707583243621,0.07300148215990379,-0.011374369691353536,-0.0632871668396479,-0.06630692412605803,-0.07585295483466503,-0.1021877603491239,-0.14220433256181167,-0.1677456565760931,-0.18716756018997843,-0.3201206103672318,-0.48893951863467555,-0.547945080665141,-0.7294371873315557,-0.8563205988448206,-0.9728297474050903,-1.0450214473629125,0.0,0.0,0.0,0.0,0.0,0.0,0.0,0.0,0.0,0.0,0.0,0.0,0.0,0.0,0.0,0.0,0.0,0.0,0.0,0.0,0.0,0.0,0.0,0.0,0.0,0.0,0.0,0.0,0.0,0.0,0.0,0.0,48
0317_2E_5_methylhex_2_ene.xyz,130.67732577133017,54.53791902598951,28.893776825391495,24.098811195598035,16.357042830890343,9.024146938764789,6.413142056486664,0.05181727352504846,-0.025508884425836924,-0.060923847503137264,-0.06694806301107109,-0.09715305441923647,-0.1296722485781602,-0.14933047892039372,-0.18938328819148012,-0.3227113997409838,-0.4889271189604921,-0.7230219857797929,-0.8076740652762827,-0.94415847643675,-1.0418326107508313,0.0,0.0,0.0,0.0,0.0,0.0,0.0,0.0,0.0,0.0,0.0,0.0,0.0,0.0,0.0,0.0,0.0,0.0,0.0,0.0,0.0,0.0,0.0,0.0,0.0,0.0,0.0,0.0,0.0,0.0,0.0,0.0,0.0,0.0,0.0,42
0318_2E_6_methylhept_2_ene.xyz,137.00501538095708,63.51687139920986,34.71708667780792,24.183011229327292,20.888094341038745,13.42744395403885,8.341166599487815,6.491294446575901,0.07868541676199955,-0.01685796699256956,-0.03560386541994415,-0.06720802528066455,-0.07105922063724301,-0.1246299522780853,-0.14266171928348037,-0.15623518493238966,-0.21080304617136705,-0.2953584722108896,-0.47197121928814056,-0.577099475944423,-0.7890246994916511,-0.8111070393601212,-0.9710131529296407,-1.04319480957721,0.0,0.0,0.0,0.0,0.0,0.0,0.0,0.0,0.0,0.0,0.0,0.0,0.0,0.0,0.0,0.0,0.0,0.0,0.0,0.0,0.0,0.0,0.0,0.0,0.0,0.0,0.0,0.0,0.0,0.0,0.0,0.0,48
0319_2E_hept_2_ene.xyz,127.08659443986895,57.67805338994851,32.85253018121504,21.638001179208135,14.832460182118098,9.424213457491984,6.49026440943027,0.04136803289819368,-0.005761033871905805,-0.06684904921522175,-0.06960481794188955,-0.09547967448086515,-0.12038640877851713,-0.16953588267162542,-0.21329710651685677,-0.3738938517478086,-0.4891654964603579,-0.6240497813925124,-0.789420749747914,-0.9687179234342137,-1.0505870999379943,0.0,0.0,0.0,0.0,0.0,0.0,0.0,0.0,0.0,0.0,0.0,0.0,0.0,0.0,0.0,0.0,0.0,0.0,0.0,0.0,0.0,0.0,0.0,0.0,0.0,0.0,0.0,0.0,0.0,0.0,0.0,0.0,0.0,0.0,0.0,42
0320_2E_oct_2_ene.xyz,137.67891783938904,59.04037923482243,40.433598310237045,25.374957924978258,18.016624888785092,12.387398464230236,9.379040901782128,6.25678685462477,0.08070236254830289,-0.0374761668224013,-0.06427832051806806,-0.07241293229109232,-0.07335665047179721,-0.08977250374251572,-0.13792699599733738,-0.16357568634280018,-0.20781065817687003,-0.3669359761116077,-0.4752867539256865,-0.5329348040730313,-0.681796869084927,-0.8519819350759994,-0.9816268039146037,-1.0463921294408922,0.0,0.0,0.0,0.0,0.0,0.0,0.0,0.0,0.0,0.0,0.0,0.0,0.0,0.0,0.0,0.0,0.0,0.0,0.0,0.0,0.0,0.0,0.0,0.0,0.0,0.0,0.0,0.0,0.0,0.0,0.0,0.0,48
0321_2_Ethyl_33_dimethylbut_1_ene.xyz,149.33660705948972,46.80056993403899,34.15105209793848,24.309905760428407,22.988089081064675,15.491381082705018,10.782622029089117,4.6293392780986045,0.09133517119470266,0.030565868421420776,1.1723607985681628e-07,-0.03332080393777405,-0.08152996210630817,-0.11089904484183183,-0.13860596390733784,-0.15315920810823974,-0.1635657682409852,-0.19286762997822834,-0.5191023721029767,-0.7522895642642388,-0.8118645619860521,-0.8184461303682251,-0.9432296305931993,-1.027745243862277,0.0,0.0,0.0,0.0,0.0,0.0,0.0,0.0,0.0,0.0,0.0,0.0,0.0,0.0,0.0,0.0,0.0,0.0,0.0,0.0,0.0,0.0,0.0,0.0,0.0,0.0,0.0,0.0,0.0,0.0,0.0,0.0,48
0322_2_Ethylnaphthalene.xyz,191.21156629793393,73.62624047040498,46.519211856166166,40.41753121065457,28.463873182329667,25.8380205477231,14.523140332186475,11.216578417836358,8.363615651026764,7.435190968363557,4.39201671433383,1.7752852316931853,-0.00023092250826729834,-0.06462430550751323,-0.12069995196761597,-0.13942068402557303,-0.2690222862609251,-0.33298014507466633,-0.4832082503400038,-0.5243072994417122,-0.5753818076113238,-0.7758218782074481,-0.9687113890001036,-1.230599567595938,0.0,0.0,0.0,0.0,0.0,0.0,0.0,0.0,0.0,0.0,0.0,0.0,0.0,0.0,0.0,0.0,0.0,0.0,0.0,0.0,0.0,0.0,0.0,0.0,0.0,0.0,0.0,0.0,0.0,0.0,0.0,0.0,60
0323_2_Ethylpent_1_ene.xyz,134.36343671662968,46.36686457275328,34.719901898657206,22.945371204233073,14.932720022681076,11.076195075309851,5.5662136220976866,0.06787465732559754,0.017245209977367885,-0.024822118314259504,-0.09023154900255297,-0.09472046367096917,-0.12015429510598735,-0.14942187667366724,-0.16776489124230343,-0.402781394785815,-0.5265305938137896,-0.6626792953431988,-0.8104377314725991,-0.9550723343197881,-1.0444700399383446,0.0,0.0,0.0,0.0,0.0,0.0,0.0,0.0,0.0,0.0,0.0,0.0,0.0,0.0,0.0,0.0,0.0,0.0,0.0,0.0,0.0,0.0,0.0,0.0,0.0,0.0,0.0,0.0,0.0,0.0,0.0,0.0,0.0,0.0,0.0,42
0324_2_Methyl_23_pentadiene.xyz,122.77125650441334,46.03488068834795,24.41895936975496,22.806925890873206,10.992479087179808,2.7131575664184915,-0.002632433542473542,-0.03952386702024265,-0.0627198945254316,-0.07231698377726578,-0.1074532496437527,-0.12928947476151226,-0.3982759947069234,-0.805077955291313,-0.9004719550616238,-1.0712661021015741,0.0,0.0,0.0,0.0,0.0,0.0,0.0,0.0,0.0,0.0,0.0,0.0,0.0,0.0,0.0,0.0,0.0,0.0,0.0,0.0,0.0,0.0,0.0,0.0,0.0,0.0,0.0,0.0,0.0,0.0,0.0,0.0,0.0,0.0,0.0,0.0,0.0,0.0,0.0,0.0,34
0325_2_Methyl_2_propanylcyclopentane.xyz,162.14454243776572,55.18066181484289,29.92806226944003,27.48844674526572,23.084909486922903,22.72270189039712,11.268922536075895,9.169962675544289,5.975665712169751,0.1369533827726267,0.042607723305840985,0.035590125499601465,-0.03329055377343145,-0.11871189183495738,-0.12441145600237344,-0.13949718671749292,-0.1580826030279786,-0.15861609953180783,-0.21290185957917968,-0.22815104294285896,-0.4211041203844202,-0.5242286128188405,-0.7968775447750854,-0.8123296147039921,-0.8204463778042811,-0.9252911708631342,-0.9821398704089875,0.0,0.0,0.0,0.0,0.0,0.0,0.0,0.0,0.0,0.0,0.0,0.0,0.0,0.0,0.0,0.0,0.0,0.0,0.0,0.0,0.0,0.0,0.0,0.0,0.0,0.0,0.0,0.0,0.0,54
0326_2_Methyl_3_methylenehexane.xyz,144.28918881909294,52.23263203744127,37.112731773201126,24.131734726508043,21.66244395788665,13.06338370908342,10.912774393058926,5.111832382264909,0.11029287201912946,0.008950317820642437,-0.02775112712884066,-0.06689281386668705,-0.07400103962906336,-0.10556234042034816,-0.12343775295176133,-0.160284007151388,-0.17086471491654726,-0.3287029596250933,-0.43875188788196784,-0.6555013395009343,-0.8033610916676373,-0.8129694505977247,-0.9573339753568675,-1.0457088922746207,0.0,0.0,0.0,0.0,0.0,0.0,0.0,0.0,0.0,0.0,0.0,0.0,0.0,0.0,0.0,0.0,0.0,0.0,0.0,0.0,0.0,0.0,0.0,0.0,0.0,0.0,0.0,0.0,0.0,0.0,0.0,0.0,48
0327_2_Methyl_4_methlenehexane.xyz,144.163299077151,54.085623127898295,34.8452015908658,24.28873620767187,21.45377828166187,14.956270896200353,9.290428357927862,5.453143050197387,0.08639663164197271,0.024044321995732122,-0.021343770663779363,-0.056758854829673584,-0.07367602538191083,-0.10739347293163423,-0.13253808787465832,-0.15229080802478742,-0.1736894120375693,-0.2921498323286318,-0.5279494356051921,-0.6321967396346269,-0.8042651848682704,-0.8084611426371352,-0.9571622233678079,-1.0422049576189598,0.0,0.0,0.0,0.0,0.0,0.0,0.0,0.0,0.0,0.0,0.0,0.0,0.0,0.0,0.0,0.0,0.0,0.0,0.0,0.0,0.0,0.0,0.0,0.0,0.0,0.0,0.0,0.0,0.0,0.0,0.0,0.0,48
0328_2_Methylbut_1_ene.xyz,112.18519351464579,35.66412347076876,23.994562780517114,15.08422259152651,5.927688575433919,0.022982628858498142,0.0020559699887174867,-0.029895038864192248,-0.09036976729446004,-0.14778325782481125,-0.16687160139296237,-0.5171136216473848,-0.7262659406428886,-0.8635490179776726,-1.0484552889651524,0.0,0.0,0.0,0.0,0.0,0.0,0.0,0.0,0.0,0.0,0.0,0.0,0.0,0.0,0.0,0.0,0.0,0.0,0.0,0.0,0.0,0.0,0.0,0.0,0.0,0.0,0.0,0.0,0.0,0.0,0.0,0.0,0.0,0.0,0.0,0.0,0.0,0.0,0.0,0.0,0.0,30
0329_2_Methylbut_2_ene.xyz,112.24432314145983,35.09443767569679,24.26385508029193,16.157048052377025,5.035569201468232,0.018960694816422062,0.0007814965906761632,-0.05739357217229862,-0.07413654978294618,-0.13431541685754397,-0.17018833220974755,-0.39647723015140446,-0.8008599316331038,-0.8321624072846371,-1.0589159054794886,0.0,0.0,0.0,0.0,0.0,0.0,0.0,0.0,0.0,0.0,0.0,0.0,0.0,0.0,0.0,0.0,0.0,0.0,0.0,0.0,0.0,0.0,0.0,0.0,0.0,0.0,0.0,0.0,0.0,0.0,0.0,0.0,0.0,0.0,0.0,0.0,0.0,0.0,0.0,0.0,0.0,30
0330_2_Methyldecane.xyz,152.8720510971533,81.42538118129855,52.10055735669825,34.546716462494345,24.1852600478595,23.785715437961784,16.782298777813775,12.519070982391918,10.054632850256151,9.252651945887521,8.139289501388475,0.21413145485205892,0.08713986823402851,0.004437493957311325,-0.019066450846841575,-0.06695275145424341,-0.06904016415646387,-0.11145177775588758,-0.11562060725437275,-0.132792089583737,-0.14935644358978215,-0.15872213980543426,-0.18252268558362222,-0.1895797285925457,-0.22780288263159673,-0.32148677857384694,-0.43549702944659563,-0.5232356362781108,-0.5984606111736779,-0.6836489783068573,-0.7914254177603226,-0.8095013822319768,-0.9132310237116359,-0.9999623802691002,-1.030820305554989,0.0,0.0,0.0,0.0,0.0,0.0,0.0,0.0,0.0,0.0,0.0,0.0,0.0,0.0,0.0,0.0,0.0,0.0,0.0,0.0,0.0,68
0331_2_Methylhept_1_ene.xyz,139.44579016559078,60.86229585363915,33.978009893595626,24.131776940640123,21.650444186144686,13.508651050209185,9.088477603010782,5.883495017857992,0.08039339573890998,0.0026186571970923775,-0.007102368312369741,-0.05078325053004667,-0.0869608322931083,-0.10690428898994798,-0.13778875066769145,-0.15066290271950508,-0.1813076713162717,-0.32361897361163044,-0.5210660204342019,-0.6353421804064301,-0.7257626595892763,-0.8158749926715232,-0.9830026439946369,-1.0409336326801126,0.0,0.0,0.0,0.0,0.0,0.0,0.0,0.0,0.0,0.0,0.0,0.0,0.0,0.0,0.0,0.0,0.0,0.0,0.0,0.0,0.0,0.0,0.0,0.0,0.0,0.0,0.0,0.0,0.0,0.0,0.0,0.0,48
0332_2_Methylhept_2_ene.xyz,139.96972970540935,59.24990134159733,35.57007996179275,24.262321606905616,20.829497683269864,14.07822473993005,9.613566126309195,4.907360125119299,0.08007689678168084,0.002227047523701913,-0.011793829788914448,-0.05936750667386594,-0.07181898065031272,-0.1338002738758687,-0.13592957471161154,-0.14450970070687677,-0.15546175585930977,-0.326623932994783,-0.4422982736920345,-0.5927798261288268,-0.7919557800816338,-0.8094091427218011,-0.970584982832133,-1.0518100785130835,0.0,0.0,0.0,0.0,0.0,0.0,0.0,0.0,0.0,0.0,0.0,0.0,0.0,0.0,0.0,0.0,0.0,0.0,0.0,0.0,0.0,0.0,0.0,0.0,0.0,0.0,0.0,0.0,0.0,0.0,0.0,0.0,48
0333_2_Methylheptane.xyz,135.85100324312705,62.943306116263734,35.20303578913121,24.187404009206336,20.61284500743349,13.22668423571319,9.809523264302259,8.14457833364878,0.16914010481344371,0.02835560117579586,-0.019073292915906655,-0.057896824091972034,-0.06904683854553344,-0.11808804910468954,-0.12751727337669275,-0.1357907710455671,-0.16940253215736456,-0.18105659799578183,-0.24081948209477624,-0.38036319230158905,-0.5279610691416723,-0.6542913280570526,-0.8029947135818213,-0.8213842084528566,-0.975142600796807,-1.030205335747559,0.0,0.0,0.0,0.0,0.0,0.0,0.0,0.0,0.0,0.0,0.0,0.0,0.0,0.0,0.0,0.0,0.0,0.0,0.0,0.0,0.0,0.0,0.0,0.0,0.0,0.0,0.0,0.0,0.0,0.0,50
0334_2_Methylhex_1_ene.xyz,131.9781209667534,52.42120925637457,29.704800292626114,23.841058901403137,15.974207842649488,10.214623626195552,5.843148368152022,0.0857293157151904,-0.0017751155355050824,-0.05032827100754861,-0.06173828902468684,-0.0794707873001731,-0.1392477865014936,-0.14051434261051782,-0.16285100260509108,-0.38051952175712533,-0.5496727233232909,-0.7083851819751015,-0.7859571352312562,-0.9568149572515342,-1.0388870597644635,0.0,0.0,0.0,0.0,0.0,0.0,0.0,0.0,0.0,0.0,0.0,0.0,0.0,0.0,0.0,0.0,0.0,0.0,0.0,0.0,0.0,0.0,0.0,0.0,0.0,0.0,0.0,0.0,0.0,0.0,0.0,0.0,0.0,0.0,0.0,42
0335_2_Methylhex_2_ene.xyz,131.7194439783462,52.95723251983416,28.18227552009528,24.28721692508514,17.48091167528431,10.436757324236998,4.84790698630717,0.0451050579064013,0.0008039345265404929,-0.024517564235439156,-0.044543799166268494,-0.09076501971721346,-0.13115369350884942,-0.14066558040418292,-0.17160961168341154,-0.3415156759371237,-0.4766755824152014,-0.7238964840704192,-0.8057842612997032,-0.9444031196843298,-1.055387133518444,0.0,0.0,0.0,0.0,0.0,0.0,0.0,0.0,0.0,0.0,0.0,0.0,0.0,0.0,0.0,0.0,0.0,0.0,0.0,0.0,0.0,0.0,0.0,0.0,0.0,0.0,0.0,0.0,0.0,0.0,0.0,0.0,0.0,0.0,0.0,42
0336_2_Methylhex_3_yne.xyz,130.15117894963515,55.19169300647659,30.60619500967357,24.262749318118065,15.592694049931428,10.095383591408103,2.264824029385025,0.004316704644157226,0.003954664032628186,-0.033350625614849264,-0.07118530505702703,-0.1083847939807491,-0.13015830612543128,-0.14000129725654792,-0.30836684786603885,-0.5572161787150697,-0.8130682048930927,-0.9500317279602712,-1.054489639853919,0.0,0.0,0.0,0.0,0.0,0.0,0.0,0.0,0.0,0.0,0.0,0.0,0.0,0.0,0.0,0.0,0.0,0.0,0.0,0.0,0.0,0.0,0.0,0.0,0.0,0.0,0.0,0.0,0.0,0.0,0.0,0.0,0.0,0.0,0.0,0.0,0.0,40
0337_2_Methylhexane.xyz,128.7594712987102,55.096349407184036,28.722052210029922,24.186014461024726,15.96371322124567,10.544926924389992,8.144333936199013,0.14557691795288719,0.009760258653774532,-0.019504001012119257,-0.06851602357108372,-0.08767255130368241,-0.1229145851226469,-0.1333512323799993,-0.1547151605728311,-0.17983837074934095,-0.24610760457963193,-0.4143797183942149,-0.5813993400625926,-0.7621064495379283,-0.8086224293608788,-0.9542089072327388,-1.0321258655288923,0.0,0.0,0.0,0.0,0.0,0.0,0.0,0.0,0.0,0.0,0.0,0.0,0.0,0.0,0.0,0.0,0.0,0.0,0.0,0.0,0.0,0.0,0.0,0.0,0.0,0.0,0.0,0.0,0.0,0.0,0.0,0.0,0.0,44
0338_2_Methylindene.xyz,175.7844457377799,63.94177489950233,39.27653294797686,33.801832821291306,21.80503546606087,19.30438142592044,9.126562862311074,7.647906532748388,5.08355185992498,2.2407425453382106,-0.016991082219889386,-0.07126584548318643,-0.12186098181522759,-0.12404984325725656,-0.3394074136306559,-0.502052782274175,-0.5568200001965244,-0.681705865380962,-0.9308867473097618,-1.0866745430272422,0.0,0.0,0.0,0.0,0.0,0.0,0.0,0.0,0.0,0.0,0.0,0.0,0.0,0.0,0.0,0.0,0.0,0.0,0.0,0.0,0.0,0.0,0.0,0.0,0.0,0.0,0.0,0.0,0.0,0.0,0.0,0.0,0.0,0.0,0.0,0.0,50
0339_2_Methylnaphthalene.xyz,184.89903192254127,68.57824546842244,44.38569638391059,35.592278766642316,27.59572867664113,20.41899186504891,11.329233200416937,8.61701855311716,7.50413845599879,4.523966658493804,1.7894379519930455,-0.06766788698727222,-0.06791489175535911,-0.1209334748552376,-0.26425656151890514,-0.33316034947817086,-0.4871801360700991,-0.5723321837376529,-0.7287130527084101,-0.9162270501780473,-1.236225122251925,0.0,0.0,0.0,0.0,0.0,0.0,0.0,0.0,0.0,0.0,0.0,0.0,0.0,0.0,0.0,0.0,0.0,0.0,0.0,0.0,0.0,0.0,0.0,0.0,0.0,0.0,0.0,0.0,0.0,0.0,0.0,0.0,0.0,0.0,0.0,54
0340_2_Methylnonane.xyz,147.75222871530968,75.93712704428467,46.89823325679374,30.04432268764998,24.186693797340876,20.120512718532826,14.042866212577646,10.65863257226786,9.323417227400258,8.137716665379402,0.20237397299363555,0.06787983482536038,-0.012237926342490768,-0.019799685685556574,-0.06892916385004927,-0.08843878542142897,-0.11241839694552162,-0.12623726440076236,-0.1413715350097852,-0.1543240491327777,-0.17820203083620184,-0.18789757688630235,-0.23171454822454327,-0.3363745631713882,-0.46020637322467806,-0.5534429752956759,-0.6416970749631259,-0.755800463341362,-0.8075927216922132,-0.8889594511212636,-0.9951094909473445,-1.030198634603949,0.0,0.0,0.0,0.0,0.0,0.0,0.0,0.0,0.0,0.0,0.0,0.0,0.0,0.0,0.0,0.0,0.0,0.0,0.0,0.0,0.0,0.0,0.0,0.0,62
0341_2_Methyloctane.xyz,142.12362878285194,69.81871809051466,41.281684121227876,25.360175662095394,24.18616326776424,16.556121704010636,11.582705794010762,9.485278981712952,8.145624397069032,0.18758644698274518,0.04818680152678754,-0.01888491853412334,-0.03410310250566027,-0.06894762943372013,-0.10244598663332369,-0.1231188363452732,-0.1323204810014043,-0.14745646030601373,-0.17226790724095536,-0.18621905320098595,-0.2360737339532441,-0.35523963769673966,-0.4903721814398585,-0.5928975302376088,-0.7093235685316153,-0.8067160008931845,-0.8605291927073992,-0.984607026814496,-1.0314040074579862,0.0,0.0,0.0,0.0,0.0,0.0,0.0,0.0,0.0,0.0,0.0,0.0,0.0,0.0,0.0,0.0,0.0,0.0,0.0,0.0,0.0,0.0,0.0,0.0,0.0,0.0,0.0,56
0342_2_Methylpent_1_ene.xyz,123.41850813795426,43.90383676665762,23.99005734401795,22.88190298650933,11.344655730860834,5.87499160090778,0.03921250144731253,0.006924856283565008,-0.019935972693601534,-0.08176847278073716,-0.11630063157900676,-0.14920757816424948,-0.1632854402082956,-0.40854279104084473,-0.6640930249800062,-0.7371968928178453,-0.9293337166259309,-1.041794207192468,0.0,0.0,0.0,0.0,0.0,0.0,0.0,0.0,0.0,0.0,0.0,0.0,0.0,0.0,0.0,0.0,0.0,0.0,0.0,0.0,0.0,0.0,0.0,0.0,0.0,0.0,0.0,0.0,0.0,0.0,0.0,0.0,0.0,0.0,0.0,0.0,0.0,0.0,36
0343_2_Methylpent_2_ene.xyz,122.30362298609205,45.14069967763326,24.2652124760235,22.365141462844,12.316826497283124,4.963006412703775,0.043227218808917875,-0.003906018884884376,-0.03854224931267749,-0.06960608295579461,-0.10418599661517927,-0.1344966008236022,-0.1736866050353358,-0.3696429878741577,-0.5834275545942622,-0.8045983936694265,-0.9146623776449979,-1.0523506674226855,0.0,0.0,0.0,0.0,0.0,0.0,0.0,0.0,0.0,0.0,0.0,0.0,0.0,0.0,0.0,0.0,0.0,0.0,0.0,0.0,0.0,0.0,0.0,0.0,0.0,0.0,0.0,0.0,0.0,0.0,0.0,0.0,0.0,0.0,0.0,0.0,0.0,0.0,36
0344_2_Methylpenta_14_diene.xyz,123.07233616261959,47.11185665464723,24.012671385682598,21.400265488398336,8.685514236072667,5.737346497265307,0.018058445261771524,-0.004482605585343132,-0.0536045944396824,-0.0996628310260897,-0.16248277328826835,-0.2817873665828941,-0.6108137679983796,-0.731668082061095,-0.898872195624218,-1.0460434567858103,0.0,0.0,0.0,0.0,0.0,0.0,0.0,0.0,0.0,0.0,0.0,0.0,0.0,0.0,0.0,0.0,0.0,0.0,0.0,0.0,0.0,0.0,0.0,0.0,0.0,0.0,0.0,0.0,0.0,0.0,0.0,0.0,0.0,0.0,0.0,0.0,0.0,0.0,0.0,0.0,34
0345_2_Methylpentane.xyz,120.51571408100088,46.11987101983166,24.186537916628577,21.9021282204382,11.949793511035969,8.18034997518458,0.11719789062149034,-0.013811657361972679,-0.01966612905089889,-0.06793933569290973,-0.10550020101186196,-0.1309568289008496,-0.15286703383906694,-0.16732870044708423,-0.25318955555009426,-0.46270573408750515,-0.6798587531593241,-0.8076098156521474,-0.9323215058152322,-1.0292061676167632,0.0,0.0,0.0,0.0,0.0,0.0,0.0,0.0,0.0,0.0,0.0,0.0,0.0,0.0,0.0,0.0,0.0,0.0,0.0,0.0,0.0,0.0,0.0,0.0,0.0,0.0,0.0,0.0,0.0,0.0,0.0,0.0,0.0,0.0,0.0,0.0,38
0346_2_Methylpropylcyclopentane.xyz,156.2166359023475,62.130739962474394,31.103479380055383,28.472524453606525,24.152742445572805,18.978115858016256,9.789618691638006,9.197011518725647,6.942318996366686,0.12231785198412867,0.035755772704623885,-0.01031975196442706,-0.061075799182545985,-0.08548832231451223,-0.10507697009097995,-0.1305947623872373,-0.1601362434590497,-0.17350517964257464,-0.19179141068883435,-0.33628906368215855,-0.4200197722757564,-0.5223854521968745,-0.6364740231485938,-0.8076503791690183,-0.8550376711543897,-0.9216059851126785,-1.0008632521888368,0.0,0.0,0.0,0.0,0.0,0.0,0.0,0.0,0.0,0.0,0.0,0.0,0.0,0.0,0.0,0.0,0.0,0.0,0.0,0.0,0.0,0.0,0.0,0.0,0.0,0.0,0.0,0.0,0.0,54
0347_2S_2_ethyl_11_dimethylcyclopentane.xyz,162.7658703311862,47.56664272346815,41.060676151260246,26.755199207458283,22.801375464437754,18.826194393411903,12.352415620252724,8.75523888959958,6.097938485066282,0.08267528572474982,0.05920467507202991,0.012089793924603513,-0.044638612450315876,-0.0830678025134244,-0.10240023987732015,-0.14011986066097834,-0.1621020536783102,-0.17777727289334697,-0.18800196177275916,-0.2676601740223886,-0.42188319802326424,-0.5366866919859851,-0.6699903221692712,-0.81339471577473,-0.8821545481439406,-0.9422623605936208,-0.9804344114694095,0.0,0.0,0.0,0.0,0.0,0.0,0.0,0.0,0.0,0.0,0.0,0.0,0.0,0.0,0.0,0.0,0.0,0.0,0.0,0.0,0.0,0.0,0.0,0.0,0.0,0.0,0.0,0.0,0.0,54
0348_2Z_344_trimethylpent_2_ene.xyz,149.39015099236195,46.66807803512057,33.94996500260401,24.26891906896994,22.579564427696408,17.491358940503016,9.78958837078311,4.292621739683669,0.06028506510686735,0.045380463734148474,0.03248414060996688,-0.056537995778563485,-0.06800317015143145,-0.12966494100779863,-0.13988979497283932,-0.14915585732725653,-0.1737410345455021,-0.18074013255164026,-0.3985988502924834,-0.8022881525816182,-0.8109112311760301,-0.8279195574258477,-0.9364799654674596,-1.0296239684875532,0.0,0.0,0.0,0.0,0.0,0.0,0.0,0.0,0.0,0.0,0.0,0.0,0.0,0.0,0.0,0.0,0.0,0.0,0.0,0.0,0.0,0.0,0.0,0.0,0.0,0.0,0.0,0.0,0.0,0.0,0.0,0.0,48
0349_2Z_34_dimethylhex_2_ene.xyz,146.42484052022434,48.24291615137761,34.9432950869647,30.7401186563395,18.470489789410877,15.053231804166447,10.182066034271612,4.400968096762185,0.07233151199385225,-0.012860834061285584,-0.029179515941210342,-0.05098064138072077,-0.06443695441796124,-0.09100205369895527,-0.11452713108260798,-0.13324500145642554,-0.17777206001155604,-0.3445710165438392,-0.39616791304455207,-0.5574733324946111,-0.8177418058842779,-0.8745166424385882,-0.9447539893345922,-1.0561871643122491,0.0,0.0,0.0,0.0,0.0,0.0,0.0,0.0,0.0,0.0,0.0,0.0,0.0,0.0,0.0,0.0,0.0,0.0,0.0,0.0,0.0,0.0,0.0,0.0,0.0,0.0,0.0,0.0,0.0,0.0,0.0,0.0,48
0350_2Z_34_dimethylpent_2_ene.xyz,136.0046637297478,44.69001341796974,31.522179525857798,24.20691775348244,17.832096930187344,11.182885304903238,4.452364277576159,0.04422872651056305,-0.03042034582803203,-0.03263528412706078,-0.04002446300314847,-0.06487644668879756,-0.1136283959544564,-0.11942991259416375,-0.16938809755324824,-0.35577389370588003,-0.39866630969559214,-0.80991596766732,-0.8203937816114986,-0.9155500915392025,-1.0579102802850964,0.0,0.0,0.0,0.0,0.0,0.0,0.0,0.0,0.0,0.0,0.0,0.0,0.0,0.0,0.0,0.0,0.0,0.0,0.0,0.0,0.0,0.0,0.0,0.0,0.0,0.0,0.0,0.0,0.0,0.0,0.0,0.0,0.0,0.0,0.0,42
0351_2Z_35_dimethylhex_2_ene.xyz,144.37790146886658,54.116894042981876,34.12201570450148,24.116126707943863,22.197283654450004,15.62669285987718,9.206438090588122,4.713020069928728,0.08349871899465389,-0.022650868401136934,-0.0309074457740499,-0.042930225539587516,-0.07504049491264778,-0.08729996396806493,-0.11752367801688142,-0.1357437954505148,-0.1838100867313701,-0.2990481059839262,-0.39706225386236216,-0.6568838107925971,-0.8074784978701907,-0.8371178415764151,-0.9486460210234626,-1.052886632821874,0.0,0.0,0.0,0.0,0.0,0.0,0.0,0.0,0.0,0.0,0.0,0.0,0.0,0.0,0.0,0.0,0.0,0.0,0.0,0.0,0.0,0.0,0.0,0.0,0.0,0.0,0.0,0.0,0.0,0.0,0.0,0.0,48
0352_2Z_3_ethyl_4_methylpent_2_ene.xyz,145.87991390147914,46.271098948819656,40.815431130247006,24.218107716899645,22.784608788037758,13.305721536007031,11.039294278559707,4.110320205194249,0.04626343252470064,0.006156160823269902,-0.03241500102999882,-0.03821744237959771,-0.0681566085992004,-0.08177035016099622,-0.11225776293904709,-0.11705790559624801,-0.181401838956326,-0.3535508482099152,-0.40592873328594625,-0.5154069996007571,-0.8095905074926133,-0.9070656374479668,-0.9312003570760509,-1.0580545104099532,0.0,0.0,0.0,0.0,0.0,0.0,0.0,0.0,0.0,0.0,0.0,0.0,0.0,0.0,0.0,0.0,0.0,0.0,0.0,0.0,0.0,0.0,0.0,0.0,0.0,0.0,0.0,0.0,0.0,0.0,0.0,0.0,48
0353_2Z_3_ethylhex_2_ene.xyz,142.60554075030245,50.271846727013504,41.87069807879274,26.438178237964987,18.53279026947559,12.935247143549343,11.247645932856033,4.566027116402236,0.11474869120093589,-0.011337042545535947,-0.055179786515366425,-0.05755776939684013,-0.07395128440162868,-0.08222543072112157,-0.12264369401953426,-0.16172256363937856,-0.18703220308614035,-0.3911484706196312,-0.4219653841552459,-0.5296839156840234,-0.7016196160842911,-0.9109135755861195,-0.9504216617966,-1.0604789538987356,0.0,0.0,0.0,0.0,0.0,0.0,0.0,0.0,0.0,0.0,0.0,0.0,0.0,0.0,0.0,0.0,0.0,0.0,0.0,0.0,0.0,0.0,0.0,0.0,0.0,0.0,0.0,0.0,0.0,0.0,0.0,0.0,48
0354_2Z_3_methylhept_2_ene.xyz,139.97708237046908,58.34993068214778,35.18831140166785,28.005639098902236,17.613830020641362,14.405121535766986,10.147882706438715,4.791623132696215,0.12917075555565433,-0.02481543649367078,-0.05375942770346667,-0.0589364040781433,-0.07102828675146262,-0.07405726513037873,-0.13253301079843255,-0.15914273696191383,-0.18873005334943135,-0.3729455149197991,-0.39907878309049244,-0.5813167928100584,-0.7627022204259029,-0.8375033830984416,-0.9720064479003767,-1.0551943453663637,0.0,0.0,0.0,0.0,0.0,0.0,0.0,0.0,0.0,0.0,0.0,0.0,0.0,0.0,0.0,0.0,0.0,0.0,0.0,0.0,0.0,0.0,0.0,0.0,0.0,0.0,0.0,0.0,0.0,0.0,0.0,0.0,48
0355_2Z_3_methylhex_2_ene.xyz,134.28645306571838,46.78889166722395,33.92954913570116,22.959010364463552,16.215446437513986,11.001918981289322,4.726567500378367,0.060522637265185246,0.0009523304953298201,-0.0441820005416273,-0.06352435089007437,-0.08809619078448909,-0.1070461449624449,-0.1525779006668891,-0.16889554525500963,-0.3955735557959288,-0.4109895416937699,-0.6912290652474724,-0.83734010543858,-0.9427713259354673,-1.0603499968558525,0.0,0.0,0.0,0.0,0.0,0.0,0.0,0.0,0.0,0.0,0.0,0.0,0.0,0.0,0.0,0.0,0.0,0.0,0.0,0.0,0.0,0.0,0.0,0.0,0.0,0.0,0.0,0.0,0.0,0.0,0.0,0.0,0.0,0.0,0.0,42
0356_2Z_45_dimethylhex_2_ene.xyz,144.55171868826295,53.19370036594805,35.08206088738424,25.049480408404328,21.7009536002799,14.742837265320565,8.742535909062493,5.46045428429134,0.037840435660702255,-0.0020787613072315793,-0.047312604380414756,-0.06422583350071785,-0.08127676330566373,-0.08513208425656407,-0.1282632615397102,-0.15654766028761055,-0.16456655329822317,-0.3031065759467003,-0.4076914515718169,-0.5885874523039766,-0.807571663942598,-0.8625941630288513,-0.9477023722944506,-1.050083048242481,0.0,0.0,0.0,0.0,0.0,0.0,0.0,0.0,0.0,0.0,0.0,0.0,0.0,0.0,0.0,0.0,0.0,0.0,0.0,0.0,0.0,0.0,0.0,0.0,0.0,0.0,0.0,0.0,0.0,0.0,0.0,0.0,48
0357_2Z_4_ethylhex_2_ene.xyz,143.63740915491695,48.41541236482942,42.85278932690044,26.715849567703952,18.963880168881776,12.6057658126861,9.87299423457591,5.453721402069539,0.08260286545850797,-0.041595732590316285,-0.05123300709043749,-0.05358523437813996,-0.0760284145461681,-0.09079636562581239,-0.11672993369378935,-0.16844497184605295,-0.1750712516327111,-0.3331447120783376,-0.5238442115728634,-0.5334710917849596,-0.6452503697609472,-0.930941843436087,-0.9418881936958079,-1.053557968882768,0.0,0.0,0.0,0.0,0.0,0.0,0.0,0.0,0.0,0.0,0.0,0.0,0.0,0.0,0.0,0.0,0.0,0.0,0.0,0.0,0.0,0.0,0.0,0.0,0.0,0.0,0.0,0.0,0.0,0.0,0.0,0.0,48
0358_2Z_4_methylhept_2_ene.xyz,141.51295820634346,53.948525262417384,40.418371236209005,23.323699942340472,21.492775904141833,12.513558378598255,9.76690595149853,5.54338113045916,0.1007258834308285,-0.035924457933676955,-0.0545646916427624,-0.06645294241309554,-0.06851169347850422,-0.08768768757948604,-0.13921823569004793,-0.15952648696496083,-0.17423463577845053,-0.33591144501077164,-0.4553516949904049,-0.5849200439754637,-0.6943235153388028,-0.8833372518269453,-0.9683972186688775,-1.0476982987391483,0.0,0.0,0.0,0.0,0.0,0.0,0.0,0.0,0.0,0.0,0.0,0.0,0.0,0.0,0.0,0.0,0.0,0.0,0.0,0.0,0.0,0.0,0.0,0.0,0.0,0.0,0.0,0.0,0.0,0.0,0.0,0.0,48
0359_2Z_4_methylhex_2_ene.xyz,132.39134281522453,50.29314870406321,32.26619805276346,23.23608713102049,16.313724141564162,9.855015623097902,5.6049822380741805,0.04303180112915149,-0.011534031829213991,-0.058074194009554415,-0.06459838585697521,-0.08366754442886419,-0.11661330307550334,-0.15887880341429517,-0.17561107572003792,-0.3421388987024125,-0.5207752237468704,-0.6101643149956656,-0.8525234721347273,-0.9468694850491877,-1.0553453779923294,0.0,0.0,0.0,0.0,0.0,0.0,0.0,0.0,0.0,0.0,0.0,0.0,0.0,0.0,0.0,0.0,0.0,0.0,0.0,0.0,0.0,0.0,0.0,0.0,0.0,0.0,0.0,0.0,0.0,0.0,0.0,0.0,0.0,0.0,0.0,42
0360_2Z4Z_hexa_24_diene.xyz,120.91911253464878,49.3502780443534,26.71673293692871,19.423561782997734,9.021177154900624,4.533746097221862,-0.006258917577532824,-0.06437683820771291,-0.06463000262118578,-0.07390048842934803,-0.15886090723438828,-0.270956487394228,-0.4980654686702023,-0.6640116586228678,-0.9232745349588185,-1.0916420507791513,0.0,0.0,0.0,0.0,0.0,0.0,0.0,0.0,0.0,0.0,0.0,0.0,0.0,0.0,0.0,0.0,0.0,0.0,0.0,0.0,0.0,0.0,0.0,0.0,0.0,0.0,0.0,0.0,0.0,0.0,0.0,0.0,0.0,0.0,0.0,0.0,0.0,0.0,0.0,0.0,34
0361_2Z_55_dimethylhex_2_ene.xyz,144.9054098932445,56.17287926671479,28.623145122949044,24.13601484320381,23.791221244317747,17.27785880760491,8.158626863713218,5.44988827875572,0.07385506608092877,0.038810551025443535,-0.023289649112489177,-0.062039181022303554,-0.07316474116688686,-0.1266331636196014,-0.13381297440118714,-0.15217253303658043,-0.177914670238367,-0.20279328425681334,-0.4986614310673671,-0.708141928777542,-0.808861828801528,-0.8107725458410115,-0.9377919149980621,-1.0468184958627305,0.0,0.0,0.0,0.0,0.0,0.0,0.0,0.0,0.0,0.0,0.0,0.0,0.0,0.0,0.0,0.0,0.0,0.0,0.0,0.0,0.0,0.0,0.0,0.0,0.0,0.0,0.0,0.0,0.0,0.0,0.0,0.0,48
0362_2Z_5_methylhex_2_ene.xyz,131.76373684773168,53.27719731217445,28.375783622578307,24.0821339952215,17.447006719342156,9.243539657926398,5.763291274399009,0.08775781089539576,-0.02140551554732765,-0.05623029525272768,-0.06630782337662346,-0.10030313005684334,-0.13241715739559035,-0.151312715573689,-0.17358085760294856,-0.30597031776004896,-0.5074019063742872,-0.7132809882466157,-0.8076150451500815,-0.9438916658962316,-1.0539934260542163,0.0,0.0,0.0,0.0,0.0,0.0,0.0,0.0,0.0,0.0,0.0,0.0,0.0,0.0,0.0,0.0,0.0,0.0,0.0,0.0,0.0,0.0,0.0,0.0,0.0,0.0,0.0,0.0,0.0,0.0,0.0,0.0,0.0,0.0,0.0,42
0363_2Z_6_methylhept_2_ene.xyz,138.02752057281697,62.73052928752154,33.66451804413711,24.182747385200088,21.51687043395282,14.113540146570315,8.41734550284207,5.871622922545667,0.09722307752155111,0.0019390086609046332,-0.02227723408666937,-0.06579665847753932,-0.0841453552980458,-0.12769750296701948,-0.1464745804534649,-0.15868529027437953,-0.18882023676385878,-0.282367930863442,-0.48064401409989577,-0.5852799686817775,-0.7793488380617468,-0.8099598632130802,-0.9741127960688297,-1.053404517051806,0.0,0.0,0.0,0.0,0.0,0.0,0.0,0.0,0.0,0.0,0.0,0.0,0.0,0.0,0.0,0.0,0.0,0.0,0.0,0.0,0.0,0.0,0.0,0.0,0.0,0.0,0.0,0.0,0.0,0.0,0.0,0.0,48
0364_2Z_hept_2_ene.xyz,128.13235751226645,56.67903050929067,32.00478164590807,22.064735791543338,15.618949045023221,9.585670995822955,5.871048688979217,0.0750343304655671,-0.0016426520014545386,-0.052558573161157,-0.07064971013492637,-0.11399905325271623,-0.1242555179389752,-0.1657580034022131,-0.1881027224384584,-0.3654244296970112,-0.5041613159727126,-0.6263346546275201,-0.7798173059175786,-0.9721715803027273,-1.0599966044704587,0.0,0.0,0.0,0.0,0.0,0.0,0.0,0.0,0.0,0.0,0.0,0.0,0.0,0.0,0.0,0.0,0.0,0.0,0.0,0.0,0.0,0.0,0.0,0.0,0.0,0.0,0.0,0.0,0.0,0.0,0.0,0.0,0.0,0.0,0.0,42
0365_2Z_oct_2_ene.xyz,138.46392175878617,58.95743342499551,38.82722816475579,25.54971687515592,18.946852349113257,12.66676640892448,9.371322235070194,5.736508244885045,0.10212961009062965,0.0013280612698790253,-0.05238404260686775,-0.07122302495654532,-0.08218382660628124,-0.12448295256714766,-0.13738694652049765,-0.1660737048607247,-0.17944190266464358,-0.3563785191830772,-0.4777739692517767,-0.5449256905368339,-0.6793528089449168,-0.8474586992102102,-0.9857946570086121,-1.0535047927213703,0.0,0.0,0.0,0.0,0.0,0.0,0.0,0.0,0.0,0.0,0.0,0.0,0.0,0.0,0.0,0.0,0.0,0.0,0.0,0.0,0.0,0.0,0.0,0.0,0.0,0.0,0.0,0.0,0.0,0.0,0.0,0.0,48
0366_334_Trimethylpent_1_ene.xyz,149.5090254046201,46.68271498795609,34.17079490205127,25.10300205501728,22.5254975200729,15.716808585160798,9.583389541214476,5.245392808097166,0.051146886042147885,0.009405897927226242,-0.012139329748621754,-0.02523072838742804,-0.07051092392370287,-0.10476178955321258,-0.1261761457985468,-0.16838834626329638,-0.18388364481082567,-0.2911820243109213,-0.353409047730822,-0.8030922454383392,-0.8099417029088083,-0.8303572288786281,-0.9147586026859861,-1.0385052323126989,0.0,0.0,0.0,0.0,0.0,0.0,0.0,0.0,0.0,0.0,0.0,0.0,0.0,0.0,0.0,0.0,0.0,0.0,0.0,0.0,0.0,0.0,0.0,0.0,0.0,0.0,0.0,0.0,0.0,0.0,0.0,0.0,48
0367_33_Dimethyl_1_butyne.xyz,126.76485938971464,39.64567470903803,24.170827804016433,24.169864512692147,11.465777733967077,3.6825042886842283,0.03877523976297315,-0.02878860939392755,-0.02886062852043821,-0.12988089322086452,-0.12993537807089747,-0.15499779158646043,-0.6718723209298758,-0.8143936358687006,-0.8144033028166546,-1.016519920912115,0.0,0.0,0.0,0.0,0.0,0.0,0.0,0.0,0.0,0.0,0.0,0.0,0.0,0.0,0.0,0.0,0.0,0.0,0.0,0.0,0.0,0.0,0.0,0.0,0.0,0.0,0.0,0.0,0.0,0.0,0.0,0.0,0.0,0.0,0.0,0.0,0.0,0.0,0.0,0.0,34
0368_33_Dimethylbut_1_ene.xyz,126.80134232102577,37.89237881353327,24.17589477847492,24.09132137694503,12.671366093733688,5.793958562700149,0.04727598830823861,-0.002897846541435053,-0.028603600567012437,-0.05469521735343457,-0.1319417893679794,-0.15010812604631424,-0.1549493321420183,-0.32247241572822805,-0.8073446811452426,-0.8099998965980327,-0.8350104751988064,-1.0268833574770042,0.0,0.0,0.0,0.0,0.0,0.0,0.0,0.0,0.0,0.0,0.0,0.0,0.0,0.0,0.0,0.0,0.0,0.0,0.0,0.0,0.0,0.0,0.0,0.0,0.0,0.0,0.0,0.0,0.0,0.0,0.0,0.0,0.0,0.0,0.0,0.0,0.0,0.0,36
0369_33_Dimethylcyclopent_1_ene.xyz,143.1212010479943,41.69704562378686,29.195663079343557,24.099734839016786,16.657331104318484,7.894241360032911,5.713741586791753,0.029778164054547206,-0.012316122398658763,-0.031818227741199606,-0.12403717203267736,-0.12833294869463027,-0.1660596543990283,-0.1932100978241027,-0.43213567189076135,-0.6725971404885156,-0.8081634520138155,-0.8913461387311575,-0.9419837831430522,0.0,0.0,0.0,0.0,0.0,0.0,0.0,0.0,0.0,0.0,0.0,0.0,0.0,0.0,0.0,0.0,0.0,0.0,0.0,0.0,0.0,0.0,0.0,0.0,0.0,0.0,0.0,0.0,0.0,0.0,0.0,0.0,0.0,0.0,0.0,0.0,0.0,40
0370_33_Dimethylhex_1_ene.xyz,146.78671307317347,49.4701839515165,36.25424239531141,24.84489829192694,22.140413028260834,13.12893755296852,10.391391887174562,5.535642970008311,0.0506064905854648,0.03737110162882421,-0.001135571723026048,-0.05777541393133967,-0.07381417390207667,-0.12643906890626203,-0.1415034124435823,-0.15114502892731244,-0.1720454082530972,-0.31969633617710513,-0.4230048805500306,-0.6796454242469147,-0.8124523131242241,-0.83111169665307,-0.9580188193846371,-1.02777159892463,0.0,0.0,0.0,0.0,0.0,0.0,0.0,0.0,0.0,0.0,0.0,0.0,0.0,0.0,0.0,0.0,0.0,0.0,0.0,0.0,0.0,0.0,0.0,0.0,0.0,0.0,0.0,0.0,0.0,0.0,0.0,0.0,48
0371_33_Dimethylhexane.xyz,145.90126602048912,49.1334267781195,35.35725295061523,24.268319182636382,22.068348841224896,16.18900771074387,10.632546537580428,6.426424913241831,0.09697969092638273,0.03961298049915159,0.008136086906159514,-0.019301324794291943,-0.06273209429277997,-0.10916635156623493,-0.12401011210658346,-0.13686715122177032,-0.15674571144312974,-0.1647448457164274,-0.20001818681072378,-0.4031356933863112,-0.529189766314167,-0.6868796849229971,-0.8112048911796482,-0.8573759641620687,-0.9674531267854773,-1.0276551928728868,0.0,0.0,0.0,0.0,0.0,0.0,0.0,0.0,0.0,0.0,0.0,0.0,0.0,0.0,0.0,0.0,0.0,0.0,0.0,0.0,0.0,0.0,0.0,0.0,0.0,0.0,0.0,0.0,0.0,0.0,50
0372_33_Dimethylpent_1_ene.xyz,137.92709258372992,40.992530127502825,33.920526481818754,24.18480662289545,16.18348368849647,11.242669864764949,5.53037452234735,0.05821725941124432,0.0030420174124277262,-0.01016668743142119,-0.06972101707024386,-0.0760358094521715,-0.14431327530261953,-0.14914920376636687,-0.1680804811334878,-0.3206903315235152,-0.5190377265356952,-0.8073361546206974,-0.824455720126249,-0.9112246037909164,-1.0357957616443174,0.0,0.0,0.0,0.0,0.0,0.0,0.0,0.0,0.0,0.0,0.0,0.0,0.0,0.0,0.0,0.0,0.0,0.0,0.0,0.0,0.0,0.0,0.0,0.0,0.0,0.0,0.0,0.0,0.0,0.0,0.0,0.0,0.0,0.0,0.0,42
0373_33_Dimethylpent_1_yne.xyz,137.87521617044922,42.097137157457,34.69668484225264,24.17984985347318,15.879481896069542,10.144928442613018,3.5810917798771578,0.05388566274675986,-0.010274942159759057,-0.03812148787378185,-0.07432408686170808,-0.12922313091489745,-0.14794031582222575,-0.16667232619671388,-0.5138830270940907,-0.6871655385559929,-0.8148045402736332,-0.8876061883807725,-1.031523824823236,0.0,0.0,0.0,0.0,0.0,0.0,0.0,0.0,0.0,0.0,0.0,0.0,0.0,0.0,0.0,0.0,0.0,0.0,0.0,0.0,0.0,0.0,0.0,0.0,0.0,0.0,0.0,0.0,0.0,0.0,0.0,0.0,0.0,0.0,0.0,0.0,0.0,40
0374_33_Dimethylpentane.xyz,136.76589143180308,41.27421826773312,32.298240429314966,24.1344677780854,17.223914508077385,13.299904767791604,6.416904932548151,0.06702672040795211,0.031129274318089196,0.01086533283973047,-0.026847718286839434,-0.06460787605898455,-0.1157208673069904,-0.12993453602979402,-0.15316843068546515,-0.16937988838762003,-0.1985391509830338,-0.5092090402371425,-0.5324485974811629,-0.8093195862914132,-0.8438645268285745,-0.9263613950933953,-1.0364254332673464,0.0,0.0,0.0,0.0,0.0,0.0,0.0,0.0,0.0,0.0,0.0,0.0,0.0,0.0,0.0,0.0,0.0,0.0,0.0,0.0,0.0,0.0,0.0,0.0,0.0,0.0,0.0,0.0,0.0,0.0,0.0,0.0,0.0,44
0375_344_Trimethylpent_1_ene.xyz,148.7176566938993,48.95249847896942,32.78782899139145,24.152500840016568,23.081067342010023,16.047507601457426,9.09873953850873,5.7317402264565604,0.04954100769968479,0.013407403938411213,-0.015243899212204438,-0.03234011078780665,-0.06415350548589609,-0.11349282765138798,-0.1432599733871599,-0.14642413380805377,-0.17853252814076984,-0.27169760496283013,-0.4167672448782014,-0.8058061942154003,-0.8104478479034417,-0.8301580182590255,-0.9098125682155569,-1.0295100720322583,0.0,0.0,0.0,0.0,0.0,0.0,0.0,0.0,0.0,0.0,0.0,0.0,0.0,0.0,0.0,0.0,0.0,0.0,0.0,0.0,0.0,0.0,0.0,0.0,0.0,0.0,0.0,0.0,0.0,0.0,0.0,0.0,48
0376_34_Dimethylhex_1_ene.xyz,145.0616856587119,51.04433925832475,34.13761278280206,30.87617679050755,18.01257998418063,13.881735771473734,9.588305654580818,5.974238377876719,0.046803963949853346,-0.003611494766521852,-0.01877741525373994,-0.05633322584642758,-0.0761458728258929,-0.08269632182560119,-0.13332327489525872,-0.17516454144773472,-0.21431927353494784,-0.3346997595297261,-0.42750039461865147,-0.5662668979767785,-0.8257108489410868,-0.8549617720883612,-0.947160825428218,-1.0419647280214641,0.0,0.0,0.0,0.0,0.0,0.0,0.0,0.0,0.0,0.0,0.0,0.0,0.0,0.0,0.0,0.0,0.0,0.0,0.0,0.0,0.0,0.0,0.0,0.0,0.0,0.0,0.0,0.0,0.0,0.0,0.0,0.0,48
0377_34_Dimethylhexane.xyz,144.80567868148012,49.40601479010903,35.45542796704858,28.358018875886494,18.687620273202977,16.245542176204683,10.495174962284736,6.525295697633546,0.06900897718602894,0.03336588669898194,0.000887942496548584,-0.006856472285648084,-0.071810257287681,-0.09278506573752146,-0.11800070660326635,-0.15305291337032453,-0.16824879146953395,-0.17322520192452254,-0.22628193402395483,-0.3840880325382438,-0.5275093146185884,-0.5916353022047557,-0.829385099235007,-0.8696972239144117,-0.9624761779344179,-1.042142141676406,0.0,0.0,0.0,0.0,0.0,0.0,0.0,0.0,0.0,0.0,0.0,0.0,0.0,0.0,0.0,0.0,0.0,0.0,0.0,0.0,0.0,0.0,0.0,0.0,0.0,0.0,0.0,0.0,0.0,0.0,50
0378_34_Dimethylpent_1_ene.xyz,135.87968797050576,45.01417272852418,32.738516806583796,23.99183904410028,16.1331190308519,10.150840865860825,6.09427744026175,0.03300246780292901,-0.004896493320017465,-0.022977938433551823,-0.06294896591096685,-0.0779280571523762,-0.12819310640739004,-0.15248590006145046,-0.21662787447749382,-0.3345677124112686,-0.44356097360681057,-0.8077268317231682,-0.8265749110349593,-0.9121351005936715,-1.038096093376591,0.0,0.0,0.0,0.0,0.0,0.0,0.0,0.0,0.0,0.0,0.0,0.0,0.0,0.0,0.0,0.0,0.0,0.0,0.0,0.0,0.0,0.0,0.0,0.0,0.0,0.0,0.0,0.0,0.0,0.0,0.0,0.0,0.0,0.0,0.0,42
0379_34_Dimethylpent_1_yne.xyz,136.42915914531534,45.65940404323994,33.065774386647064,24.17722287589359,16.211939736801632,9.052240187850074,3.892871544622813,0.02631817715567287,-0.007994386832939036,-0.04519561017694862,-0.07318838725637566,-0.12807332095623028,-0.1509496300617437,-0.24989030891650107,-0.412681674170069,-0.7052023589293391,-0.8101982756770654,-0.888898503368799,-1.0359212451985662,0.0,0.0,0.0,0.0,0.0,0.0,0.0,0.0,0.0,0.0,0.0,0.0,0.0,0.0,0.0,0.0,0.0,0.0,0.0,0.0,0.0,0.0,0.0,0.0,0.0,0.0,0.0,0.0,0.0,0.0,0.0,0.0,0.0,0.0,0.0,0.0,0.0,40
0380_35_Dimethylhex_1_ene.xyz,144.65461071741117,52.91364440370825,36.14960383987357,24.173767881096996,21.913170704323843,13.580154389107708,8.755424913068511,6.425777872652409,0.028355085392177036,0.0201860617770096,-0.02858200437968358,-0.0384173400385861,-0.07677402820531452,-0.10404765165179124,-0.13544407480913878,-0.17054259829583343,-0.20707105602516196,-0.3010623565459271,-0.3981485248786677,-0.6667713542071976,-0.8088497618656054,-0.8301832357637644,-0.949806308914515,-1.0341539774227682,0.0,0.0,0.0,0.0,0.0,0.0,0.0,0.0,0.0,0.0,0.0,0.0,0.0,0.0,0.0,0.0,0.0,0.0,0.0,0.0,0.0,0.0,0.0,0.0,0.0,0.0,0.0,0.0,0.0,0.0,0.0,0.0,48
0381_3E_22_dimethylhex_3_ene.xyz,143.2898152240644,57.37320882679545,29.87779265201201,24.169662567149988,24.08333167579151,15.006116159245801,9.441262771141705,5.290392062423752,0.04510483134881019,0.0074541817286058725,-0.02598053585028827,-0.0316360097860747,-0.07090226687190808,-0.1304730781463978,-0.13196138612946934,-0.13910845822503265,-0.1551627829477466,-0.2740979156445118,-0.4787375943775813,-0.6773211693154504,-0.8098066485290205,-0.8117645097009002,-0.9441402497174162,-1.0382067510527242,0.0,0.0,0.0,0.0,0.0,0.0,0.0,0.0,0.0,0.0,0.0,0.0,0.0,0.0,0.0,0.0,0.0,0.0,0.0,0.0,0.0,0.0,0.0,0.0,0.0,0.0,0.0,0.0,0.0,0.0,0.0,0.0,48
0382_3E_23_dimethylhex_3_ene.xyz,143.57065838245938,54.61793335561129,33.68685919483732,24.199574094711323,23.35258802981741,14.629194509739571,9.928943178813448,4.46882752348943,0.059601518871067224,0.014838699994692745,-0.031103793378674405,-0.046882183219063484,-0.06827505805497333,-0.10115002527034556,-0.10851185015197672,-0.16856055057690375,-0.1800328943311844,-0.30684813309833125,-0.38720919277669197,-0.5950631968217196,-0.8096183915881693,-0.8497449952431191,-0.9520192515883056,-1.0591573768379186,0.0,0.0,0.0,0.0,0.0,0.0,0.0,0.0,0.0,0.0,0.0,0.0,0.0,0.0,0.0,0.0,0.0,0.0,0.0,0.0,0.0,0.0,0.0,0.0,0.0,0.0,0.0,0.0,0.0,0.0,0.0,0.0,48
0383_3E_24_dimethylhex_3_ene.xyz,142.82455756701813,56.20920095140986,32.828362291444456,24.18946035399555,23.17832686096269,14.93136972175472,9.647801100372394,4.664282480466265,0.034880004140753866,0.008317166986587906,-0.020005008810171275,-0.03303469700190831,-0.08277574448968109,-0.10624454358473809,-0.11265429493461072,-0.13256929361497438,-0.16085007408134394,-0.3070230177953041,-0.4815780433382191,-0.5506065146039893,-0.8082048552923026,-0.8523211334878115,-0.9522891523972354,-1.05156052971158,0.0,0.0,0.0,0.0,0.0,0.0,0.0,0.0,0.0,0.0,0.0,0.0,0.0,0.0,0.0,0.0,0.0,0.0,0.0,0.0,0.0,0.0,0.0,0.0,0.0,0.0,0.0,0.0,0.0,0.0,0.0,0.0,48
0384_3E_25_dimethylhex_3_ene.xyz,141.01708237932735,59.9386210337137,30.3941350126025,24.547492376034526,23.892900469292865,13.989826401126644,9.329060352354142,5.4197287792332425,0.025741223804149577,-0.0002729483430896619,-0.022858412333860132,-0.03571598211754844,-0.10292478745456254,-0.11031794271545438,-0.13148099065767216,-0.13383340509815495,-0.18676077148677325,-0.3072152698999118,-0.39297455844453233,-0.6500693272530614,-0.8069054514792992,-0.8115175614151029,-0.9500783501957311,-1.046820673186934,0.0,0.0,0.0,0.0,0.0,0.0,0.0,0.0,0.0,0.0,0.0,0.0,0.0,0.0,0.0,0.0,0.0,0.0,0.0,0.0,0.0,0.0,0.0,0.0,0.0,0.0,0.0,0.0,0.0,0.0,0.0,0.0,48
0385_3E_2_methylhept_3_ene.xyz,139.0090554568609,60.83745267422185,34.99865847723309,24.281317655863162,21.011345565221372,13.48813524227086,9.394724974092657,5.505419906017025,0.04792996444932733,0.006017815698283115,-0.026762767533284635,-0.052101022774795135,-0.10476548273882012,-0.116679952925736,-0.1287408568611178,-0.13966694494751497,-0.2042527453149798,-0.3334898396025104,-0.4184682450485458,-0.5831896319633396,-0.7702888496005591,-0.8121638145503542,-0.9774756385837867,-1.0471703440755686,0.0,0.0,0.0,0.0,0.0,0.0,0.0,0.0,0.0,0.0,0.0,0.0,0.0,0.0,0.0,0.0,0.0,0.0,0.0,0.0,0.0,0.0,0.0,0.0,0.0,0.0,0.0,0.0,0.0,0.0,0.0,0.0,48
0386_3E_2_methylhex_3_ene.xyz,130.73589669584175,53.972286912296966,29.40898958478244,24.249632301071113,15.644610272631391,10.369632363410014,5.585231744039132,0.03852026697587697,-0.012119749890352902,-0.023969461539259825,-0.06921123211608736,-0.10670096752162202,-0.13070284618661243,-0.13797823409870144,-0.20418174467669548,-0.33637451805437585,-0.486403511837206,-0.68211420816933,-0.8099030630221661,-0.9494613061321832,-1.048942901822369,0.0,0.0,0.0,0.0,0.0,0.0,0.0,0.0,0.0,0.0,0.0,0.0,0.0,0.0,0.0,0.0,0.0,0.0,0.0,0.0,0.0,0.0,0.0,0.0,0.0,0.0,0.0,0.0,0.0,0.0,0.0,0.0,0.0,0.0,0.0,42
0387_3E_2_methylpenta_13_diene.xyz,123.20900819670322,46.64117989922195,24.10686820537372,21.837565160281983,9.532534603357167,4.677770524740049,0.0050493752009698354,-0.054588001369151914,-0.06474011927605747,-0.08250353679921216,-0.12118490544698109,-0.2834510435324297,-0.5512874496644397,-0.7290660855773968,-0.9067219215708048,-1.067801705086795,0.0,0.0,0.0,0.0,0.0,0.0,0.0,0.0,0.0,0.0,0.0,0.0,0.0,0.0,0.0,0.0,0.0,0.0,0.0,0.0,0.0,0.0,0.0,0.0,0.0,0.0,0.0,0.0,0.0,0.0,0.0,0.0,0.0,0.0,0.0,0.0,0.0,0.0,0.0,0.0,34
0388_3E_34_dimethylhex_3_ene.xyz,145.96688418759703,49.966186953794036,32.038144452366915,31.785744781079377,18.444960329905417,15.295982753734814,11.199021050179331,3.664302198215424,0.08647206878788286,0.004280004421914571,-0.011923530962649477,-0.03909746719378144,-0.08840088872158369,-0.09464872824359365,-0.0962224494320832,-0.1442986331375952,-0.17365698369378396,-0.19711739492690716,-0.4940138213910229,-0.5509895240304027,-0.8222605233620663,-0.8675064570544325,-0.9473144285358209,-1.0596863539889223,0.0,0.0,0.0,0.0,0.0,0.0,0.0,0.0,0.0,0.0,0.0,0.0,0.0,0.0,0.0,0.0,0.0,0.0,0.0,0.0,0.0,0.0,0.0,0.0,0.0,0.0,0.0,0.0,0.0,0.0,0.0,0.0,48
0389_3E_3_methyl_13_pentadiene.xyz,124.31223630966409,42.42924955582751,30.255178620171634,18.214302813345416,10.612670472271086,4.100466264477281,0.016756415044117342,-0.02150140514795875,-0.060269092487556596,-0.08330990415608784,-0.1581349012291352,-0.3201541548534124,-0.39188213198995303,-0.8046843569792301,-0.8762723848350217,-1.0760209225671078,0.0,0.0,0.0,0.0,0.0,0.0,0.0,0.0,0.0,0.0,0.0,0.0,0.0,0.0,0.0,0.0,0.0,0.0,0.0,0.0,0.0,0.0,0.0,0.0,0.0,0.0,0.0,0.0,0.0,0.0,0.0,0.0,0.0,0.0,0.0,0.0,0.0,0.0,0.0,0.0,34
0390_3E_3_methylhept_3_ene.xyz,140.7872653437131,57.67605652865601,35.022889887635145,26.251460160322104,19.987478353408378,14.160841605144872,9.926412407032437,4.65389881587115,0.0468758569959428,0.024623028092630495,-0.02704767300404749,-0.031319737186857655,-0.07922451399668598,-0.09873992224185071,-0.13723199961110252,-0.15960760616194797,-0.1747536085118341,-0.33895372164597176,-0.4692370948803447,-0.5378982725205267,-0.7276926119898954,-0.8602460117863019,-0.9721341723025314,-1.0588734456242148,0.0,0.0,0.0,0.0,0.0,0.0,0.0,0.0,0.0,0.0,0.0,0.0,0.0,0.0,0.0,0.0,0.0,0.0,0.0,0.0,0.0,0.0,0.0,0.0,0.0,0.0,0.0,0.0,0.0,0.0,0.0,0.0,48
0391_3E_4_methylhept_3_ene.xyz,140.52529800752762,55.47695319613714,39.8768506667462,23.4702809089604,20.844738003614548,12.90139713119366,10.845858367811894,4.510703606908911,0.09492482666806536,0.039031467154495646,-0.05819333759661425,-0.06664621610412874,-0.06932637376956853,-0.08520347587649826,-0.13926561431676673,-0.16855901400110543,-0.17028009253103807,-0.339214090130813,-0.44259928930319176,-0.5782907359963324,-0.7002141666239093,-0.8805502140470837,-0.9672306992412751,-1.0556212677769605,0.0,0.0,0.0,0.0,0.0,0.0,0.0,0.0,0.0,0.0,0.0,0.0,0.0,0.0,0.0,0.0,0.0,0.0,0.0,0.0,0.0,0.0,0.0,0.0,0.0,0.0,0.0,0.0,0.0,0.0,0.0,0.0,48
0392_3E5E_octa_1357_tetraene.xyz,135.92811015641098,66.91371248578884,41.07764246230873,25.53696436164352,14.145553127755521,9.250675689789293,6.341263252345427,5.257691849667893,-0.04206460071857404,-0.04292981536124354,-0.13527395754359597,-0.2600001051810829,-0.3445383598967182,-0.4044041911495123,-0.5342726464910933,-0.7463150487173456,-0.9682562215683806,-1.1087168436751025,0.0,0.0,0.0,0.0,0.0,0.0,0.0,0.0,0.0,0.0,0.0,0.0,0.0,0.0,0.0,0.0,0.0,0.0,0.0,0.0,0.0,0.0,0.0,0.0,0.0,0.0,0.0,0.0,0.0,0.0,0.0,0.0,0.0,0.0,0.0,0.0,0.0,0.0,42
0393_3E_5_methylhept_3_ene.xyz,140.16226843379275,57.709984886796164,35.75801288529501,28.477042434567583,17.06268662582161,14.138124610842478,9.832916056868202,5.391112409912033,0.06040193225329297,-0.0012969643524416699,-0.05080676565011218,-0.06705284989565444,-0.07991216902398779,-0.0819103544515814,-0.1365350879809007,-0.15704990769190894,-0.2059344736399976,-0.33921556321733104,-0.47197941584077024,-0.5557309381954851,-0.6877766568116886,-0.8735015604715377,-0.9671574878184026,-1.0518484856997978,0.0,0.0,0.0,0.0,0.0,0.0,0.0,0.0,0.0,0.0,0.0,0.0,0.0,0.0,0.0,0.0,0.0,0.0,0.0,0.0,0.0,0.0,0.0,0.0,0.0,0.0,0.0,0.0,0.0,0.0,0.0,0.0,48
0394_3E_6_methylhept_3_ene.xyz,138.52836958187896,61.08142936234968,35.98063363825213,24.123251010338503,20.600892654575883,13.198642076487005,8.76814428603975,6.281078570480241,0.05405386395578463,0.003596522210299361,-0.02747859945553631,-0.06512895049681074,-0.09420730936565513,-0.1293288935287092,-0.13712881586910722,-0.1501688776419709,-0.1863146339828753,-0.3199883357163115,-0.4549450676903049,-0.586750294939124,-0.780968376523913,-0.8087263660404677,-0.9743977967960399,-1.0397176531140064,0.0,0.0,0.0,0.0,0.0,0.0,0.0,0.0,0.0,0.0,0.0,0.0,0.0,0.0,0.0,0.0,0.0,0.0,0.0,0.0,0.0,0.0,0.0,0.0,0.0,0.0,0.0,0.0,0.0,0.0,0.0,0.0,48
0395_3E_hept_3_ene.xyz,127.79223505965675,56.21436585333653,33.753725937645264,21.52059993440305,14.309211647119707,10.245581880996541,6.157166345971346,0.032395771376493174,-0.003899922050306146,-0.04942789741083141,-0.06837909479774038,-0.1123324322894947,-0.130521016441868,-0.14228327397799712,-0.21773587830779306,-0.40434678776724364,-0.47195487844044354,-0.6173711876419017,-0.7804914770421103,-0.9686645038809552,-1.0511376844754394,0.0,0.0,0.0,0.0,0.0,0.0,0.0,0.0,0.0,0.0,0.0,0.0,0.0,0.0,0.0,0.0,0.0,0.0,0.0,0.0,0.0,0.0,0.0,0.0,0.0,0.0,0.0,0.0,0.0,0.0,0.0,0.0,0.0,0.0,0.0,42
0396_3E_hexa_135_triene.xyz,120.02395337038939,52.76446778080935,28.85284946937447,13.588540276244125,7.973603739149573,5.5060170710910965,-0.040468424399542284,-0.04463003262762299,-0.16211608646170372,-0.3114575457824186,-0.3980468751132442,-0.6097684000515674,-0.9013755497700127,-1.092937596296172,0.0,0.0,0.0,0.0,0.0,0.0,0.0,0.0,0.0,0.0,0.0,0.0,0.0,0.0,0.0,0.0,0.0,0.0,0.0,0.0,0.0,0.0,0.0,0.0,0.0,0.0,0.0,0.0,0.0,0.0,0.0,0.0,0.0,0.0,0.0,0.0,0.0,0.0,0.0,0.0,0.0,0.0,32
0397_3E_octa_3_ene.xyz,136.68976698077523,60.409399349950036,40.20189706216598,25.9187320835488,16.74491632423402,12.854758530325595,9.443926738138225,6.2991646012183535,0.07397796642955004,-0.0015635070153942642,-0.0621873775880889,-0.07113828836826037,-0.07945760362974051,-0.13028640914341433,-0.1371579852919893,-0.14883492524768815,-0.2021347887581425,-0.3891232275093868,-0.45272690557615775,-0.5560627102019006,-0.6652270602015244,-0.8452973662222896,-0.9841550143377826,-1.0463448722865176,0.0,0.0,0.0,0.0,0.0,0.0,0.0,0.0,0.0,0.0,0.0,0.0,0.0,0.0,0.0,0.0,0.0,0.0,0.0,0.0,0.0,0.0,0.0,0.0,0.0,0.0,0.0,0.0,0.0,0.0,0.0,0.0,48
0398_3_Ethyl_2_methylpent_2_ene.xyz,146.52679398806225,46.08718314902208,40.09644098241649,23.854692251260552,23.166104650388224,13.06649500075014,11.845502347299135,3.7192326241053046,0.09709851065332963,0.01147249122119888,-0.008984905129240514,-0.05294880960304682,-0.07030470540138659,-0.08679851923610395,-0.1286996205819974,-0.1509759317418245,-0.15812293411255404,-0.2047156028604849,-0.4998657658273634,-0.5392719880470316,-0.8097286119370944,-0.9119530368991675,-0.9349975098227,-1.048806458571113,0.0,0.0,0.0,0.0,0.0,0.0,0.0,0.0,0.0,0.0,0.0,0.0,0.0,0.0,0.0,0.0,0.0,0.0,0.0,0.0,0.0,0.0,0.0,0.0,0.0,0.0,0.0,0.0,0.0,0.0,0.0,0.0,48
0399_3_Ethyl_2_methylpentane.xyz,144.65926033264412,47.77087129308648,39.163927281712645,24.162016406060886,22.798603516802945,13.21489758928634,11.551363324739366,6.6680814506005905,0.08509691148299633,0.053572781693436676,-0.015873240716488005,-0.03202600500908651,-0.0775857595430402,-0.10385205405187202,-0.11944484064872027,-0.13070830054811322,-0.15743698745930587,-0.17620075296597176,-0.2310159961554478,-0.40666925641820123,-0.5396195949525048,-0.5637444444565817,-0.8082088564164909,-0.931122958289355,-0.9358983321038007,-1.0334419129673516,0.0,0.0,0.0,0.0,0.0,0.0,0.0,0.0,0.0,0.0,0.0,0.0,0.0,0.0,0.0,0.0,0.0,0.0,0.0,0.0,0.0,0.0,0.0,0.0,0.0,0.0,0.0,0.0,0.0,0.0,50
0400_3_Ethyl_3_methylpent_1_ene.xyz,148.60416733476688,41.43663285158333,39.907785022585294,30.83205635424073,18.22948098157475,13.409997486916227,10.790843024837214,5.330675461002463,0.07556970908214418,0.017983371510736996,-0.025136420931082017,-0.06743410081403657,-0.07216081145928004,-0.10675309755533864,-0.12634185301694445,-0.15204940240173426,-0.17902340839008454,-0.3192612197636993,-0.5081855757124882,-0.5328685259710629,-0.8208234506261376,-0.8922317958195434,-0.927767830663931,-1.040312509566774,0.0,0.0,0.0,0.0,0.0,0.0,0.0,0.0,0.0,0.0,0.0,0.0,0.0,0.0,0.0,0.0,0.0,0.0,0.0,0.0,0.0,0.0,0.0,0.0,0.0,0.0,0.0,0.0,0.0,0.0,0.0,0.0,48
0401_3_Ethyl_3_methylpent_1_yne.xyz,148.37730355927903,42.268826786481085,41.31835902954259,30.445706742505763,18.25757915846889,13.327912245843358,9.53331766967638,3.481523017590618,0.05602527494780411,-0.003817598755851117,-0.028213854771435235,-0.06997082507738214,-0.08450754242454735,-0.12597356413411331,-0.1498095712861209,-0.18148365904301894,-0.49841755524139897,-0.5349149277492463,-0.7042405028882462,-0.851570486525328,-0.9303095786443926,-1.0384822223869536,0.0,0.0,0.0,0.0,0.0,0.0,0.0,0.0,0.0,0.0,0.0,0.0,0.0,0.0,0.0,0.0,0.0,0.0,0.0,0.0,0.0,0.0,0.0,0.0,0.0,0.0,0.0,0.0,0.0,0.0,0.0,0.0,0.0,0.0,46
0402_3_Ethyl_3_methylpentane.xyz,147.129242684494,43.40403255755905,38.62203670401915,28.11237150950963,20.595056427282646,13.502524476103371,12.45555289060507,6.151552645048199,0.09156664623633011,0.025736024958960567,0.02247289485275961,-0.012842848644804769,-0.07499453650450774,-0.09723959202725072,-0.12096082043822788,-0.14628836237946707,-0.15685906194119945,-0.1708534092408049,-0.19411219290054466,-0.48388301078697904,-0.532166800330444,-0.5387095585279447,-0.8187024339448804,-0.9246622554277493,-0.9393454530624128,-1.0356835291044224,0.0,0.0,0.0,0.0,0.0,0.0,0.0,0.0,0.0,0.0,0.0,0.0,0.0,0.0,0.0,0.0,0.0,0.0,0.0,0.0,0.0,0.0,0.0,0.0,0.0,0.0,0.0,0.0,0.0,0.0,50
0403_3_Ethyl_4_methylpent_1_ene.xyz,145.29704964256257,47.96896771087057,40.85372795821229,24.17047414531022,21.885643522332316,12.55383220523758,9.824518674735105,6.020725657197834,0.033095911444547724,0.008299658321707806,-0.020389984802660882,-0.04461635301050397,-0.07348989331550237,-0.10701388742995994,-0.1171874526610748,-0.17914260452926134,-0.21814560625474524,-0.3220275392624781,-0.43804289145786995,-0.5585190384672728,-0.8086107322572355,-0.8928670155122571,-0.9311544660307475,-1.0402860258256166,0.0,0.0,0.0,0.0,0.0,0.0,0.0,0.0,0.0,0.0,0.0,0.0,0.0,0.0,0.0,0.0,0.0,0.0,0.0,0.0,0.0,0.0,0.0,0.0,0.0,0.0,0.0,0.0,0.0,0.0,0.0,0.0,48
0404_3_Ethylcyclopent_1_ene.xyz,139.123776704269,48.18107631265612,29.268214021997675,24.23282100368445,13.452156442702162,8.076099915570298,6.047210377841713,0.07090259799698574,-0.03814889542720581,-0.06574997951460014,-0.11202953885458172,-0.1479994161277541,-0.16152536061461045,-0.31707866918864575,-0.4348586051289468,-0.5344465107099473,-0.7574623065325411,-0.8904193748539716,-0.9858023237839856,0.0,0.0,0.0,0.0,0.0,0.0,0.0,0.0,0.0,0.0,0.0,0.0,0.0,0.0,0.0,0.0,0.0,0.0,0.0,0.0,0.0,0.0,0.0,0.0,0.0,0.0,0.0,0.0,0.0,0.0,0.0,0.0,0.0,0.0,0.0,0.0,0.0,40
0405_3_Ethylhex_1_ene.xyz,142.47688656972593,51.633885639121885,40.65521891163678,27.6888367053183,17.891912294720218,11.582265022247773,9.947174764778875,6.721308959458553,0.049374771950206134,-0.0024958770361903004,-0.04074945095122137,-0.07009952103890534,-0.07286453599661155,-0.1117257454269483,-0.13886602366900686,-0.15096249574545131,-0.22460433235512176,-0.3664284231372013,-0.45169405595366036,-0.5448694742846016,-0.7091657961647705,-0.899740323891386,-0.9599507670786657,-1.0378052208213515,0.0,0.0,0.0,0.0,0.0,0.0,0.0,0.0,0.0,0.0,0.0,0.0,0.0,0.0,0.0,0.0,0.0,0.0,0.0,0.0,0.0,0.0,0.0,0.0,0.0,0.0,0.0,0.0,0.0,0.0,0.0,0.0,48
0406_3_Ethylhex_3_ene.xyz,142.79611058358313,51.164528238554006,39.26001098699593,28.618275034679105,17.66618063262276,13.181898240387083,11.215987487948883,4.555985331301331,0.07016046378638814,0.027653004836512975,-0.031980643920781746,-0.06704162625350522,-0.0751908394024349,-0.10593991762291481,-0.12359974376081956,-0.14693958668160134,-0.18041119214434898,-0.3646207174205439,-0.47017397073964007,-0.5345214482357801,-0.6577508823050161,-0.9348688509812825,-0.9471787244263242,-1.0517302653925322,0.0,0.0,0.0,0.0,0.0,0.0,0.0,0.0,0.0,0.0,0.0,0.0,0.0,0.0,0.0,0.0,0.0,0.0,0.0,0.0,0.0,0.0,0.0,0.0,0.0,0.0,0.0,0.0,0.0,0.0,0.0,0.0,48
0407_3_Ethylhexane.xyz,142.03056054042025,51.1315439962931,38.87673261204843,28.612912558363146,18.01548064052884,13.104594736656944,10.58132531334054,7.658702925370859,0.09516883242276877,0.022268621974804885,-0.010705427780214504,-0.038902279135989114,-0.08355636386041694,-0.10353937962968153,-0.12556128458685034,-0.1495124666319266,-0.1551857413344601,-0.1756397782952666,-0.2503326203457422,-0.44261427356274285,-0.5328457584899597,-0.553409826472844,-0.7169515044221718,-0.9356668312395696,-0.9586161310750465,-1.0314095151491558,0.0,0.0,0.0,0.0,0.0,0.0,0.0,0.0,0.0,0.0,0.0,0.0,0.0,0.0,0.0,0.0,0.0,0.0,0.0,0.0,0.0,0.0,0.0,0.0,0.0,0.0,0.0,0.0,0.0,0.0,50
0408_3_Ethylpent_1_ene.xyz,133.39062817617128,43.479250103037124,40.2554197491073,22.25310680627016,13.36962023491206,10.610986629049064,6.6659377415612555,0.026627155267403918,0.005111147258625048,-0.04876110068426926,-0.07222903559201617,-0.0779081841869422,-0.11197946107616892,-0.17647553225043716,-0.2236667276643545,-0.3792087953610802,-0.5292594644870146,-0.5708635199832838,-0.8925452531358318,-0.9259163610694526,-1.0411379111618266,0.0,0.0,0.0,0.0,0.0,0.0,0.0,0.0,0.0,0.0,0.0,0.0,0.0,0.0,0.0,0.0,0.0,0.0,0.0,0.0,0.0,0.0,0.0,0.0,0.0,0.0,0.0,0.0,0.0,0.0,0.0,0.0,0.0,0.0,0.0,42
0409_3_Ethylpent_1_yne.xyz,133.64747742307765,44.49226475820704,40.628095968551854,22.191856067425174,13.407099103781553,10.123258328407873,4.02466224232019,0.023350740764086584,0.0017475498807246203,-0.07041251706407878,-0.07787838079900651,-0.1169116303246428,-0.17509925869322907,-0.29077077060681283,-0.5248782076236412,-0.5366240683730553,-0.7702595267548333,-0.9284429087694309,-1.0417985174257662,0.0,0.0,0.0,0.0,0.0,0.0,0.0,0.0,0.0,0.0,0.0,0.0,0.0,0.0,0.0,0.0,0.0,0.0,0.0,0.0,0.0,0.0,0.0,0.0,0.0,0.0,0.0,0.0,0.0,0.0,0.0,0.0,0.0,0.0,0.0,0.0,0.0,40
0410_3_Ethylpent_2_ene.xyz,134.39995968190647,41.732200419709386,39.15546672071598,23.674570493450936,13.350323326931502,12.97833008145505,4.606729213350931,0.07014566475921281,-5.977953160454949e-05,-0.03609185016954174,-0.07371259014928497,-0.08554973132939074,-0.12250135792942106,-0.14006326450337755,-0.17843152883751956,-0.39321000603562417,-0.5069820678371042,-0.5363793425055218,-0.8985009962564526,-0.9351531020112833,-1.05435358920172,0.0,0.0,0.0,0.0,0.0,0.0,0.0,0.0,0.0,0.0,0.0,0.0,0.0,0.0,0.0,0.0,0.0,0.0,0.0,0.0,0.0,0.0,0.0,0.0,0.0,0.0,0.0,0.0,0.0,0.0,0.0,0.0,0.0,0.0,0.0,42
0411_3_Methylbut_1_ene.xyz,111.6188585604105,36.97239587052761,24.196573314560318,13.157944260938226,6.946621805752953,0.01699216584529875,-0.026858963110447585,-0.05728292420056516,-0.10666378056996381,-0.1325175599324308,-0.2251322219373288,-0.3879809633545778,-0.8086372599756195,-0.8366689914218906,-1.037117316402425,0.0,0.0,0.0,0.0,0.0,0.0,0.0,0.0,0.0,0.0,0.0,0.0,0.0,0.0,0.0,0.0,0.0,0.0,0.0,0.0,0.0,0.0,0.0,0.0,0.0,0.0,0.0,0.0,0.0,0.0,0.0,0.0,0.0,0.0,0.0,0.0,0.0,0.0,0.0,0.0,0.0,30
0412_3_Methylbut_1_yne.xyz,112.1467468163537,38.030717636065134,24.279621210039227,12.850998884475937,4.07106960779648,0.010847009260553946,-0.03369393630029228,-0.1065242394301709,-0.1306560363816971,-0.2988702372879225,-0.6806900154159611,-0.8137562959260943,-1.0352844061191449,0.0,0.0,0.0,0.0,0.0,0.0,0.0,0.0,0.0,0.0,0.0,0.0,0.0,0.0,0.0,0.0,0.0,0.0,0.0,0.0,0.0,0.0,0.0,0.0,0.0,0.0,0.0,0.0,0.0,0.0,0.0,0.0,0.0,0.0,0.0,0.0,0.0,0.0,0.0,0.0,0.0,0.0,0.0,28
0413_3_Methylpent_1_yne.xyz,122.86174929390432,44.53370472313492,30.108433917106844,17.78936625133179,10.589511569678587,4.0650638402546155,0.03356476676627412,-0.02028237523947656,-0.08532206653424687,-0.11114329221246348,-0.16006435144988593,-0.293686481135458,-0.525092683287754,-0.7160806165881196,-0.876281290298101,-1.044810008876213,0.0,0.0,0.0,0.0,0.0,0.0,0.0,0.0,0.0,0.0,0.0,0.0,0.0,0.0,0.0,0.0,0.0,0.0,0.0,0.0,0.0,0.0,0.0,0.0,0.0,0.0,0.0,0.0,0.0,0.0,0.0,0.0,0.0,0.0,0.0,0.0,0.0,0.0,0.0,0.0,34
0414_3R_3_methyl_1_propan_2_ylcyclopent_1_ene.xyz,159.58264031255146,58.19965518068798,33.08868785137982,28.503388404099088,24.233587263026852,17.982675099521522,11.60563661058362,7.8091637077622735,4.402658776240804,0.04382423546119563,0.0074326364121041,-0.0312852178720437,-0.05725424775667645,-0.08324311080977871,-0.10839245222161571,-0.12628020433674808,-0.17389818815757402,-0.22218633635970828,-0.32990493630531276,-0.43886149859373835,-0.6126392011577906,-0.8007310190795739,-0.8107332300211747,-0.9399493108903834,-1.001044329330968,0.0,0.0,0.0,0.0,0.0,0.0,0.0,0.0,0.0,0.0,0.0,0.0,0.0,0.0,0.0,0.0,0.0,0.0,0.0,0.0,0.0,0.0,0.0,0.0,0.0,0.0,0.0,0.0,0.0,0.0,0.0,52
0415_3_Methyl_4_methylidenehexane.xyz,146.52477135998322,47.39882142383637,36.51033681632466,30.62143678717177,17.114386995836984,14.71311031350588,10.57419084394918,5.06417341816453,0.09228757281640602,0.013215868551462603,-0.037472590693684193,-0.05806285153919855,-0.06921452575812427,-0.10200224507076551,-0.11974256783037215,-0.16434955692091338,-0.16957614317543665,-0.3284751372709398,-0.5035339186059464,-0.5710515750586989,-0.7658385401206615,-0.8729628703977839,-0.9523048472551763,-1.0473024350352178,0.0,0.0,0.0,0.0,0.0,0.0,0.0,0.0,0.0,0.0,0.0,0.0,0.0,0.0,0.0,0.0,0.0,0.0,0.0,0.0,0.0,0.0,0.0,0.0,0.0,0.0,0.0,0.0,0.0,0.0,0.0,0.0,48
0416_3_Methylcyclopentane.xyz,130.02289107933717,38.050042546508564,29.194945654445362,17.905912818864973,8.538290037021895,6.105330526273542,0.051529330688788344,-0.06570652414199533,-0.07424926810273506,-0.12884138339888446,-0.16510824607772243,-0.3192446644007061,-0.4333733329863381,-0.7030516783624882,-0.8902923768070194,-0.9404433223067664,0.0,0.0,0.0,0.0,0.0,0.0,0.0,0.0,0.0,0.0,0.0,0.0,0.0,0.0,0.0,0.0,0.0,0.0,0.0,0.0,0.0,0.0,0.0,0.0,0.0,0.0,0.0,0.0,0.0,0.0,0.0,0.0,0.0,0.0,0.0,0.0,0.0,0.0,0.0,0.0,34
0417_3_Methylenepent_1_ene.xyz,124.54929921885531,41.65181050936377,31.634802715619227,16.10934411609278,11.40597094861144,4.6316881069882,0.025918136504915423,-0.008113897060911535,-0.06718644113143185,-0.09940540040189441,-0.14883769962171123,-0.32003455829946453,-0.5172976599390554,-0.7344166457747285,-0.9039426751604264,-1.0609675780903265,0.0,0.0,0.0,0.0,0.0,0.0,0.0,0.0,0.0,0.0,0.0,0.0,0.0,0.0,0.0,0.0,0.0,0.0,0.0,0.0,0.0,0.0,0.0,0.0,0.0,0.0,0.0,0.0,0.0,0.0,0.0,0.0,0.0,0.0,0.0,0.0,0.0,0.0,0.0,0.0,34
0418_3_Methylhept_1_ene.xyz,140.3952200469771,57.785571150496295,36.432973706946015,26.647093372224482,18.611330832780656,12.778727915083511,9.676977849402707,6.24173556981538,0.05069889051093325,0.005071569701527638,-0.03327853172078323,-0.052052248422098664,-0.07385899861573521,-0.11132776662463464,-0.13540379998570984,-0.17394313794089877,-0.2040453746265207,-0.368793417493353,-0.39788451662698676,-0.600642313290547,-0.7587300146776779,-0.8334403018202796,-0.9692783677506035,-1.047880518935126,0.0,0.0,0.0,0.0,0.0,0.0,0.0,0.0,0.0,0.0,0.0,0.0,0.0,0.0,0.0,0.0,0.0,0.0,0.0,0.0,0.0,0.0,0.0,0.0,0.0,0.0,0.0,0.0,0.0,0.0,0.0,0.0,48
0419_3_Methylhex_1_ene.xyz,131.86563234134167,51.29648109020071,32.066959650410425,24.051424363114123,13.896711622971782,10.043210591253635,6.805270666103257,0.03932569572221907,0.01445444456722282,-0.0459633970473933,-0.0876748584766079,-0.09711262853022767,-0.1322089041112142,-0.15531062647183752,-0.21366316093995968,-0.37077225691967347,-0.46358527947244166,-0.6824279134888809,-0.835432321853184,-0.9525668511422879,-1.0360158712496983,0.0,0.0,0.0,0.0,0.0,0.0,0.0,0.0,0.0,0.0,0.0,0.0,0.0,0.0,0.0,0.0,0.0,0.0,0.0,0.0,0.0,0.0,0.0,0.0,0.0,0.0,0.0,0.0,0.0,0.0,0.0,0.0,0.0,0.0,0.0,42
0420_3_Methylhex_1_yne.xyz,132.8387896660659,50.02630605284743,35.12928508727194,22.55660478602096,14.15514017091238,9.839134726439836,3.9504786545075588,0.07197577266020307,-0.03998627675863372,-0.07247057121701013,-0.07633129735627141,-0.1448408876003614,-0.1510080475554474,-0.259518970845312,-0.45425525474796724,-0.6677919790809239,-0.7249357889588425,-0.9281704632874499,-1.0416689833364794,0.0,0.0,0.0,0.0,0.0,0.0,0.0,0.0,0.0,0.0,0.0,0.0,0.0,0.0,0.0,0.0,0.0,0.0,0.0,0.0,0.0,0.0,0.0,0.0,0.0,0.0,0.0,0.0,0.0,0.0,0.0,0.0,0.0,0.0,0.0,0.0,0.0,40
0421_3_Methylideneheptane.xyz,141.67099511667647,55.68147755955389,36.12854143120226,28.20843735080969,16.291095228583526,15.081162421201102,10.02616491099667,5.440090233949867,0.08754357480614197,0.028258054365148763,-0.025933376368588713,-0.06049593710225091,-0.07339576688484992,-0.13259086072598403,-0.138631230482505,-0.14303514175684953,-0.16310910972593215,-0.3734309686737577,-0.5112865960894679,-0.5687811744175505,-0.7335931554145736,-0.8298214225857934,-0.977586048633566,-1.0472334978754883,0.0,0.0,0.0,0.0,0.0,0.0,0.0,0.0,0.0,0.0,0.0,0.0,0.0,0.0,0.0,0.0,0.0,0.0,0.0,0.0,0.0,0.0,0.0,0.0,0.0,0.0,0.0,0.0,0.0,0.0,0.0,0.0,48
0422_3_Methylpenta_12_diene.xyz,123.75612554216062,42.8426167891293,30.367159306311365,18.206162970720772,11.588925232978081,3.041555502703112,0.018570446639801397,-0.016138715713363047,-0.04898476261636112,-0.083625048097131,-0.10904790610674815,-0.15881084407162993,-0.5145541261012854,-0.7792431030937894,-0.8882721800777801,-1.0738079082091518,0.0,0.0,0.0,0.0,0.0,0.0,0.0,0.0,0.0,0.0,0.0,0.0,0.0,0.0,0.0,0.0,0.0,0.0,0.0,0.0,0.0,0.0,0.0,0.0,0.0,0.0,0.0,0.0,0.0,0.0,0.0,0.0,0.0,0.0,0.0,0.0,0.0,0.0,0.0,0.0,34
0423_3_Methylpenta_14_diene.xyz,124.20788362000658,42.12191072237112,32.23645993135957,15.799877743741659,9.950567184818988,5.715493178078928,-0.0068707493375207455,-0.04532519835451133,-0.0680512383236745,-0.07441264060992729,-0.20214813978301047,-0.32160437310165757,-0.42886485211937686,-0.8217905707328692,-0.866031081150092,-1.0484623403085944,0.0,0.0,0.0,0.0,0.0,0.0,0.0,0.0,0.0,0.0,0.0,0.0,0.0,0.0,0.0,0.0,0.0,0.0,0.0,0.0,0.0,0.0,0.0,0.0,0.0,0.0,0.0,0.0,0.0,0.0,0.0,0.0,0.0,0.0,0.0,0.0,0.0,0.0,0.0,0.0,34
0424_Non_3_yne.xyz,141.45759787726098,69.99943284445663,44.003469373174106,30.891106276746996,20.760237520586788,14.687052406815015,12.191937955524535,8.93931018115716,2.4034886982617714,0.07681504625859405,0.006133693535495756,-0.010429569897990203,-0.06990258795318877,-0.07118978024172544,-0.11174283061729133,-0.13919931697261667,-0.1401798430193098,-0.17593428452255214,-0.3160434454687618,-0.5119322339387963,-0.5440123579257758,-0.6771465873126099,-0.8730476544271759,-0.9944996916238124,-1.0583748950232161,0.0,0.0,0.0,0.0,0.0,0.0,0.0,0.0,0.0,0.0,0.0,0.0,0.0,0.0,0.0,0.0,0.0,0.0,0.0,0.0,0.0,0.0,0.0,0.0,0.0,0.0,0.0,0.0,0.0,0.0,0.0,52
0425_3S_3_ethyl_11_dimethylcyclopentane.xyz,160.0568645209117,55.69654283556958,35.48883743656554,25.80228966243532,24.058588591429775,18.350903850429532,13.148283173366822,7.624572873590395,6.747359558156503,0.08838025040266363,0.02175821966373285,-0.0044051547384371635,-0.03252690371844727,-0.06946070089848527,-0.10690845568986954,-0.13293421755844373,-0.1410521393525366,-0.1610687889631464,-0.17398816848207843,-0.2565680910528548,-0.48339004566048405,-0.5442627496410132,-0.6870378138764768,-0.8084953093918621,-0.8231860885595509,-0.946998707781054,-0.9891508423233595,0.0,0.0,0.0,0.0,0.0,0.0,0.0,0.0,0.0,0.0,0.0,0.0,0.0,0.0,0.0,0.0,0.0,0.0,0.0,0.0,0.0,0.0,0.0,0.0,0.0,0.0,0.0,0.0,0.0,54
0426_3R4R_34_dimethylcyclopent_1_ene.xyz,142.12408846795466,39.4968330553771,36.16792239073968,20.143913589316412,17.198239376055085,7.209792947541815,6.013011513029277,0.07111813062115388,-0.029118829803264207,-0.0916836471065963,-0.11204244177540526,-0.12294936045048152,-0.13812787830180198,-0.27284885089625494,-0.3808589468823831,-0.6071110619379037,-0.7927758595696216,-0.9000121147615188,-0.970654083168295,0.0,0.0,0.0,0.0,0.0,0.0,0.0,0.0,0.0,0.0,0.0,0.0,0.0,0.0,0.0,0.0,0.0,0.0,0.0,0.0,0.0,0.0,0.0,0.0,0.0,0.0,0.0,0.0,0.0,0.0,0.0,0.0,0.0,0.0,0.0,0.0,0.0,40
0427_3R4S_34_dimethylcyclopent_1_ene.xyz,142.15537735887742,37.95606762098844,37.085707808326234,21.6609865224957,15.979971432420298,7.491365764297806,6.056933069745605,-0.011039286671015973,-0.033018531893847444,-0.05775827860339864,-0.07583240399570486,-0.1252434274044548,-0.13763196790963014,-0.30718301220749294,-0.36225872256547914,-0.6048756180078635,-0.8012300763975871,-0.9075495878188785,-0.9560522676945741,0.0,0.0,0.0,0.0,0.0,0.0,0.0,0.0,0.0,0.0,0.0,0.0,0.0,0.0,0.0,0.0,0.0,0.0,0.0,0.0,0.0,0.0,0.0,0.0,0.0,0.0,0.0,0.0,0.0,0.0,0.0,0.0,0.0,0.0,0.0,0.0,0.0,40
0428_3S5S_35_dimethylcyclopent_1_ene.xyz,141.12125010463666,43.6196442539927,32.02138590730483,22.308013057299107,15.666327457331581,7.719235726159959,5.915481812449317,0.025258766599922624,-0.04662956800220104,-0.059206460725689476,-0.07536286759400097,-0.1327983103235944,-0.13839447374129885,-0.3161717650621018,-0.3325397262495253,-0.690876760678116,-0.7167960060958103,-0.9384112805784853,-0.9426734707416402,0.0,0.0,0.0,0.0,0.0,0.0,0.0,0.0,0.0,0.0,0.0,0.0,0.0,0.0,0.0,0.0,0.0,0.0,0.0,0.0,0.0,0.0,0.0,0.0,0.0,0.0,0.0,0.0,0.0,0.0,0.0,0.0,0.0,0.0,0.0,0.0,0.0,40
0429_3R5S_35_dimethylcyclopent_1_ene.xyz,140.73332363578555,44.148250433652535,32.31830155856297,22.411924370108153,14.965648844323866,7.904619436767994,5.886729371185332,0.06439101507490311,-0.06007956669232149,-0.06883446889179443,-0.07824898119774655,-0.12929571349911598,-0.16190890548760303,-0.31587127044336843,-0.32907873891455536,-0.6872701494282002,-0.7148023286738083,-0.938204379868956,-0.9428577663822172,0.0,0.0,0.0,0.0,0.0,0.0,0.0,0.0,0.0,0.0,0.0,0.0,0.0,0.0,0.0,0.0,0.0,0.0,0.0,0.0,0.0,0.0,0.0,0.0,0.0,0.0,0.0,0.0,0.0,0.0,0.0,0.0,0.0,0.0,0.0,0.0,0.0,40
0430_3Z_135_hexatriene.xyz,121.15445589170392,50.91041785029762,29.420171607528086,13.489286297791564,9.007503581164418,4.680644202505291,-0.02396764730080907,-0.0519227163244034,-0.14442574926970464,-0.3155848920548901,-0.35109287020251134,-0.6353031688726142,-0.8924948661323119,-1.0990563242779188,0.0,0.0,0.0,0.0,0.0,0.0,0.0,0.0,0.0,0.0,0.0,0.0,0.0,0.0,0.0,0.0,0.0,0.0,0.0,0.0,0.0,0.0,0.0,0.0,0.0,0.0,0.0,0.0,0.0,0.0,0.0,0.0,0.0,0.0,0.0,0.0,0.0,0.0,0.0,0.0,0.0,0.0,32
0431_3Z_13_hexadiene.xyz,120.47699541147139,49.23478141035406,29.575951895658214,15.278908542726997,10.345604738417864,5.113577812725416,0.0240428476843372,-0.043485620383282846,-0.06924315862019594,-0.1301958174708207,-0.16911220419226175,-0.33809955817911996,-0.4686281042886624,-0.6830593293741198,-0.9225830859570416,-1.0768245840172117,0.0,0.0,0.0,0.0,0.0,0.0,0.0,0.0,0.0,0.0,0.0,0.0,0.0,0.0,0.0,0.0,0.0,0.0,0.0,0.0,0.0,0.0,0.0,0.0,0.0,0.0,0.0,0.0,0.0,0.0,0.0,0.0,0.0,0.0,0.0,0.0,0.0,0.0,0.0,0.0,34
0432_3Z_23_dimethylhex_3_ene.xyz,144.39569368484086,52.32076481015342,35.83940937639474,24.423680266684055,22.480966500311794,14.123241426019993,10.47067156085243,4.397122001824748,0.05575000380536214,0.011920913619744036,-0.02782322051261742,-0.04819028859868721,-0.06771053226730336,-0.10808235413731347,-0.11299160392618665,-0.13589268902723525,-0.16804061663066266,-0.3183043594895098,-0.381053348431139,-0.6260487247729093,-0.8098663141348299,-0.8432587391193007,-0.9501397339940352,-1.0569764240579054,0.0,0.0,0.0,0.0,0.0,0.0,0.0,0.0,0.0,0.0,0.0,0.0,0.0,0.0,0.0,0.0,0.0,0.0,0.0,0.0,0.0,0.0,0.0,0.0,0.0,0.0,0.0,0.0,0.0,0.0,0.0,0.0,48
0433_3Z_24_dimethylhex_3_ene.xyz,143.6579103619955,54.33544536339012,34.53958923023286,24.194197572233843,22.343850702247966,14.940600166172706,9.818761039738776,4.646255504853432,0.04916549591809036,-0.004696338348857812,-0.020328455234696886,-0.03485073949957516,-0.08130723191248701,-0.10833499108600271,-0.11555065864699615,-0.13264351576786423,-0.1612463236686448,-0.29523659672561575,-0.4547890393109675,-0.5961901366014074,-0.8081189257537761,-0.8477053404641988,-0.9498389363949877,-1.0500966119596506,0.0,0.0,0.0,0.0,0.0,0.0,0.0,0.0,0.0,0.0,0.0,0.0,0.0,0.0,0.0,0.0,0.0,0.0,0.0,0.0,0.0,0.0,0.0,0.0,0.0,0.0,0.0,0.0,0.0,0.0,0.0,0.0,48
0434_3Z_25_dimethylhex_3_ene.xyz,143.978531706721,55.20530666069553,32.08982206779415,25.643628162336405,22.832618648044928,14.07150333473674,9.478827334049166,5.1942193333428,0.07543445185046803,-0.005663360932032349,-0.03820310169278022,-0.05239129342013077,-0.0894740158330603,-0.10585624418120294,-0.1333278945505355,-0.13358764891743546,-0.150311539282245,-0.33861844834975674,-0.3536043847303353,-0.6896338036209921,-0.8012615394731634,-0.8173842679397197,-0.955025983437708,-1.0407065778025968,0.0,0.0,0.0,0.0,0.0,0.0,0.0,0.0,0.0,0.0,0.0,0.0,0.0,0.0,0.0,0.0,0.0,0.0,0.0,0.0,0.0,0.0,0.0,0.0,0.0,0.0,0.0,0.0,0.0,0.0,0.0,0.0,48
0435_3Z_2_methylhept_3_ene.xyz,141.14614520715793,57.51224008236282,35.471380249532146,25.00753032252902,21.494780859584036,13.110984501300065,9.523061249212093,5.212736538295646,0.07710057403355244,-0.010251375879248568,-0.021606952676584378,-0.03735436568990902,-0.09268829018866799,-0.11410542234787535,-0.13658561687532234,-0.15864802019703717,-0.17412973134601345,-0.32695450076921306,-0.40062458428579073,-0.5912995694314092,-0.7931502912581844,-0.8147894148084384,-0.9733099426291522,-1.045619910216964,0.0,0.0,0.0,0.0,0.0,0.0,0.0,0.0,0.0,0.0,0.0,0.0,0.0,0.0,0.0,0.0,0.0,0.0,0.0,0.0,0.0,0.0,0.0,0.0,0.0,0.0,0.0,0.0,0.0,0.0,0.0,0.0,48
0436_3Z_2_methylhex_3_ene.xyz,131.51135864350982,52.30513115806062,30.459968350046772,24.192055231737545,15.241567851649236,10.767602623653048,5.474832568334532,0.05273090090778456,-0.013163446537200613,-0.04054164881991751,-0.06706549419836716,-0.10986024281220008,-0.13100499803727678,-0.13253198086934367,-0.1751431514713228,-0.3405193050869653,-0.46786672845106037,-0.7156554223883743,-0.8083973415612807,-0.9444533079406694,-1.052307863743581,0.0,0.0,0.0,0.0,0.0,0.0,0.0,0.0,0.0,0.0,0.0,0.0,0.0,0.0,0.0,0.0,0.0,0.0,0.0,0.0,0.0,0.0,0.0,0.0,0.0,0.0,0.0,0.0,0.0,0.0,0.0,0.0,0.0,0.0,0.0,42
0437_3Z_2_methylpenta_13_diene.xyz,123.94435786442864,45.01503689342271,25.795623560800777,21.317016341991526,9.37257385701854,4.513137735643655,0.014031798516668519,-0.02937293663683682,-0.03734599693780484,-0.0996116237274963,-0.16065659282985786,-0.22222030375207713,-0.5632617159129893,-0.7257446632991802,-0.9258182865057344,-1.059114735664884,0.0,0.0,0.0,0.0,0.0,0.0,0.0,0.0,0.0,0.0,0.0,0.0,0.0,0.0,0.0,0.0,0.0,0.0,0.0,0.0,0.0,0.0,0.0,0.0,0.0,0.0,0.0,0.0,0.0,0.0,0.0,0.0,0.0,0.0,0.0,0.0,0.0,0.0,0.0,0.0,34
0438_3Z_34_dimethylhex_3_ene.xyz,146.12506252310266,48.574445833748364,36.95121863657634,26.907582380103143,20.07315533353507,15.056941108905134,10.993061181769841,3.68564003333832,0.0932898734232463,-0.009066017263823176,-0.021988919583060165,-0.04110654815119535,-0.049421197361540374,-0.09134519423769265,-0.1013505830234359,-0.16289569177149488,-0.16808074219415065,-0.20205488334504224,-0.47507527372031244,-0.5885665835557663,-0.7961821357647433,-0.876503287334579,-0.9536625212781789,-1.058255730509718,0.0,0.0,0.0,0.0,0.0,0.0,0.0,0.0,0.0,0.0,0.0,0.0,0.0,0.0,0.0,0.0,0.0,0.0,0.0,0.0,0.0,0.0,0.0,0.0,0.0,0.0,0.0,0.0,0.0,0.0,0.0,0.0,48
0439_3Z_3_methylhept_3_ene.xyz,140.6802987695275,56.81693031392332,36.34468001639165,27.57652430817135,17.785570277515482,13.973373862160795,10.592106096995371,4.708518438024706,0.10403566724763293,0.006888779789917181,-0.027446860399406695,-0.06872530857508877,-0.08202499323684367,-0.09656472132655025,-0.1377944570609272,-0.14485079527280775,-0.18400960571450842,-0.3508226701330803,-0.45535626557996334,-0.5528113849635505,-0.7474336059302839,-0.8515214128668402,-0.9670203980007471,-1.057702455279535,0.0,0.0,0.0,0.0,0.0,0.0,0.0,0.0,0.0,0.0,0.0,0.0,0.0,0.0,0.0,0.0,0.0,0.0,0.0,0.0,0.0,0.0,0.0,0.0,0.0,0.0,0.0,0.0,0.0,0.0,0.0,0.0,48
0440_3Z_3_methylpenta_13_diene.xyz,125.04283590514314,39.5371908933503,33.161908450161526,17.370510816234326,10.58322583317546,4.23558739394861,-0.014633887333013507,-0.04997975021835273,-0.0654724643069497,-0.07799533292102363,-0.10038518410173652,-0.3186654590227092,-0.3971818099261697,-0.8127454171623202,-0.8813967553034086,-1.0641720351621389,0.0,0.0,0.0,0.0,0.0,0.0,0.0,0.0,0.0,0.0,0.0,0.0,0.0,0.0,0.0,0.0,0.0,0.0,0.0,0.0,0.0,0.0,0.0,0.0,0.0,0.0,0.0,0.0,0.0,0.0,0.0,0.0,0.0,0.0,0.0,0.0,0.0,0.0,0.0,0.0,34
0441_3Z_4_methylhept_3_ene.xyz,141.35588618888715,52.14877664263591,42.873772832108315,22.829728482146173,21.017550116629454,13.138948952102854,10.336689665072354,4.766770040809553,0.10225549628884899,0.0015349666133183514,-0.05999959657821052,-0.06172371596642569,-0.0678080786957088,-0.07906771527659619,-0.13389176420312157,-0.14893867981444694,-0.1741287238941752,-0.3434262131573881,-0.4331267251224006,-0.6252483760728019,-0.692860668614376,-0.8763204327100866,-0.9714359133436242,-1.0390951844369767,0.0,0.0,0.0,0.0,0.0,0.0,0.0,0.0,0.0,0.0,0.0,0.0,0.0,0.0,0.0,0.0,0.0,0.0,0.0,0.0,0.0,0.0,0.0,0.0,0.0,0.0,0.0,0.0,0.0,0.0,0.0,0.0,48
0442_3Z_5_methylhept_3_ene.xyz,140.55776036493165,57.12913649737718,35.647199802501795,28.444829900092408,17.608901337994958,14.090531450651024,9.59819818816906,5.444193779855199,0.05766267436198093,0.0032338924342883778,-0.024778157692755355,-0.0669978887123026,-0.08309696194955934,-0.11448798320358207,-0.1319417541639643,-0.16027439696253204,-0.1760944967002583,-0.3347267797869287,-0.4649782166023147,-0.5489228430326824,-0.726987137950193,-0.8568902582770086,-0.9705905804694661,-1.0560388374586906,0.0,0.0,0.0,0.0,0.0,0.0,0.0,0.0,0.0,0.0,0.0,0.0,0.0,0.0,0.0,0.0,0.0,0.0,0.0,0.0,0.0,0.0,0.0,0.0,0.0,0.0,0.0,0.0,0.0,0.0,0.0,0.0,48
0443_3Z_6_methylhept_3_ene.xyz,139.80338547251364,59.57469452283847,35.52366566372401,24.26273439953631,21.00565681227725,13.64095048272159,9.094254765734556,5.608370388075063,0.08881133660754624,-0.0010373648340484857,-0.02821204068328546,-0.06752369492758589,-0.08880620311995543,-0.12099956651005299,-0.13389758890046505,-0.1516877403759769,-0.17788028928371805,-0.30603240674998966,-0.46292632372416004,-0.5741711508868929,-0.7983155660657066,-0.808229476283809,-0.9677149168201551,-1.0502479194550793,0.0,0.0,0.0,0.0,0.0,0.0,0.0,0.0,0.0,0.0,0.0,0.0,0.0,0.0,0.0,0.0,0.0,0.0,0.0,0.0,0.0,0.0,0.0,0.0,0.0,0.0,0.0,0.0,0.0,0.0,0.0,0.0,48
0444_3Z_hept_3_ene.xyz,129.33372403925551,53.96678192068889,34.037138033411715,21.749642725587496,14.61412586799764,10.679596361261869,5.567921969004524,0.06954382665180396,-0.00045474505120167446,-0.05159326729125088,-0.07125012051362098,-0.10089219917099476,-0.13082617612007283,-0.16795946083919833,-0.1845286015559862,-0.40037298151316497,-0.46731952786048475,-0.6178621239442983,-0.792994332567382,-0.9661191627532194,-1.0595656486967941,0.0,0.0,0.0,0.0,0.0,0.0,0.0,0.0,0.0,0.0,0.0,0.0,0.0,0.0,0.0,0.0,0.0,0.0,0.0,0.0,0.0,0.0,0.0,0.0,0.0,0.0,0.0,0.0,0.0,0.0,0.0,0.0,0.0,0.0,0.0,42
0445_3Z_oct_3_ene.xyz,137.68880889871434,59.608757100971864,38.990631794344715,26.712690302722848,16.888481828611756,13.117082922592804,9.875112152863357,5.632201711810122,0.09515166451738034,0.013385859742202123,-0.05672366902937378,-0.07075284484859594,-0.08115790340884743,-0.13334263755481604,-0.1394366677888898,-0.1575444912591858,-0.17247341602283628,-0.37844773221688266,-0.45694593615476625,-0.544572178431579,-0.680044118946753,-0.8503363604789341,-0.9804634973953379,-1.0552211879470879,0.0,0.0,0.0,0.0,0.0,0.0,0.0,0.0,0.0,0.0,0.0,0.0,0.0,0.0,0.0,0.0,0.0,0.0,0.0,0.0,0.0,0.0,0.0,0.0,0.0,0.0,0.0,0.0,0.0,0.0,0.0,0.0,48
0446_44_dimethylcyclopent_1_ene.xyz,143.16752574030488,42.6919578294859,27.719944620184464,24.077415743588606,17.359069102845606,7.019648509560654,6.361529023000895,0.004558209593095165,-0.0012954640319232796,-0.05860440857567958,-0.0783286746400458,-0.14462087971753562,-0.16704325107586446,-0.17194516855778455,-0.46070287770312224,-0.6847137405664255,-0.8078246960733854,-0.8854733855612494,-0.934359836079487,0.0,0.0,0.0,0.0,0.0,0.0,0.0,0.0,0.0,0.0,0.0,0.0,0.0,0.0,0.0,0.0,0.0,0.0,0.0,0.0,0.0,0.0,0.0,0.0,0.0,0.0,0.0,0.0,0.0,0.0,0.0,0.0,0.0,0.0,0.0,0.0,0.0,40
0447_44_dimethylhex_1_ene.xyz,146.04276963664466,51.941592894672716,34.58224818773464,24.21824645058673,22.058107343504634,14.894792929440047,8.728970969503905,6.107220984184975,0.05975099176435907,0.03217727571970419,-0.009105662577974469,-0.055027276744932206,-0.06636320907070895,-0.11618213043392352,-0.13917646469811862,-0.15503646918164268,-0.1892593612057145,-0.2827584720450597,-0.5198307374696672,-0.6222193473770937,-0.8094636964063063,-0.864497430042783,-0.9380937669486533,-1.0340220441462766,0.0,0.0,0.0,0.0,0.0,0.0,0.0,0.0,0.0,0.0,0.0,0.0,0.0,0.0,0.0,0.0,0.0,0.0,0.0,0.0,0.0,0.0,0.0,0.0,0.0,0.0,0.0,0.0,0.0,0.0,0.0,0.0,48
0448_44_dimethylpent_1_ene.xyz,136.05480990081583,48.64414921153667,24.27064083890787,24.115545517815317,21.316316588226023,9.109796176520383,6.504106329775062,0.05642869966994357,0.03758443455669898,-0.02501772533837745,-0.054312924536031,-0.12263903765333674,-0.1333471975354337,-0.15340808829546862,-0.16366728079045142,-0.28287882933342573,-0.6187000992434278,-0.8086785225303074,-0.8093893217917971,-0.9123979877307767,-1.0182042870633794,0.0,0.0,0.0,0.0,0.0,0.0,0.0,0.0,0.0,0.0,0.0,0.0,0.0,0.0,0.0,0.0,0.0,0.0,0.0,0.0,0.0,0.0,0.0,0.0,0.0,0.0,0.0,0.0,0.0,0.0,0.0,0.0,0.0,0.0,0.0,42
0449_44_dimethylpent_1_yne.xyz,136.56760203536294,49.518446767760054,24.310584839367113,24.126878689993838,21.6972841548735,7.9794499342374845,4.335035308802043,0.037546282856176116,0.03203343091503769,-0.037492485676058604,-0.11576454366542126,-0.1311955188819938,-0.15503224913599745,-0.15861813000520733,-0.5288910467111995,-0.8091192671207191,-0.8105836699983496,-0.8450046198512302,-1.006423517140461,0.0,0.0,0.0,0.0,0.0,0.0,0.0,0.0,0.0,0.0,0.0,0.0,0.0,0.0,0.0,0.0,0.0,0.0,0.0,0.0,0.0,0.0,0.0,0.0,0.0,0.0,0.0,0.0,0.0,0.0,0.0,0.0,0.0,0.0,0.0,0.0,0.0,40
0450_44_dimethylpent_2_yne.xyz,135.23961719625288,49.95318037664396,24.155755741567422,24.154518076928746,23.14897953601871,9.267750059316281,2.223550293153734,0.03319610010329778,-0.02563986948113153,-0.025670812932939033,-0.06822839072209716,-0.06823298700142232,-0.13101750962537453,-0.1310364747082426,-0.15512421040885227,-0.8137352160537529,-0.8137655076114234,-0.9089311636405611,-1.028428841817675,0.0,0.0,0.0,0.0,0.0,0.0,0.0,0.0,0.0,0.0,0.0,0.0,0.0,0.0,0.0,0.0,0.0,0.0,0.0,0.0,0.0,0.0,0.0,0.0,0.0,0.0,0.0,0.0,0.0,0.0,0.0,0.0,0.0,0.0,0.0,0.0,0.0,40
0451_45_dimethylhex_1_ene.xyz,143.63448521043028,55.22161596399114,34.16173409099735,24.45772677388216,22.341171304733045,13.850792277527624,8.4627257997961,6.446084372292737,0.044630089799281306,0.024518179510252418,-0.015917769002342607,-0.05055106530809823,-0.07142175071985397,-0.10047793617340561,-0.15462607965377928,-0.17396842590332465,-0.20422743127625778,-0.30761750417196304,-0.4162330228148131,-0.6362605917200923,-0.8073697689016022,-0.8590618831187238,-0.9396341134036645,-1.0432751253845907,0.0,0.0,0.0,0.0,0.0,0.0,0.0,0.0,0.0,0.0,0.0,0.0,0.0,0.0,0.0,0.0,0.0,0.0,0.0,0.0,0.0,0.0,0.0,0.0,0.0,0.0,0.0,0.0,0.0,0.0,0.0,0.0,48
0452_4E_hexa_14_diene.xyz,120.71828046231306,49.366141455387606,28.78921289076984,16.479123418628586,9.051709469134611,5.614569767244813,0.0014766127969634529,-0.06314375073940472,-0.07009333518650801,-0.11127958160999778,-0.19660099390216698,-0.30757571664232614,-0.4485380292312535,-0.6973078653701912,-0.9188645551564898,-1.0584790518813185,0.0,0.0,0.0,0.0,0.0,0.0,0.0,0.0,0.0,0.0,0.0,0.0,0.0,0.0,0.0,0.0,0.0,0.0,0.0,0.0,0.0,0.0,0.0,0.0,0.0,0.0,0.0,0.0,0.0,0.0,0.0,0.0,0.0,0.0,0.0,0.0,0.0,0.0,0.0,0.0,34
0453_4E_oct_4_ene.xyz,136.06512768067546,62.376620855673025,38.345666299705194,25.309263856383705,18.302249448867336,12.56200925399153,9.597406534646545,5.9937464005714265,0.03605392405462224,0.01329911635869028,-0.04576529333485751,-0.051629224894168116,-0.10713462782489944,-0.11640021556270588,-0.13660940703985336,-0.13762668648379847,-0.21799697377105767,-0.3976093156411219,-0.42010345220369066,-0.544121841585596,-0.7018234136566844,-0.8220537653872358,-0.9844205004648978,-1.0533070576696306,0.0,0.0,0.0,0.0,0.0,0.0,0.0,0.0,0.0,0.0,0.0,0.0,0.0,0.0,0.0,0.0,0.0,0.0,0.0,0.0,0.0,0.0,0.0,0.0,0.0,0.0,0.0,0.0,0.0,0.0,0.0,0.0,48
0454_4_Ethylcyclopent_1_ene.xyz,139.5838712853593,47.70473981297502,28.098083323820777,25.246983655271045,13.876977843984802,7.549963793158838,6.332639729126686,0.0565073985157918,-0.051302620154538285,-0.06583166974577818,-0.10859011780043352,-0.13207404318574203,-0.15019904339700788,-0.29951134117518496,-0.4602354029779313,-0.5383562151733036,-0.7668159486759824,-0.885625346499165,-0.9844886974456574,0.0,0.0,0.0,0.0,0.0,0.0,0.0,0.0,0.0,0.0,0.0,0.0,0.0,0.0,0.0,0.0,0.0,0.0,0.0,0.0,0.0,0.0,0.0,0.0,0.0,0.0,0.0,0.0,0.0,0.0,0.0,0.0,0.0,0.0,0.0,0.0,0.0,40
0455_4_Ethylhex_1_ene.xyz,141.70477681040734,52.85192178379016,40.752591562028776,27.165126777944003,17.104786915488802,13.376348771402814,8.491606651835964,7.159746219235468,0.08094077939994528,-0.0001332433997051897,-0.02396571366970938,-0.06954237017224472,-0.07340807925765032,-0.11439363130094786,-0.15188088427583138,-0.17633134593620375,-0.23294129980965014,-0.3262003085928865,-0.5313620739099838,-0.557200704875018,-0.6550606256339176,-0.9253270474042609,-0.9466639582160906,-1.0385933896715807,0.0,0.0,0.0,0.0,0.0,0.0,0.0,0.0,0.0,0.0,0.0,0.0,0.0,0.0,0.0,0.0,0.0,0.0,0.0,0.0,0.0,0.0,0.0,0.0,0.0,0.0,0.0,0.0,0.0,0.0,0.0,0.0,48
0456_4_Methylpent_1_yne.xyz,122.39373980973849,47.60429246059219,24.325801741243254,21.812523100636867,9.427672871191895,4.413449061776838,0.05579463321244706,-0.028975029928528868,-0.0916503488746314,-0.12983063026294775,-0.14739393236596257,-0.2727818522508656,-0.5362397703862145,-0.8082547318544904,-0.8427720400513581,-1.026744145861448,0.0,0.0,0.0,0.0,0.0,0.0,0.0,0.0,0.0,0.0,0.0,0.0,0.0,0.0,0.0,0.0,0.0,0.0,0.0,0.0,0.0,0.0,0.0,0.0,0.0,0.0,0.0,0.0,0.0,0.0,0.0,0.0,0.0,0.0,0.0,0.0,0.0,0.0,0.0,0.0,34
0457_4_Methyleneheptane.xyz,141.82086682737292,53.99390829483144,39.92398717573373,23.09591305624526,21.344847065014733,11.838075121020806,11.047350711621167,5.466040409914611,0.10086882298968076,0.026425534220303654,-0.02308450486401736,-0.06933831247915291,-0.07547913084736436,-0.11276648007430505,-0.13049235101837645,-0.16519315471897406,-0.17590353259506206,-0.37461829692935744,-0.4709762440567514,-0.6512518513348435,-0.6680782796471476,-0.8582631213254008,-0.9709907679060452,-1.0470053957603347,0.0,0.0,0.0,0.0,0.0,0.0,0.0,0.0,0.0,0.0,0.0,0.0,0.0,0.0,0.0,0.0,0.0,0.0,0.0,0.0,0.0,0.0,0.0,0.0,0.0,0.0,0.0,0.0,0.0,0.0,0.0,0.0,48
0458_4_Methylhex_1_ene.xyz,131.98635333337108,51.15471341713537,33.031605616293525,22.536368357005475,15.10263499036547,9.090196225549242,7.124127367953958,0.05531546553056735,0.012561594650933068,-0.05696488766550891,-0.0735319342888654,-0.0803990366159819,-0.14451247261052538,-0.17085011247287823,-0.20646449692154284,-0.3398249782472237,-0.5415754756368591,-0.6358132392585579,-0.8612823725354107,-0.9365339002198982,-1.0393870654007051,0.0,0.0,0.0,0.0,0.0,0.0,0.0,0.0,0.0,0.0,0.0,0.0,0.0,0.0,0.0,0.0,0.0,0.0,0.0,0.0,0.0,0.0,0.0,0.0,0.0,0.0,0.0,0.0,0.0,0.0,0.0,0.0,0.0,0.0,0.0,42
0459_4_Methylhex_1_yne.xyz,132.3037862985616,52.12036492130389,33.239005542712796,22.719649971458267,15.136311809900194,8.639218314661397,4.390557832795945,0.04917697732173824,-0.012398247264283277,-0.07279507925519998,-0.07831770310048822,-0.13917393463468566,-0.16837456335174136,-0.2711187839332456,-0.5291191932113327,-0.556205097720545,-0.8327881087332152,-0.8924036051581167,-1.0386409563712613,0.0,0.0,0.0,0.0,0.0,0.0,0.0,0.0,0.0,0.0,0.0,0.0,0.0,0.0,0.0,0.0,0.0,0.0,0.0,0.0,0.0,0.0,0.0,0.0,0.0,0.0,0.0,0.0,0.0,0.0,0.0,0.0,0.0,0.0,0.0,0.0,0.0,40
0460_4_Methylhex_2_yne.xyz,131.35095338367262,52.63117395912463,32.77534298790647,23.53595664333057,16.072199215915795,9.443193308221614,2.390729163215558,0.034159240840298144,-0.022868946703167733,-0.06384054020271458,-0.06733956950557753,-0.08609690043097708,-0.1132794832123768,-0.16087847921756177,-0.30139167010127405,-0.5692424685400346,-0.8557665308353184,-0.9309756333597939,-1.055291284137215,0.0,0.0,0.0,0.0,0.0,0.0,0.0,0.0,0.0,0.0,0.0,0.0,0.0,0.0,0.0,0.0,0.0,0.0,0.0,0.0,0.0,0.0,0.0,0.0,0.0,0.0,0.0,0.0,0.0,0.0,0.0,0.0,0.0,0.0,0.0,0.0,0.0,40
0461_4_Methylpent_1_ene.xyz,122.02181403936461,46.52635705386619,24.300929160994656,21.579649712044677,9.742121055358703,7.2814404070676675,0.07166167357045139,-0.022561390334877272,-0.04730903777498989,-0.09380864089140654,-0.13183393637097998,-0.15464103405549645,-0.20397619363793457,-0.3417532670369328,-0.6275209010095292,-0.8078011421098331,-0.9135764328769235,-1.0305599296123424,0.0,0.0,0.0,0.0,0.0,0.0,0.0,0.0,0.0,0.0,0.0,0.0,0.0,0.0,0.0,0.0,0.0,0.0,0.0,0.0,0.0,0.0,0.0,0.0,0.0,0.0,0.0,0.0,0.0,0.0,0.0,0.0,0.0,0.0,0.0,0.0,0.0,0.0,36
0462_4_Methylpent_2_yne.xyz,121.70104824676949,47.31698250734297,24.262032781343574,23.244543749515834,10.719226100001567,2.3850159490766023,0.007481160432318407,-0.03443027756887505,-0.06330387249200749,-0.06839490771047399,-0.10876378772835635,-0.13137429351595004,-0.31379599038719086,-0.8130362426767601,-0.9060676619699736,-1.0485322638772785,0.0,0.0,0.0,0.0,0.0,0.0,0.0,0.0,0.0,0.0,0.0,0.0,0.0,0.0,0.0,0.0,0.0,0.0,0.0,0.0,0.0,0.0,0.0,0.0,0.0,0.0,0.0,0.0,0.0,0.0,0.0,0.0,0.0,0.0,0.0,0.0,0.0,0.0,0.0,0.0,34
0463_4_Methylpenta_13_diene.xyz,122.99829583121175,47.00877889652083,24.263867655756542,21.52778671621977,9.576082408388723,4.620337391807974,-0.0043354074640753,-0.014703107642653177,-0.04414027071443079,-0.1055696722642332,-0.13436934695868877,-0.29032681628311474,-0.4982956445573731,-0.804224362069352,-0.8790395578765205,-1.0715135175194392,0.0,0.0,0.0,0.0,0.0,0.0,0.0,0.0,0.0,0.0,0.0,0.0,0.0,0.0,0.0,0.0,0.0,0.0,0.0,0.0,0.0,0.0,0.0,0.0,0.0,0.0,0.0,0.0,0.0,0.0,0.0,0.0,0.0,0.0,0.0,0.0,0.0,0.0,0.0,0.0,34
0464_4R_4_methylhept_1_ene.xyz,140.9199468000774,55.86372793059592,39.55958714090226,22.754674516420074,21.596983227940513,11.978772406820742,8.83528761382147,7.082988972505263,0.07476991975496478,0.016038855962845423,-0.036135922925004095,-0.06999099585265668,-0.07924419338478607,-0.13008931910104024,-0.14419678578611572,-0.16322693030045649,-0.2001216052556555,-0.33298160252892767,-0.45561108592079164,-0.615653022890013,-0.7104970222161769,-0.8802946590743514,-0.9693069404921666,-1.030585703665774,0.0,0.0,0.0,0.0,0.0,0.0,0.0,0.0,0.0,0.0,0.0,0.0,0.0,0.0,0.0,0.0,0.0,0.0,0.0,0.0,0.0,0.0,0.0,0.0,0.0,0.0,0.0,0.0,0.0,0.0,0.0,0.0,48
0465_4Z_hexa_14_diene.xyz,120.44831692855703,49.92161468833809,27.948845276801855,17.469435609681188,8.471008095039828,5.73512676439649,0.04276151256312284,-0.05718546094158965,-0.06942822038472475,-0.1329068980935156,-0.16267852677356295,-0.2951019110873225,-0.504647582211355,-0.6830494196503808,-0.9164977983741887,-1.0669818613052662,0.0,0.0,0.0,0.0,0.0,0.0,0.0,0.0,0.0,0.0,0.0,0.0,0.0,0.0,0.0,0.0,0.0,0.0,0.0,0.0,0.0,0.0,0.0,0.0,0.0,0.0,0.0,0.0,0.0,0.0,0.0,0.0,0.0,0.0,0.0,0.0,0.0,0.0,0.0,0.0,34
0466_4Z_oct_4_ene.xyz,138.05933268199226,59.56584848840905,39.014590694867536,24.197305963276836,19.886402255930125,12.322977168619449,10.020743448440511,5.441759740750659,0.06642968868530204,-0.001381080076416853,-0.008503993838100635,-0.06515918572973524,-0.08736894001725559,-0.11723244215231512,-0.14524221004148838,-0.16435669579282675,-0.18633478669654233,-0.3844853012595698,-0.4193742285192929,-0.5672790763778245,-0.6779948142527463,-0.8447922388992029,-0.9810063351740883,-1.0600372067366437,0.0,0.0,0.0,0.0,0.0,0.0,0.0,0.0,0.0,0.0,0.0,0.0,0.0,0.0,0.0,0.0,0.0,0.0,0.0,0.0,0.0,0.0,0.0,0.0,0.0,0.0,0.0,0.0,0.0,0.0,0.0,0.0,48
0467_55_Dimethylhept_3_yne.xyz,152.02728539075093,61.52519333919589,37.319578337440646,29.116441657395782,24.170362273025056,17.258959134835383,13.711023989477669,8.009707650420921,2.0982206351347026,0.029707318024450792,0.01692293496941625,-0.004454278205248253,-0.033264994368635656,-0.07102000553643412,-0.0778365759719244,-0.1154982591318534,-0.13895135834638445,-0.15502608583392338,-0.18266571861702285,-0.5278850301694838,-0.5480543604181639,-0.8153779246891264,-0.8644864689079295,-0.9739192620954784,-1.0520155435457115,0.0,0.0,0.0,0.0,0.0,0.0,0.0,0.0,0.0,0.0,0.0,0.0,0.0,0.0,0.0,0.0,0.0,0.0,0.0,0.0,0.0,0.0,0.0,0.0,0.0,0.0,0.0,0.0,0.0,0.0,0.0,52
0468_55_Dimethylhex_1_ene.xyz,143.82394409971369,57.455682439217526,29.226793240556923,24.09751524996382,23.936400336392868,15.238540101101965,8.163852289474422,6.651685624004729,0.06527133532245677,0.03934444380468764,0.01595627210297349,-0.04335464177488712,-0.11644693956542015,-0.13084081023652816,-0.14014934381122485,-0.15413213707986723,-0.17343766178531334,-0.2861551276350059,-0.4919043977017474,-0.7241977580743789,-0.8093353436530184,-0.8106466090559181,-0.9389476793951101,-1.0305953864802366,0.0,0.0,0.0,0.0,0.0,0.0,0.0,0.0,0.0,0.0,0.0,0.0,0.0,0.0,0.0,0.0,0.0,0.0,0.0,0.0,0.0,0.0,0.0,0.0,0.0,0.0,0.0,0.0,0.0,0.0,0.0,0.0,48
0469_5_Methylhept_1_ene.xyz,140.27952985959786,57.95732676126499,36.38867296756612,27.235117458216862,17.43032404950983,13.927646639318525,8.115677661040962,7.266622825545928,0.07732717319575186,0.009608496428150216,-0.02020276443473446,-0.05845431562523687,-0.09700518971954794,-0.12873947025400373,-0.14211334255962565,-0.16983870392419206,-0.21170033195758892,-0.32312660536874493,-0.49715129353897014,-0.5704270705138894,-0.7401456829568498,-0.8524814365011499,-0.9723419638749486,-1.0392841250478637,0.0,0.0,0.0,0.0,0.0,0.0,0.0,0.0,0.0,0.0,0.0,0.0,0.0,0.0,0.0,0.0,0.0,0.0,0.0,0.0,0.0,0.0,0.0,0.0,0.0,0.0,0.0,0.0,0.0,0.0,0.0,0.0,48
0470_5_Methylhex_1_yne.xyz,132.12094120255395,53.841120650952675,30.631168425762176,23.764478603778493,15.166396192669714,8.598407102677127,4.4127222406217,0.05824651368450716,-0.022832361752751138,-0.05987952963872722,-0.11107476853013205,-0.13038756810196686,-0.15192220627056438,-0.2609949767851162,-0.4683222834314286,-0.6392995937254495,-0.8096724414849142,-0.8993965779985159,-1.0329622289990898,0.0,0.0,0.0,0.0,0.0,0.0,0.0,0.0,0.0,0.0,0.0,0.0,0.0,0.0,0.0,0.0,0.0,0.0,0.0,0.0,0.0,0.0,0.0,0.0,0.0,0.0,0.0,0.0,0.0,0.0,0.0,0.0,0.0,0.0,0.0,0.0,0.0,40
0471_5_Methylhex_2_yne.xyz,130.73261417798358,55.35670629113392,29.606202530835564,24.137598363263862,16.83788520952968,9.055719693154225,2.5060978216465735,0.055951222152254475,-0.028636355065631083,-0.06031796089161629,-0.06671286262526539,-0.09923391641148704,-0.1300889531277018,-0.14805569741587638,-0.2724288989799818,-0.6865186138081308,-0.8080645399965191,-0.9314852157101239,-1.0504958996856206,0.0,0.0,0.0,0.0,0.0,0.0,0.0,0.0,0.0,0.0,0.0,0.0,0.0,0.0,0.0,0.0,0.0,0.0,0.0,0.0,0.0,0.0,0.0,0.0,0.0,0.0,0.0,0.0,0.0,0.0,0.0,0.0,0.0,0.0,0.0,0.0,0.0,40
0472_6_Methylhept_1_ene.xyz,139.1119300158981,60.96669107725876,34.93859036840184,24.441566781915792,20.843755727235997,12.653409454276789,8.613716961835987,7.02465705637443,0.07348341509900666,0.009265777283856186,-0.025149792214617887,-0.04204815043993357,-0.11065270402059647,-0.13230137117835478,-0.1471879991280875,-0.15274428557962394,-0.2050000173522297,-0.31868509569059417,-0.4619080850578983,-0.6027041091224881,-0.7975218310884041,-0.8087605259333484,-0.9693472667945993,-1.0382138065723245,0.0,0.0,0.0,0.0,0.0,0.0,0.0,0.0,0.0,0.0,0.0,0.0,0.0,0.0,0.0,0.0,0.0,0.0,0.0,0.0,0.0,0.0,0.0,0.0,0.0,0.0,0.0,0.0,0.0,0.0,0.0,0.0,48
0473_7_Methyloct_3_yne.xyz,146.88852410651361,66.28218614489751,41.65877162260636,27.562475770917853,23.681780062606816,16.455808787632037,12.08234186072395,8.320671142760421,2.3933715169779504,0.06066923882226173,-0.0006745756021072192,-0.022869771778261588,-0.05931343953576828,-0.0727680524029384,-0.11076413196818899,-0.1306105122316827,-0.1391683465616787,-0.15335039418855204,-0.2592360800015253,-0.48182154075718014,-0.5616575573155559,-0.8097934612690161,-0.8271837618460158,-0.9833316860799279,-1.0511101480868577,0.0,0.0,0.0,0.0,0.0,0.0,0.0,0.0,0.0,0.0,0.0,0.0,0.0,0.0,0.0,0.0,0.0,0.0,0.0,0.0,0.0,0.0,0.0,0.0,0.0,0.0,0.0,0.0,0.0,0.0,0.0,52
0474_9H_fluorene.xyz,203.49568231743064,80.89907955471867,47.58788808123083,41.004213126286835,32.61867472412464,24.944341396187973,20.064033709064958,10.910850698558093,8.606503213537934,7.469321930962122,7.0387246522853,2.908306570213113,1.5505388597509573,-0.06932072812454892,-0.08797260533415156,-0.15136145457008834,-0.3100809517811144,-0.37916715166244364,-0.5149248054399826,-0.575077295977747,-0.6840724761664375,-1.0453815986103865,-1.1254321741480604,0.0,0.0,0.0,0.0,0.0,0.0,0.0,0.0,0.0,0.0,0.0,0.0,0.0,0.0,0.0,0.0,0.0,0.0,0.0,0.0,0.0,0.0,0.0,0.0,0.0,0.0,0.0,0.0,0.0,0.0,0.0,0.0,0.0,62
0475_Acenaphthene.xyz,199.17249763327578,63.520193975935165,57.994382180278514,31.06726615145564,28.7031502529074,26.526291624361072,15.199869010669797,9.28199630717152,8.533591871396316,6.372347969037437,4.375967671661743,1.232896365306027,0.012539674862537953,-0.15322863200014789,-0.17593918757141555,-0.1920926118128864,-0.42645617918724343,-0.43013089485914746,-0.49986284926479874,-0.7456684820967164,-0.9101148043530135,-1.1622346540623087,0.0,0.0,0.0,0.0,0.0,0.0,0.0,0.0,0.0,0.0,0.0,0.0,0.0,0.0,0.0,0.0,0.0,0.0,0.0,0.0,0.0,0.0,0.0,0.0,0.0,0.0,0.0,0.0,0.0,0.0,0.0,0.0,0.0,0.0,58
0476_Anthracene.xyz,209.83009904704733,87.08673469196435,48.095284159104516,47.20890666731106,33.97697824554781,28.597557490248523,22.791139132037372,13.136555417683804,9.165331362866247,8.895703528037739,7.036133164955546,6.106854850214439,2.970369820320445,1.5283476960754012,-0.10922957846187208,-0.13770830077876411,-0.3235788119069702,-0.33182314148235587,-0.45484911873339223,-0.5566526822692015,-0.5939795371612686,-0.6219124001509956,-0.9975299858154035,-1.2852589246911132,0.0,0.0,0.0,0.0,0.0,0.0,0.0,0.0,0.0,0.0,0.0,0.0,0.0,0.0,0.0,0.0,0.0,0.0,0.0,0.0,0.0,0.0,0.0,0.0,0.0,0.0,0.0,0.0,0.0,0.0,0.0,0.0,66
0477_Bicyclo221heptane.xyz,148.0306758578484,34.597590987182805,31.748356907050926,25.755077964228892,12.648384897188848,8.316312420850121,7.194204574368612,0.07431773034579091,-5.548943489413199e-05,-0.06604371046891222,-0.1213378609477218,-0.13924119123399248,-0.18228141944149553,-0.318455815064686,-0.4713187964320741,-0.5282875600504561,-0.7794429712268288,-0.8097486178442093,-0.941971510937516,0.0,0.0,0.0,0.0,0.0,0.0,0.0,0.0,0.0,0.0,0.0,0.0,0.0,0.0,0.0,0.0,0.0,0.0,0.0,0.0,0.0,0.0,0.0,0.0,0.0,0.0,0.0,0.0,0.0,0.0,0.0,0.0,0.0,0.0,0.0,0.0,0.0,40
0478_Butan_2_ylcyclopentane.xyz,159.17170463360299,56.70488378519442,34.2771217908963,27.726650741974105,25.282595733385044,17.449864982663332,10.836933796907422,9.201731720463837,6.330457951498348,0.1251613333420844,0.028350696864865292,-0.015611957603870694,-0.039719997090449106,-0.08340348553501328,-0.11001566136293112,-0.14669486446934848,-0.16645436872994093,-0.17550844545858207,-0.20295948677198639,-0.34035042108838015,-0.4219060659537533,-0.5177850185322656,-0.5758718093873051,-0.8036014983067996,-0.8745331842217734,-0.9233724575323893,-1.0147216499144163,0.0,0.0,0.0,0.0,0.0,0.0,0.0,0.0,0.0,0.0,0.0,0.0,0.0,0.0,0.0,0.0,0.0,0.0,0.0,0.0,0.0,0.0,0.0,0.0,0.0,0.0,0.0,0.0,0.0,54
0479_Butylbenzene.xyz,164.01522996118632,69.51907562854024,40.76424827937261,35.49377999306175,25.452097134229685,15.391353074353384,10.357975864080535,9.663856388031416,7.714332250249576,2.8390145716014943,0.1139708769494175,-0.06873599842146005,-0.08155883902699439,-0.09526975434850635,-0.14151612482700157,-0.1651318203597561,-0.2583393878936509,-0.3757970406022198,-0.4527314154200496,-0.5839763473490678,-0.5959632703233252,-0.7819975557297163,-0.9896308769690525,-1.153233596126156,0.0,0.0,0.0,0.0,0.0,0.0,0.0,0.0,0.0,0.0,0.0,0.0,0.0,0.0,0.0,0.0,0.0,0.0,0.0,0.0,0.0,0.0,0.0,0.0,0.0,0.0,0.0,0.0,0.0,0.0,0.0,0.0,54
0480_Butylcyclopentane.xyz,154.91911974639993,62.39329303072087,33.67765540203338,28.818736123931853,24.535277368867096,16.46139639629186,10.031367448485176,9.23206215732434,6.906664049537601,0.11409213282713747,0.0378823507860534,0.002548838353958753,-0.07539570050260631,-0.08387794432670978,-0.12821621202041925,-0.1439424014149006,-0.14775067085380097,-0.16813774610523233,-0.1918239696226006,-0.3906832610648159,-0.4282988697264192,-0.5223949824132968,-0.5606559609293774,-0.7422211715668772,-0.880120030596801,-0.9216257705828891,-1.022003558998993,0.0,0.0,0.0,0.0,0.0,0.0,0.0,0.0,0.0,0.0,0.0,0.0,0.0,0.0,0.0,0.0,0.0,0.0,0.0,0.0,0.0,0.0,0.0,0.0,0.0,0.0,0.0,0.0,0.0,54
0481_cis_12_dimethylcyclobutane.xyz,128.98199020774,34.44878628106743,31.050271112224856,15.697923489536894,14.706133589511847,6.403080152688648,0.09934981981596824,-0.0286418524193366,-0.0635829283778587,-0.11602155616733814,-0.11999717814818003,-0.14434169508493142,-0.16480172762068337,-0.4145471209641906,-0.5152439505360292,-0.7965774173411965,-0.842718564652674,-1.032429464717559,0.0,0.0,0.0,0.0,0.0,0.0,0.0,0.0,0.0,0.0,0.0,0.0,0.0,0.0,0.0,0.0,0.0,0.0,0.0,0.0,0.0,0.0,0.0,0.0,0.0,0.0,0.0,0.0,0.0,0.0,0.0,0.0,0.0,0.0,0.0,0.0,0.0,0.0,36
0482_cis_13_dimethylcyclobutane.xyz,127.46545942388303,40.55161958363692,23.45365168298931,21.326391455308542,11.409543986278793,7.095996187409112,0.10170163092311649,-0.06800625033043031,-0.07223173724949712,-0.07551529953472612,-0.10538558207029586,-0.12650543506482617,-0.20912047596987662,-0.3618631291011849,-0.6204922812948369,-0.7155993288097441,-0.8849669931538543,-1.0160462412939841,0.0,0.0,0.0,0.0,0.0,0.0,0.0,0.0,0.0,0.0,0.0,0.0,0.0,0.0,0.0,0.0,0.0,0.0,0.0,0.0,0.0,0.0,0.0,0.0,0.0,0.0,0.0,0.0,0.0,0.0,0.0,0.0,0.0,0.0,0.0,0.0,0.0,0.0,36
0483_3Z_penta_13_diene.xyz,110.56971160827669,42.205536796884886,22.508831805841847,10.945908277854766,5.237186155387487,-0.016608012579181926,-0.06565764981016216,-0.06924854791383533,-0.1661510026104439,-0.34094586563849516,-0.5691315953970664,-0.8681248633898347,-1.080781109776936,0.0,0.0,0.0,0.0,0.0,0.0,0.0,0.0,0.0,0.0,0.0,0.0,0.0,0.0,0.0,0.0,0.0,0.0,0.0,0.0,0.0,0.0,0.0,0.0,0.0,0.0,0.0,0.0,0.0,0.0,0.0,0.0,0.0,0.0,0.0,0.0,0.0,0.0,0.0,0.0,0.0,0.0,0.0,28
0484_2Z_but_2_ene.xyz,97.93873898760162,31.800293013469833,18.423596736229293,6.106498983375522,0.0349293912076172,-0.053785915319898854,-0.08430451461420414,-0.1523661379797661,-0.1727323074630168,-0.5202082678784969,-0.8228767925702981,-1.065362378354398,0.0,0.0,0.0,0.0,0.0,0.0,0.0,0.0,0.0,0.0,0.0,0.0,0.0,0.0,0.0,0.0,0.0,0.0,0.0,0.0,0.0,0.0,0.0,0.0,0.0,0.0,0.0,0.0,0.0,0.0,0.0,0.0,0.0,0.0,0.0,0.0,0.0,0.0,0.0,0.0,0.0,0.0,0.0,0.0,24
0485_cis_decalin.xyz,173.93698328139504,58.11215776573039,41.60260064166238,31.998619887995563,26.548034835495688,14.605767574166853,11.761840488282582,10.628186458764887,9.173588556271975,5.573404775672374,0.10446581345807004,0.007306071749996709,-0.03960316800170916,-0.08594530738436718,-0.08614362308052878,-0.11334513233053417,-0.11746256618955364,-0.15007535115792078,-0.16282937537538922,-0.3521003324246513,-0.37751717943748736,-0.3834999841068911,-0.5321157058066375,-0.6342774135621797,-0.6946818797829268,-0.7762213550052492,-0.9131123904008402,-1.052973392339521,0.0,0.0,0.0,0.0,0.0,0.0,0.0,0.0,0.0,0.0,0.0,0.0,0.0,0.0,0.0,0.0,0.0,0.0,0.0,0.0,0.0,0.0,0.0,0.0,0.0,0.0,0.0,0.0,58
0486_Cyclohexene.xyz,129.76523417553489,36.207640993138384,34.7444896612121,12.503054900079986,11.340086608982283,5.24228043110027,0.043259604119693804,-0.06454100557556813,-0.07728619056735214,-0.14303818829001808,-0.14394540842439582,-0.35587879462055344,-0.40978356286061424,-0.703349537085694,-0.7321922123969424,-1.0674002777908698,0.0,0.0,0.0,0.0,0.0,0.0,0.0,0.0,0.0,0.0,0.0,0.0,0.0,0.0,0.0,0.0,0.0,0.0,0.0,0.0,0.0,0.0,0.0,0.0,0.0,0.0,0.0,0.0,0.0,0.0,0.0,0.0,0.0,0.0,0.0,0.0,0.0,0.0,0.0,0.0,34
0487_Cyclopentene.xyz,118.3142684591912,29.437898202405705,27.767919937776547,9.361872023703437,6.379571184395275,0.0525997609401634,-0.0979821009839476,-0.10749665106976386,-0.16949287316384276,-0.4105022969421569,-0.4571651904001138,-0.883368626692194,-0.8975958320306956,0.0,0.0,0.0,0.0,0.0,0.0,0.0,0.0,0.0,0.0,0.0,0.0,0.0,0.0,0.0,0.0,0.0,0.0,0.0,0.0,0.0,0.0,0.0,0.0,0.0,0.0,0.0,0.0,0.0,0.0,0.0,0.0,0.0,0.0,0.0,0.0,0.0,0.0,0.0,0.0,0.0,0.0,0.0,28
0488_Decane.xyz,144.53388088465346,75.83253293417786,49.859815063925424,33.88619644336776,23.862215906593086,17.149024378492705,12.928980615886474,10.475077903979047,9.35308016391107,9.212389092178194,0.22632249197898896,0.10359220101528772,-0.007801560561412456,-0.06863026404886935,-0.06920481380650631,-0.08898664893502947,-0.10711336269668893,-0.1269222713228026,-0.15409485938896622,-0.16088486163236065,-0.18750161068840154,-0.1883185464700121,-0.2466701130305325,-0.3799506587656504,-0.46912627615844554,-0.5437587524983686,-0.6106463964704376,-0.6918771303323783,-0.7969453338839358,-0.9124741705427151,-1.0002516511447566,-1.0308968035216366,0.0,0.0,0.0,0.0,0.0,0.0,0.0,0.0,0.0,0.0,0.0,0.0,0.0,0.0,0.0,0.0,0.0,0.0,0.0,0.0,0.0,0.0,0.0,0.0,62
0489_Dodecane.xyz,154.81887080173874,85.42673326319917,58.66472622180632,41.72696483416859,30.66346527212353,22.77997214115977,17.32126210490442,13.53674425097918,11.11717941634239,9.761332653522754,9.212751232331923,9.186658153780087,0.24029760673923653,0.13735540633123083,0.036092711349841114,-0.04814221652895038,-0.06878907529861783,-0.06911415968775379,-0.1013924784543369,-0.10699789515328766,-0.12818114800842823,-0.14269171974322842,-0.16496728531277266,-0.17116584159032744,-0.19025213566032848,-0.19150139084194473,-0.23146338329169713,-0.3501666513625202,-0.4312516081166277,-0.4998917001017458,-0.5565019993531134,-0.6118885585326821,-0.6751918928623734,-0.7571612936386114,-0.8525067561270695,-0.9443857833712671,-1.0091285817664473,-1.0304101225616111,0.0,0.0,0.0,0.0,0.0,0.0,0.0,0.0,0.0,0.0,0.0,0.0,0.0,0.0,0.0,0.0,0.0,0.0,74
0490_3E_hexa_13_diene.xyz,119.28294788712921,51.22254943346718,28.96042536947784,15.324725694501643,9.48477326995482,5.796458158407835,0.0021237032200705445,-0.04242510430638109,-0.0682348202686962,-0.13528577076703907,-0.18611334057469733,-0.3498690949812798,-0.4846400072458935,-0.6607542943252162,-0.9286895675075393,-1.0693603196262123,0.0,0.0,0.0,0.0,0.0,0.0,0.0,0.0,0.0,0.0,0.0,0.0,0.0,0.0,0.0,0.0,0.0,0.0,0.0,0.0,0.0,0.0,0.0,0.0,0.0,0.0,0.0,0.0,0.0,0.0,0.0,0.0,0.0,0.0,0.0,0.0,0.0,0.0,0.0,0.0,34
0491_2E_but_2_ene.xyz,97.28459158544827,33.54564471300487,16.777372601240092,6.71012857776555,-0.052928442079581896,-0.057810525309812025,-0.07686348003335806,-0.07991984845156443,-0.23063788497057855,-0.49766783936090925,-0.8379952331996667,-1.051493426349544,0.0,0.0,0.0,0.0,0.0,0.0,0.0,0.0,0.0,0.0,0.0,0.0,0.0,0.0,0.0,0.0,0.0,0.0,0.0,0.0,0.0,0.0,0.0,0.0,0.0,0.0,0.0,0.0,0.0,0.0,0.0,0.0,0.0,0.0,0.0,0.0,0.0,0.0,0.0,0.0,0.0,0.0,0.0,0.0,24
0492_2E_3_methylpent_2_ene.xyz,123.27401823340875,42.075006467998804,28.726355183236375,19.74267682362185,12.728363614340719,4.801670729671215,0.03846034575653009,-0.002938659650637983,-0.029119868207902477,-0.07345699575019426,-0.0940729508388789,-0.15909579091677042,-0.1752331078665942,-0.397335227108556,-0.5216023489371188,-0.807036877592802,-0.9148820373070574,-1.0631463373020589,0.0,0.0,0.0,0.0,0.0,0.0,0.0,0.0,0.0,0.0,0.0,0.0,0.0,0.0,0.0,0.0,0.0,0.0,0.0,0.0,0.0,0.0,0.0,0.0,0.0,0.0,0.0,0.0,0.0,0.0,0.0,0.0,0.0,0.0,0.0,0.0,0.0,0.0,36
0493_2E_4_methylpent_2_ene.xyz,121.51038569957811,46.53381284630022,24.19053671840427,22.28694709023,10.674777932983721,6.240699786777504,0.0015717289725573039,-0.032184451231597945,-0.0656841560130911,-0.06772174344297313,-0.10996261674803325,-0.13272399871512966,-0.19372364983959714,-0.36185554574122636,-0.5588946907907029,-0.8083506175380543,-0.9196837216532601,-1.039315414977118,0.0,0.0,0.0,0.0,0.0,0.0,0.0,0.0,0.0,0.0,0.0,0.0,0.0,0.0,0.0,0.0,0.0,0.0,0.0,0.0,0.0,0.0,0.0,0.0,0.0,0.0,0.0,0.0,0.0,0.0,0.0,0.0,0.0,0.0,0.0,0.0,0.0,0.0,36
0494_2E_hex_2_ene.xyz,118.1124784983356,50.692789765975945,28.2937013339156,16.92210057937162,10.91800049205966,6.499775820806532,0.07087484840505964,-0.06487799337953952,-0.06760428265364582,-0.0718622565742609,-0.13452516773806703,-0.13882137854329055,-0.2178442673378923,-0.42399053526931374,-0.5142674393755207,-0.7383826532673555,-0.9411588060667107,-1.047755362108721,0.0,0.0,0.0,0.0,0.0,0.0,0.0,0.0,0.0,0.0,0.0,0.0,0.0,0.0,0.0,0.0,0.0,0.0,0.0,0.0,0.0,0.0,0.0,0.0,0.0,0.0,0.0,0.0,0.0,0.0,0.0,0.0,0.0,0.0,0.0,0.0,0.0,0.0,36
0495_2E_pent_2_ene.xyz,108.69762229022808,42.26240225184905,22.621227517637205,12.783404392479362,6.51068326078418,0.006367193239218904,-0.06354318121995427,-0.06773584758291243,-0.07481299170684667,-0.13637132416388645,-0.2233136893979708,-0.4563234123337819,-0.6106397369183637,-0.909199417764316,-1.0492413079993397,0.0,0.0,0.0,0.0,0.0,0.0,0.0,0.0,0.0,0.0,0.0,0.0,0.0,0.0,0.0,0.0,0.0,0.0,0.0,0.0,0.0,0.0,0.0,0.0,0.0,0.0,0.0,0.0,0.0,0.0,0.0,0.0,0.0,0.0,0.0,0.0,0.0,0.0,0.0,0.0,0.0,30
0496_Ethylbenzene.xyz,152.08575365161812,52.56335366192495,35.68462746511836,28.999461819705402,14.670200387687535,9.591540334008798,7.673709449334466,2.8028738121508723,0.001658660716003402,-0.05083334397677855,-0.10550328336909245,-0.1400677788628515,-0.2533425879138392,-0.45503503158408654,-0.517935152458289,-0.5973149219670781,-0.928725883053189,-1.1595796636717655,0.0,0.0,0.0,0.0,0.0,0.0,0.0,0.0,0.0,0.0,0.0,0.0,0.0,0.0,0.0,0.0,0.0,0.0,0.0,0.0,0.0,0.0,0.0,0.0,0.0,0.0,0.0,0.0,0.0,0.0,0.0,0.0,0.0,0.0,0.0,0.0,0.0,0.0,42
0497_Ethylcyclopropane.xyz,113.53593151092113,39.42641172496707,17.057357743736468,14.043661437127746,8.762865035521356,0.08178387817999101,-0.04539068663332432,-0.06818036633780093,-0.12575252655438574,-0.14387022549965653,-0.22245846676530096,-0.517266393563291,-0.6769923829286788,-0.8349712202569043,-0.9826030647846813,0.0,0.0,0.0,0.0,0.0,0.0,0.0,0.0,0.0,0.0,0.0,0.0,0.0,0.0,0.0,0.0,0.0,0.0,0.0,0.0,0.0,0.0,0.0,0.0,0.0,0.0,0.0,0.0,0.0,0.0,0.0,0.0,0.0,0.0,0.0,0.0,0.0,0.0,0.0,0.0,0.0,30
0498_Fluoranthene.xyz,231.35773904870962,86.43114213978606,64.67305231025784,46.066709536469226,36.47069621926708,31.273490930478836,25.06396326191971,25.040815238976503,13.19757706049407,10.228530792902596,8.898036264591143,7.71666742525887,5.77809673626098,5.078093394352762,1.6966373918514537,1.0861266657806254,-0.09366600439954031,-0.18215544329018477,-0.19887052533072672,-0.3345216351765223,-0.44622030504621824,-0.453254239656892,-0.5704723299525608,-0.8021552478978122,-1.0907162052005321,-1.1556592905914684,0.0,0.0,0.0,0.0,0.0,0.0,0.0,0.0,0.0,0.0,0.0,0.0,0.0,0.0,0.0,0.0,0.0,0.0,0.0,0.0,0.0,0.0,0.0,0.0,0.0,0.0,0.0,0.0,0.0,0.0,74
0499_Hept_1_yne.xyz,126.04544853130264,59.783504031957726,34.74072633622759,20.777131790872684,13.02125359423873,9.711335039377396,4.458909773109154,0.14874394448236505,-0.04527328721326301,-0.06907359609433565,-0.11625515321292086,-0.16178732922378686,-0.17091608040472644,-0.32840409915271823,-0.49715097626420574,-0.5839406198336218,-0.7301671296373438,-0.9401207060330606,-1.0372276685167705,0.0,0.0,0.0,0.0,0.0,0.0,0.0,0.0,0.0,0.0,0.0,0.0,0.0,0.0,0.0,0.0,0.0,0.0,0.0,0.0,0.0,0.0,0.0,0.0,0.0,0.0,0.0,0.0,0.0,0.0,0.0,0.0,0.0,0.0,0.0,0.0,0.0,40
0500_Hept_3_yne.xyz,126.90168021774102,57.537557838801106,35.48632022781851,21.30711958466344,13.940925147153537,10.627761779312895,2.4034083216318276,0.07161918631349096,0.002153752917991676,-0.06877639831202555,-0.0721824470999275,-0.13464018800106828,-0.13797931699919225,-0.1435578730470107,-0.3996161927956364,-0.5415850054268094,-0.7484087422678969,-0.9669303469362187,-1.0581331494864004,0.0,0.0,0.0,0.0,0.0,0.0,0.0,0.0,0.0,0.0,0.0,0.0,0.0,0.0,0.0,0.0,0.0,0.0,0.0,0.0,0.0,0.0,0.0,0.0,0.0,0.0,0.0,0.0,0.0,0.0,0.0,0.0,0.0,0.0,0.0,0.0,0.0,40
0501_Hex_1_ene.xyz,117.64924205383181,51.7229831663712,28.178218017912382,15.982040152768617,10.354595000990372,7.566383926877769,0.1257344924655833,-0.02720933276801012,-0.06900651194504762,-0.10133706892201312,-0.13907455637381436,-0.16963787152260862,-0.23514868378325507,-0.40125375115578926,-0.5738187262243284,-0.7337604416447622,-0.9392974090294904,-1.041021261292979,0.0,0.0,0.0,0.0,0.0,0.0,0.0,0.0,0.0,0.0,0.0,0.0,0.0,0.0,0.0,0.0,0.0,0.0,0.0,0.0,0.0,0.0,0.0,0.0,0.0,0.0,0.0,0.0,0.0,0.0,0.0,0.0,0.0,0.0,0.0,0.0,0.0,0.0,36
0502_Hex_3_yne.xyz,118.7862856940738,50.20422070841367,29.852942373017754,16.703518940178355,11.687698658030017,2.4047559018993043,0.012502487060322883,-0.00513929754945164,-0.06676557409348101,-0.07446710559355289,-0.1372794752758034,-0.14102533510418144,-0.46717306264409564,-0.6042797836480964,-0.9446386137960732,-1.0625253184127723,0.0,0.0,0.0,0.0,0.0,0.0,0.0,0.0,0.0,0.0,0.0,0.0,0.0,0.0,0.0,0.0,0.0,0.0,0.0,0.0,0.0,0.0,0.0,0.0,0.0,0.0,0.0,0.0,0.0,0.0,0.0,0.0,0.0,0.0,0.0,0.0,0.0,0.0,0.0,0.0,34
0503_Hexadecane.xyz,171.25177319014227,101.06472037374586,73.38633953893547,55.32480201682367,43.04698573009012,33.802748776118776,26.902726538446693,21.552315141308064,17.504212072308007,14.43273708038056,12.208804271486347,10.669887072205277,9.717451048079672,9.325860660052463,9.165090684756413,9.107336642211324,0.25749719589676134,0.1822368409265669,0.10067953056575107,0.024377385682016903,-0.0409986703082158,-0.06888562470410495,-0.06901700773222502,-0.09171325543355652,-0.09950672897847763,-0.1112583488743287,-0.13235120239584536,-0.13349349797982876,-0.15649445044060775,-0.16148804666167985,-0.1787456924098281,-0.18174909030399522,-0.19371999875961413,-0.19454275505989718,-0.21114507293154317,-0.3097371953274832,-0.3783349967425942,-0.4383484158891867,-0.4882027563212296,-0.5326280819024202,-0.5724530166907583,-0.6126645353204605,-0.6572432035085906,-0.711590571343836,-0.7764340316410059,-0.8490672110477475,-0.9198754465248166,-0.9793274340102853,-1.0181408463426647,-1.0297414137602823,0.0,0.0,0.0,0.0,0.0,0.0,98
0504_Isopropylbenzene.xyz,161.85908970108844,58.962103260335816,35.55604392329963,29.945865179699002,24.221845106915914,12.58821243488069,9.625285309912478,7.128469762664059,2.729550845551007,0.022172895730339075,-0.032762006338190076,-0.09755335708739003,-0.10658044331698899,-0.13214030633379006,-0.25497112129183735,-0.33488348779881183,-0.4606943410121517,-0.5967973401405746,-0.80916192328724,-0.9387825517684182,-1.1513647468685302,0.0,0.0,0.0,0.0,0.0,0.0,0.0,0.0,0.0,0.0,0.0,0.0,0.0,0.0,0.0,0.0,0.0,0.0,0.0,0.0,0.0,0.0,0.0,0.0,0.0,0.0,0.0,0.0,0.0,0.0,0.0,0.0,0.0,0.0,0.0,48
0505_Isopropylcyclopropane.xyz,126.2591361710374,43.988018164121705,24.442546101553653,15.103445790802814,13.958451062447562,7.636876998445823,0.062415346747912416,-0.012903705060164418,-0.05011297567379413,-0.09633326973008806,-0.13072546938526916,-0.1390356880235981,-0.20480676796761674,-0.38052395035157555,-0.6591984345990477,-0.8062083682897455,-0.835758228129258,-0.9866515813910662,0.0,0.0,0.0,0.0,0.0,0.0,0.0,0.0,0.0,0.0,0.0,0.0,0.0,0.0,0.0,0.0,0.0,0.0,0.0,0.0,0.0,0.0,0.0,0.0,0.0,0.0,0.0,0.0,0.0,0.0,0.0,0.0,0.0,0.0,0.0,0.0,0.0,0.0,36
0506_Methylcyclobutane.xyz,116.49764064463656,31.892696795186414,21.452050543075604,15.60178564903068,7.311708008888967,0.08417537370607267,-0.04475964354871961,-0.0909697857523374,-0.1262813242851003,-0.1455367127059403,-0.1917696354006337,-0.48387600168098405,-0.6214306808203902,-0.8216497669490971,-1.0232574662514415,0.0,0.0,0.0,0.0,0.0,0.0,0.0,0.0,0.0,0.0,0.0,0.0,0.0,0.0,0.0,0.0,0.0,0.0,0.0,0.0,0.0,0.0,0.0,0.0,0.0,0.0,0.0,0.0,0.0,0.0,0.0,0.0,0.0,0.0,0.0,0.0,0.0,0.0,0.0,0.0,0.0,30
0507_Methylcyclohexane.xyz,139.54622938012784,43.7421968630223,35.17016950773772,21.265088066995514,12.318100558388357,10.680851937515904,7.123092450859694,0.10235412677191523,-0.038862331607545694,-0.0412396462394368,-0.10041609713014572,-0.10115705532708873,-0.14517412783398703,-0.15403089208486587,-0.18880527261448626,-0.38125446045440825,-0.4640392427666283,-0.6536305909646192,-0.7657547741015657,-0.8675302519407895,-1.0394517523722935,0.0,0.0,0.0,0.0,0.0,0.0,0.0,0.0,0.0,0.0,0.0,0.0,0.0,0.0,0.0,0.0,0.0,0.0,0.0,0.0,0.0,0.0,0.0,0.0,0.0,0.0,0.0,0.0,0.0,0.0,0.0,0.0,0.0,0.0,0.0,42
0508_Methylcyclopentadiene.xyz,131.64481388257997,39.19654388807439,26.95082947592778,18.925039833106474,6.653316525271373,4.9779216620579385,-0.018613282085826407,-0.06761019052094693,-0.12064218405434028,-0.16066648991471452,-0.387933522798564,-0.6577858426470484,-0.8547540593837665,-0.9318284990572049,0.0,0.0,0.0,0.0,0.0,0.0,0.0,0.0,0.0,0.0,0.0,0.0,0.0,0.0,0.0,0.0,0.0,0.0,0.0,0.0,0.0,0.0,0.0,0.0,0.0,0.0,0.0,0.0,0.0,0.0,0.0,0.0,0.0,0.0,0.0,0.0,0.0,0.0,0.0,0.0,0.0,0.0,32
0509_Methylcyclopentene.xyz,130.0235087743177,38.20948108299082,28.27008388414826,18.965339178138503,9.258020677676855,5.038504784135219,0.0660052714875552,-0.0590034274821322,-0.06728829369836152,-0.11707352298108646,-0.16632087998504938,-0.2959397501711181,-0.43038552636344934,-0.7039714925587572,-0.897750328955634,-0.944579234143598,0.0,0.0,0.0,0.0,0.0,0.0,0.0,0.0,0.0,0.0,0.0,0.0,0.0,0.0,0.0,0.0,0.0,0.0,0.0,0.0,0.0,0.0,0.0,0.0,0.0,0.0,0.0,0.0,0.0,0.0,0.0,0.0,0.0,0.0,0.0,0.0,0.0,0.0,0.0,0.0,34
0510_Methylcyclopropane.xyz,102.09886988600769,28.071328909557515,14.202744541669214,9.89414048567838,0.06903520231566886,-0.06484820927416404,-0.10580506112170023,-0.1271901502882631,-0.22963112542137637,-0.6110889416146821,-0.834928189878475,-0.9302065499260248,0.0,0.0,0.0,0.0,0.0,0.0,0.0,0.0,0.0,0.0,0.0,0.0,0.0,0.0,0.0,0.0,0.0,0.0,0.0,0.0,0.0,0.0,0.0,0.0,0.0,0.0,0.0,0.0,0.0,0.0,0.0,0.0,0.0,0.0,0.0,0.0,0.0,0.0,0.0,0.0,0.0,0.0,0.0,0.0,24
0511_Non_1_yne.xyz,139.50547149486982,71.95829085276213,45.834391546726536,29.96141023933662,20.189582868069486,13.970915334182143,10.461158308855115,9.321292798694328,4.4584218704416,0.19163213939916557,0.02866167893878723,-0.0689976170482927,-0.08791030821343458,-0.11693536347377852,-0.14238924027567126,-0.17575210875524755,-0.18254212769869724,-0.2860380067879756,-0.43835367859670205,-0.5254135803164811,-0.5903732567615505,-0.6922584809823378,-0.8353535875480859,-0.9805393362514722,-1.0354256447325225,0.0,0.0,0.0,0.0,0.0,0.0,0.0,0.0,0.0,0.0,0.0,0.0,0.0,0.0,0.0,0.0,0.0,0.0,0.0,0.0,0.0,0.0,0.0,0.0,0.0,0.0,0.0,0.0,0.0,0.0,0.0,52
0512_Non_2_yne.xyz,144.30592955407843,67.95279145499904,42.47084193004418,30.290705626277145,22.25956484551366,15.874698921167015,10.943561704385965,8.752152594853907,2.5092867689588108,0.08202305320332134,-0.018079390587321456,-0.055933701638098826,-0.06531090506936578,-0.07584700812777692,-0.09178760948253782,-0.11648202948084155,-0.13265342375926825,-0.1742429109194258,-0.2950438538348302,-0.46909532401430537,-0.5724999945788004,-0.7310023771709324,-0.8751259588952426,-0.9934255061551768,-1.0520796649339101,0.0,0.0,0.0,0.0,0.0,0.0,0.0,0.0,0.0,0.0,0.0,0.0,0.0,0.0,0.0,0.0,0.0,0.0,0.0,0.0,0.0,0.0,0.0,0.0,0.0,0.0,0.0,0.0,0.0,0.0,0.0,52
0513_Non_4_yne.xyz,140.63946525315345,69.5925426639098,46.399448707068665,30.027387716473545,20.643494279528234,14.665712993552887,11.149232309955941,9.81226224925895,2.400799408936435,0.11629112270541887,0.06957983441290527,-0.0691290636475995,-0.070872751499398,-0.08380878951182473,-0.13446465641887329,-0.13998996309777026,-0.14373849929526047,-0.16671077003054424,-0.34505204629899283,-0.4342939287868694,-0.5856501483259506,-0.7212992440514803,-0.8538400024064298,-0.9914992512122797,-1.0529206295395115,0.0,0.0,0.0,0.0,0.0,0.0,0.0,0.0,0.0,0.0,0.0,0.0,0.0,0.0,0.0,0.0,0.0,0.0,0.0,0.0,0.0,0.0,0.0,0.0,0.0,0.0,0.0,0.0,0.0,0.0,0.0,52
0514_Nonane.xyz,138.64654721035078,70.42797853066554,45.00419079753221,29.696107796499394,20.39678757906753,14.491390934265256,11.131350312241995,9.518695561121001,9.218479790433534,0.21700582065015595,0.08242940059765912,-0.032975167017461754,-0.0682144434703447,-0.06965675793141893,-0.10632746720564863,-0.11021028590599134,-0.14394344306989126,-0.1566959035242237,-0.18365888018223203,-0.18744304077994153,-0.25641951021100234,-0.3987808743352138,-0.4926341916282271,-0.5723557545930548,-0.6527171924205908,-0.7617676409572909,-0.8890477827268193,-0.9942865205678993,-1.0308820820643219,0.0,0.0,0.0,0.0,0.0,0.0,0.0,0.0,0.0,0.0,0.0,0.0,0.0,0.0,0.0,0.0,0.0,0.0,0.0,0.0,0.0,0.0,0.0,0.0,0.0,0.0,0.0,56
0515_Norbornene.xyz,149.36875240755268,35.64957587906831,30.369793594264262,26.11328103880537,11.115478827842756,8.430933127194264,5.787748274117914,0.034011521399743394,-0.04274931076242944,-0.09807376094532581,-0.15050782817365493,-0.3101367867980641,-0.315859295562871,-0.5089686115672422,-0.7114339655262132,-0.7968096260694483,-0.9282990888584806,0.0,0.0,0.0,0.0,0.0,0.0,0.0,0.0,0.0,0.0,0.0,0.0,0.0,0.0,0.0,0.0,0.0,0.0,0.0,0.0,0.0,0.0,0.0,0.0,0.0,0.0,0.0,0.0,0.0,0.0,0.0,0.0,0.0,0.0,0.0,0.0,0.0,0.0,0.0,38
0516_Oct_1_yne.xyz,139.3836874380039,60.301387131548594,37.409817313677905,26.508431284830372,18.793783151269658,12.213950507114854,8.1234085392214,4.363871811151293,0.06189833698010522,0.015083676739475232,-0.06580955069703642,-0.09731828560744248,-0.11800226627897442,-0.15061817736275807,-0.16072999525947437,-0.27977367664924746,-0.46466967659881026,-0.5318311437851144,-0.6384639302194355,-0.7923422672848955,-0.9602786570395648,-1.0506399683472087,0.0,0.0,0.0,0.0,0.0,0.0,0.0,0.0,0.0,0.0,0.0,0.0,0.0,0.0,0.0,0.0,0.0,0.0,0.0,0.0,0.0,0.0,0.0,0.0,0.0,0.0,0.0,0.0,0.0,0.0,0.0,0.0,0.0,0.0,46
0517_Oct_3_yne.xyz,134.10569374433027,64.25823176695113,40.44729377053938,26.157273925393653,16.959900618617073,12.506217138008434,9.929160225391438,2.400835409184354,0.11589196927059416,0.0024658835055379855,-0.06823533039953122,-0.06949180055258788,-0.08494518545119481,-0.13796848547421117,-0.14260005095952755,-0.16672207989831103,-0.355140476661078,-0.523684767409382,-0.6058943460228472,-0.8252379282073479,-0.9814747117109762,-1.0567276930372786,0.0,0.0,0.0,0.0,0.0,0.0,0.0,0.0,0.0,0.0,0.0,0.0,0.0,0.0,0.0,0.0,0.0,0.0,0.0,0.0,0.0,0.0,0.0,0.0,0.0,0.0,0.0,0.0,0.0,0.0,0.0,0.0,0.0,0.0,46
0518_14_Diethenylbenzene.xyz,169.0640790192843,65.60800690623958,42.288631662155574,35.43516594111736,26.102918090181138,13.458426003219264,10.164668444589982,8.751313891064262,5.200021555591109,2.272777012012981,-0.008743083606056024,-0.04148570040829619,-0.24967598221866477,-0.2782771867798539,-0.33611407799940823,-0.33624449591360733,-0.6026669935784281,-0.7883696441731917,-0.9354113082430731,-1.1879680582754482,0.0,0.0,0.0,0.0,0.0,0.0,0.0,0.0,0.0,0.0,0.0,0.0,0.0,0.0,0.0,0.0,0.0,0.0,0.0,0.0,0.0,0.0,0.0,0.0,0.0,0.0,0.0,0.0,0.0,0.0,0.0,0.0,0.0,0.0,0.0,0.0,50
0519_Pent_2_yne.xyz,109.02706681325253,43.01399446802651,23.454274672723205,13.078749074465284,2.5306373575460874,0.005970705315233691,-0.05909736645020129,-0.06868488443888185,-0.07625250251280347,-0.1391762485235721,-0.5189589939106292,-0.8962698628844498,-1.061727235478566,0.0,0.0,0.0,0.0,0.0,0.0,0.0,0.0,0.0,0.0,0.0,0.0,0.0,0.0,0.0,0.0,0.0,0.0,0.0,0.0,0.0,0.0,0.0,0.0,0.0,0.0,0.0,0.0,0.0,0.0,0.0,0.0,0.0,0.0,0.0,0.0,0.0,0.0,0.0,0.0,0.0,0.0,0.0,28
0520_Penta_14_diene.xyz,109.59176675006724,44.23358798258235,21.243281358741136,9.586537386107803,6.841736304542533,0.026578913460571167,-0.045760818561802113,-0.13091104065450093,-0.22366491719178336,-0.3058831504037088,-0.6119085476184666,-0.864897044245752,-1.0499371796959016,0.0,0.0,0.0,0.0,0.0,0.0,0.0,0.0,0.0,0.0,0.0,0.0,0.0,0.0,0.0,0.0,0.0,0.0,0.0,0.0,0.0,0.0,0.0,0.0,0.0,0.0,0.0,0.0,0.0,0.0,0.0,0.0,0.0,0.0,0.0,0.0,0.0,0.0,0.0,0.0,0.0,0.0,0.0,28
0521_Pentadecane.xyz,167.54439974743474,97.51083678033358,70.0089556704382,52.1637137944098,40.120223307725865,31.137892230093744,24.515175038416313,19.464676370605737,15.732241632536482,12.99509787194867,11.116154374568081,9.924771162940756,9.363438093597784,9.19126313140543,9.113211875777417,0.25407842464156344,0.17307186371000785,0.0869528461047109,0.008126452076330493,-0.05748907822185975,-0.06876822739008055,-0.06909709797016918,-0.09871046405739788,-0.10487795852655094,-0.1188217789538806,-0.1320956090798922,-0.15182200765505216,-0.15658242605243733,-0.17779184685257682,-0.17837563819057764,-0.19352747693067415,-0.19359316472808852,-0.21536911241907744,-0.31815669196051183,-0.38948106860455145,-0.45146681971526653,-0.5026312015833383,-0.5483886275073045,-0.5905194362694208,-0.6356697846112412,-0.6886695117829139,-0.7545169965888396,-0.8299610916432115,-0.907178792937473,-0.9726357260258096,-1.016757961886405,-1.029747079231493,0.0,0.0,0.0,0.0,0.0,0.0,0.0,0.0,0.0,92
0522_Phenanthrene.xyz,211.93920958314027,82.84186054565649,55.49641650124039,41.357370687681374,34.296870712921596,26.35165840790434,25.82225051766114,11.402711698337832,11.045779896453567,8.596691975270716,7.129855697667797,5.556439425854159,3.2982146886384243,1.1928322662714643,-0.06902968784052851,-0.1607925124248226,-0.25783454736570466,-0.2953775502644744,-0.38363286253547896,-0.5277882749829866,-0.5912536970302124,-0.7543046739020925,-0.9876088498280459,-1.287067156562067,0.0,0.0,0.0,0.0,0.0,0.0,0.0,0.0,0.0,0.0,0.0,0.0,0.0,0.0,0.0,0.0,0.0,0.0,0.0,0.0,0.0,0.0,0.0,0.0,0.0,0.0,0.0,0.0,0.0,0.0,0.0,0.0,66
0523_Phenylacetylene.xyz,152.41317724975556,55.54259882531566,35.661283982266454,29.722561099088306,11.095544073664286,9.643882098976155,5.049469120015644,2.064697142401669,-0.09689022420266136,-0.24355571121691819,-0.442997033649764,-0.5997802414545991,-0.7404963420529226,-1.2046524434994028,0.0,0.0,0.0,0.0,0.0,0.0,0.0,0.0,0.0,0.0,0.0,0.0,0.0,0.0,0.0,0.0,0.0,0.0,0.0,0.0,0.0,0.0,0.0,0.0,0.0,0.0,0.0,0.0,0.0,0.0,0.0,0.0,0.0,0.0,0.0,0.0,0.0,0.0,0.0,0.0,0.0,0.0,38
0524_Prop_1_en_2_ylbenzene.xyz,162.33402931878732,60.287669160589715,36.0780105610051,29.91659684092593,23.385378617254286,11.377904063539056,9.524457859797785,5.864046712672345,2.3791197838455562,0.0063977142565176705,-0.061305009372839864,-0.1095447891500168,-0.11162803588943296,-0.2648578634386154,-0.45794541457561827,-0.5995132803000105,-0.7307930135834513,-0.9240867182958008,-1.1709897132342926,0.0,0.0,0.0,0.0,0.0,0.0,0.0,0.0,0.0,0.0,0.0,0.0,0.0,0.0,0.0,0.0,0.0,0.0,0.0,0.0,0.0,0.0,0.0,0.0,0.0,0.0,0.0,0.0,0.0,0.0,0.0,0.0,0.0,0.0,0.0,0.0,0.0,46
0525_Prop_2_en_1_ylbenzene.xyz,159.49385748923106,62.22427815108153,36.479146636164835,34.4516094872053,19.776620893724708,9.66808585848293,9.212006576383775,7.1134028959445885,2.827418269032233,0.0015919432481113277,-0.09492835095783878,-0.11049531574727207,-0.2520987553281073,-0.27088383900924357,-0.45252744690246616,-0.5955654538617943,-0.6411185661707806,-0.9472601280524335,-1.160193549635743,0.0,0.0,0.0,0.0,0.0,0.0,0.0,0.0,0.0,0.0,0.0,0.0,0.0,0.0,0.0,0.0,0.0,0.0,0.0,0.0,0.0,0.0,0.0,0.0,0.0,0.0,0.0,0.0,0.0,0.0,0.0,0.0,0.0,0.0,0.0,0.0,0.0,46
0526_Propylbenzene.xyz,160.2985221847684,59.535735661099025,35.62002892693149,34.533394633636505,21.060661356775032,11.541657310381323,9.61089299206664,7.602291301100499,2.8393821647456505,0.020430582515614804,-0.04554003315582941,-0.09563497796796702,-0.11089950028563206,-0.13967245518239285,-0.2579407203474439,-0.41093309859739235,-0.4539808552350485,-0.5960896173289711,-0.70443900574938,-0.9714018762585583,-1.153518179077979,0.0,0.0,0.0,0.0,0.0,0.0,0.0,0.0,0.0,0.0,0.0,0.0,0.0,0.0,0.0,0.0,0.0,0.0,0.0,0.0,0.0,0.0,0.0,0.0,0.0,0.0,0.0,0.0,0.0,0.0,0.0,0.0,0.0,0.0,0.0,48
0527_Pyrene.xyz,233.26959467083174,82.98622045766669,67.6711777240532,45.49151168247372,35.69682503350348,31.878424411943485,26.87505249004218,23.151153574086578,12.470810822735285,9.913082272242102,8.91801156895174,7.603893257936335,6.473338753025193,4.156862908819671,2.9887277705313195,0.7297432193852386,-0.15867766049831722,-0.20392290538209382,-0.2600586427095398,-0.26492240746720036,-0.44191458546343226,-0.4429891428178407,-0.6915663198708674,-0.7973303821162749,-0.9304727479922502,-1.352892633095037,0.0,0.0,0.0,0.0,0.0,0.0,0.0,0.0,0.0,0.0,0.0,0.0,0.0,0.0,0.0,0.0,0.0,0.0,0.0,0.0,0.0,0.0,0.0,0.0,0.0,0.0,0.0,0.0,0.0,0.0,74
0528_Styrene.xyz,152.57068282179125,54.112253101120366,35.668048414510096,29.070341339011694,12.377338611230517,9.581795684956177,6.657831224599189,2.6497917904236603,-0.021135566394654314,-0.09953432410089992,-0.25387059247770344,-0.3293366241064969,-0.4561158208195909,-0.5989961752705886,-0.8811483050748811,-1.1831039839906166,0.0,0.0,0.0,0.0,0.0,0.0,0.0,0.0,0.0,0.0,0.0,0.0,0.0,0.0,0.0,0.0,0.0,0.0,0.0,0.0,0.0,0.0,0.0,0.0,0.0,0.0,0.0,0.0,0.0,0.0,0.0,0.0,0.0,0.0,0.0,0.0,0.0,0.0,0.0,0.0,40
0529_tert_butylbenzene.xyz,172.55497182179693,64.15019232631252,36.15963874470894,30.40851367569735,24.139416648231904,23.342833426499325,11.729609251585561,9.51046475456195,6.563973495430303,2.5827756832799733,0.05097564580981493,-0.01884364143960181,-0.028465620230823236,-0.10707723296316932,-0.13088183206127482,-0.13636477515525233,-0.15487780401907617,-0.2712890970654553,-0.46324963720329243,-0.5993005997513632,-0.8107924023979391,-0.8155055180662445,-0.9332683385590194,-1.1423969807425889,0.0,0.0,0.0,0.0,0.0,0.0,0.0,0.0,0.0,0.0,0.0,0.0,0.0,0.0,0.0,0.0,0.0,0.0,0.0,0.0,0.0,0.0,0.0,0.0,0.0,0.0,0.0,0.0,0.0,0.0,0.0,0.0,54
0530_trans_12_dimethylcyclobutane.xyz,128.15425589623433,35.78682359355618,31.232509372649087,15.439517415658186,13.939544861124201,6.76049404242572,0.058206706114684724,-0.03468171960991145,-0.06275838576494822,-0.08728073297107387,-0.11155391072530561,-0.13974361056537213,-0.21322028664175388,-0.3884463122810699,-0.5135729777142385,-0.7942304390885548,-0.8525790594580189,-1.02465325638653,0.0,0.0,0.0,0.0,0.0,0.0,0.0,0.0,0.0,0.0,0.0,0.0,0.0,0.0,0.0,0.0,0.0,0.0,0.0,0.0,0.0,0.0,0.0,0.0,0.0,0.0,0.0,0.0,0.0,0.0,0.0,0.0,0.0,0.0,0.0,0.0,0.0,0.0,36
0531_trans_13_dimethylcyclobutane.xyz,127.96503212987503,39.85538474431847,22.997315494096497,21.41493673882498,12.224348754769933,6.8558352855730735,0.05602443373744828,-0.044934594125644815,-0.0695620844256948,-0.07150827430214671,-0.1272548346137032,-0.12955807161305002,-0.17394053566459625,-0.36101420242706794,-0.6205018030005597,-0.7208422985446328,-0.8802276689811422,-1.0209020169415401,0.0,0.0,0.0,0.0,0.0,0.0,0.0,0.0,0.0,0.0,0.0,0.0,0.0,0.0,0.0,0.0,0.0,0.0,0.0,0.0,0.0,0.0,0.0,0.0,0.0,0.0,0.0,0.0,0.0,0.0,0.0,0.0,0.0,0.0,0.0,0.0,0.0,0.0,36
0532_3E_penta_13_diene.xyz,109.7200867188593,43.72975309666934,21.967717971148865,10.223499895603302,5.871916877247201,-0.04237327509162257,-0.06594220490385398,-0.0691513869724106,-0.18892047814563034,-0.3544847111905144,-0.5532656382853309,-0.8767946859215788,-1.0715161818872754,0.0,0.0,0.0,0.0,0.0,0.0,0.0,0.0,0.0,0.0,0.0,0.0,0.0,0.0,0.0,0.0,0.0,0.0,0.0,0.0,0.0,0.0,0.0,0.0,0.0,0.0,0.0,0.0,0.0,0.0,0.0,0.0,0.0,0.0,0.0,0.0,0.0,0.0,0.0,0.0,0.0,0.0,0.0,28
0533_trans_decalin.xyz,172.16141436060673,60.70032884490786,42.241699756628485,31.242632992531625,26.285036935473663,14.147979217447418,11.719397928387147,10.534710396402412,8.631432524987565,6.313630288593062,0.09765262909975957,-0.009138696910209146,-0.02230037588360459,-0.09902965671672094,-0.10463529900746835,-0.10904904605097349,-0.13778690486395367,-0.14337489210962218,-0.16750264109865576,-0.3558295392499311,-0.3598500096605803,-0.40536903855804224,-0.5344234810427663,-0.6188150218543459,-0.6987196939909267,-0.7652934969578572,-0.9206753069858371,-1.043070779864773,0.0,0.0,0.0,0.0,0.0,0.0,0.0,0.0,0.0,0.0,0.0,0.0,0.0,0.0,0.0,0.0,0.0,0.0,0.0,0.0,0.0,0.0,0.0,0.0,0.0,0.0,0.0,0.0,58
0534_Tridecane.xyz,159.36650091703416,89.7221372725506,62.66955301217822,45.375135882550374,33.92743762222529,25.612004590137673,19.694063328851485,15.413853425598717,12.482848981324555,10.58596365724456,9.568695660034908,9.212259845171221,9.14801710589227,0.245616069567065,0.15088924016417737,0.054857466553449294,-0.028187565596488787,-0.06868362148782474,-0.0691727893467054,-0.09060616850630464,-0.10222431136271275,-0.11754840915164284,-0.14153051271740416,-0.14436084204485433,-0.17147617203767745,-0.17307985860134745,-0.19165236280245498,-0.19227953325936797,-0.22540453372239957,-0.338150194826915,-0.41568704902693854,-0.4819601278786168,-0.5362741949742132,-0.5867458230871891,-0.6390996505111821,-0.7040152702561144,-0.7842011097415872,-0.8741493161886505,-0.9554762918267187,-1.0124607065285267,-1.0300400690574876,0.0,0.0,0.0,0.0,0.0,0.0,0.0,0.0,0.0,0.0,0.0,0.0,0.0,0.0,0.0,80
0535_Triphenylene.xyz,243.70408377507943,84.20148334076562,84.19891221745978,44.91305553669357,39.411051515925216,39.41086112966753,28.493946154240327,25.32901052886249,25.327842083514433,11.127890489089136,10.939863420547164,10.93975101389494,7.287615136843445,7.287468436554011,6.54557052530032,3.0201891377183254,3.0200213353552425,0.6696320890286471,-0.03250683597146625,-0.13898985779209333,-0.1390333965542255,-0.29990999919795747,-0.29997139762328634,-0.45362299757669466,-0.4940133504485286,-0.6079738282474708,-0.6080168659778185,-0.9979847990908131,-0.9980132995806001,-1.3123176488116228,0.0,0.0,0.0,0.0,0.0,0.0,0.0,0.0,0.0,0.0,0.0,0.0,0.0,0.0,0.0,0.0,0.0,0.0,0.0,0.0,0.0,0.0,0.0,0.0,0.0,0.0,84
0536_Undecane.xyz,149.89420605621405,80.81220937222795,54.40453633891404,37.89828394722083,27.301993968573008,19.940723499650183,15.039882362229127,11.850142304201288,10.052074382861662,9.249250071996995,9.211646794282403,0.23391903811352738,0.12170928444064644,0.01525278209171124,-0.06854225000382624,-0.06909060686365832,-0.06932496703391641,-0.10157758078109734,-0.12737988690619587,-0.12814515204271226,-0.16083067506524504,-0.16649912694119065,-0.18858396251399887,-0.19047231109909749,-0.2384777597981358,-0.36397779658565466,-0.4488937745318132,-0.5202247454560569,-0.5803902667221807,-0.644975047928437,-0.7257314901033018,-0.8277246829699711,-0.9297281124403756,-1.0056920628837513,-1.0304107506614133,0.0,0.0,0.0,0.0,0.0,0.0,0.0,0.0,0.0,0.0,0.0,0.0,0.0,0.0,0.0,0.0,0.0,0.0,0.0,0.0,0.0,68
0537_2Z_3_methylpent_2_ene.xyz,123.77155327128966,39.825486644040616,31.485598427792773,18.054729426966414,13.421124300556183,4.792004078215174,0.04668471301871118,-0.02079992179013747,-0.04545643896079318,-0.06766680990694166,-0.08905294310256232,-0.13623748005125608,-0.17954380303472137,-0.39638257355467027,-0.5237097266989243,-0.8219176457641438,-0.9080630857395728,-1.059719236720109,0.0,0.0,0.0,0.0,0.0,0.0,0.0,0.0,0.0,0.0,0.0,0.0,0.0,0.0,0.0,0.0,0.0,0.0,0.0,0.0,0.0,0.0,0.0,0.0,0.0,0.0,0.0,0.0,0.0,0.0,0.0,0.0,0.0,0.0,0.0,0.0,0.0,0.0,36
0538_2Z_4_methylpent_2_ene.xyz,122.5166632271308,44.83754463352366,24.19287533142749,22.920254979146353,11.280723568176036,5.644406284462704,0.030278872247885266,-0.030953987434085155,-0.06251982607087547,-0.06338095917521468,-0.11392970168627287,-0.13248711603992175,-0.17291430799655297,-0.34783588508515595,-0.5749790122425885,-0.8083495471872906,-0.9176523859366628,-1.0491129707046472,0.0,0.0,0.0,0.0,0.0,0.0,0.0,0.0,0.0,0.0,0.0,0.0,0.0,0.0,0.0,0.0,0.0,0.0,0.0,0.0,0.0,0.0,0.0,0.0,0.0,0.0,0.0,0.0,0.0,0.0,0.0,0.0,0.0,0.0,0.0,0.0,0.0,0.0,36
0539_2Z_hex_2_ene.xyz,120.7917212087392,47.09465607505326,28.030532880751608,18.655443695326092,11.008854394795877,5.803897036211152,0.05875209388002138,-0.02899711498687028,-0.06262637389519773,-0.08317263019834074,-0.13134105695193,-0.143244426469006,-0.17348172694318179,-0.4014683469063224,-0.5387481177804486,-0.7316455382161394,-0.939661948817987,-1.060838907036216,0.0,0.0,0.0,0.0,0.0,0.0,0.0,0.0,0.0,0.0,0.0,0.0,0.0,0.0,0.0,0.0,0.0,0.0,0.0,0.0,0.0,0.0,0.0,0.0,0.0,0.0,0.0,0.0,0.0,0.0,0.0,0.0,0.0,0.0,0.0,0.0,0.0,0.0,36
0540_2Z_pent_2_ene.xyz,109.57112313376192,40.65692553053864,23.101082200673176,13.60125466439508,5.898108627016188,0.056084058423003326,-0.05440435614814343,-0.07609494550951552,-0.08236848444146355,-0.16375382845226286,-0.17502811480650818,-0.4629974372903861,-0.6134437069304316,-0.9058246064703126,-1.0601367376292972,0.0,0.0,0.0,0.0,0.0,0.0,0.0,0.0,0.0,0.0,0.0,0.0,0.0,0.0,0.0,0.0,0.0,0.0,0.0,0.0,0.0,0.0,0.0,0.0,0.0,0.0,0.0,0.0,0.0,0.0,0.0,0.0,0.0,0.0,0.0,0.0,0.0,0.0,0.0,0.0,0.0,30
0541_Acetylene.xyz,67.91240981225083,7.98056759436003,-0.22523451634179825,-0.9515324914171883,0.0,0.0,0.0,0.0,0.0,0.0,0.0,0.0,0.0,0.0,0.0,0.0,0.0,0.0,0.0,0.0,0.0,0.0,0.0,0.0,0.0,0.0,0.0,0.0,0.0,0.0,0.0,0.0,0.0,0.0,0.0,0.0,0.0,0.0,0.0,0.0,0.0,0.0,0.0,0.0,0.0,0.0,0.0,0.0,0.0,0.0,0.0,0.0,0.0,0.0,0.0,0.0,10
0542_1_Methylcyclopropene.xyz,103.03266196285755,28.742598036650595,14.484393102960727,6.423180221198319,-0.024862696748987972,-0.06400597206016682,-0.09179731894073177,-0.45040487446789346,-0.7033089765131518,-0.9160326872324118,0.0,0.0,0.0,0.0,0.0,0.0,0.0,0.0,0.0,0.0,0.0,0.0,0.0,0.0,0.0,0.0,0.0,0.0,0.0,0.0,0.0,0.0,0.0,0.0,0.0,0.0,0.0,0.0,0.0,0.0,0.0,0.0,0.0,0.0,0.0,0.0,0.0,0.0,0.0,0.0,0.0,0.0,0.0,0.0,0.0,0.0,22
0543_Penta_12_diene.xyz,111.08798958502933,40.92943649120862,23.491572167757244,11.991377287888028,3.8589245552419023,0.014595374357639093,-0.053609372026336595,-0.06373338426429366,-0.1408859746231131,-0.3140522436308571,-0.566525197904601,-0.8777585238593518,-1.0668047680444874,0.0,0.0,0.0,0.0,0.0,0.0,0.0,0.0,0.0,0.0,0.0,0.0,0.0,0.0,0.0,0.0,0.0,0.0,0.0,0.0,0.0,0.0,0.0,0.0,0.0,0.0,0.0,0.0,0.0,0.0,0.0,0.0,0.0,0.0,0.0,0.0,0.0,0.0,0.0,0.0,0.0,0.0,0.0,28
0544_Methylidenecyclobutane.xyz,117.11970198275395,33.78431404665148,21.541515510768313,13.41093139469549,5.450715285686303,0.05582941423073541,-0.041784672651077964,-0.1045542506458798,-0.14942585515641366,-0.3882290059826431,-0.6168903721967784,-0.7397428794832666,-1.0318546015405257,0.0,0.0,0.0,0.0,0.0,0.0,0.0,0.0,0.0,0.0,0.0,0.0,0.0,0.0,0.0,0.0,0.0,0.0,0.0,0.0,0.0,0.0,0.0,0.0,0.0,0.0,0.0,0.0,0.0,0.0,0.0,0.0,0.0,0.0,0.0,0.0,0.0,0.0,0.0,0.0,0.0,0.0,0.0,28
0545_2_Methylbutane.xyz,110.71047144690482,35.63666395655818,24.18376269393654,15.465879841936568,8.294833741545744,0.08204332004388656,-0.007105449425666886,-0.0339063621005585,-0.0743503770059952,-0.12871611723059162,-0.14971970667965018,-0.16509431803108385,-0.2613563860086719,-0.5437106911499916,-0.8065036478936257,-0.8799601541996306,-1.0327057940705697,0.0,0.0,0.0,0.0,0.0,0.0,0.0,0.0,0.0,0.0,0.0,0.0,0.0,0.0,0.0,0.0,0.0,0.0,0.0,0.0,0.0,0.0,0.0,0.0,0.0,0.0,0.0,0.0,0.0,0.0,0.0,0.0,0.0,0.0,0.0,0.0,0.0,0.0,0.0,32
0546_23_Dimethyl_13_butadiene.xyz,126.81318787824773,40.03373877891315,26.920576999416607,20.81565054182537,11.452017705011963,3.8928428822468844,0.049580514969985126,-0.05278157026942197,-0.06280767015868896,-0.08242683462927008,-0.0827032803174106,-0.18070134886060638,-0.7180828543926063,-0.7275265064712504,-0.8531216290339453,-1.0688124099429817,0.0,0.0,0.0,0.0,0.0,0.0,0.0,0.0,0.0,0.0,0.0,0.0,0.0,0.0,0.0,0.0,0.0,0.0,0.0,0.0,0.0,0.0,0.0,0.0,0.0,0.0,0.0,0.0,0.0,0.0,0.0,0.0,0.0,0.0,0.0,0.0,0.0,0.0,0.0,0.0,34
0547_4_Methylcyclopentene.xyz,130.59760742237717,37.84003814933514,27.744554752783348,19.24826930051179,8.029358774051252,6.366455814890601,0.0037842401864191452,-0.029159410952269194,-0.08966893005962781,-0.1215679639898143,-0.13883706762719356,-0.30242753799417615,-0.45929610382007513,-0.7192883438422022,-0.8846100994021944,-0.9365817998925345,0.0,0.0,0.0,0.0,0.0,0.0,0.0,0.0,0.0,0.0,0.0,0.0,0.0,0.0,0.0,0.0,0.0,0.0,0.0,0.0,0.0,0.0,0.0,0.0,0.0,0.0,0.0,0.0,0.0,0.0,0.0,0.0,0.0,0.0,0.0,0.0,0.0,0.0,0.0,0.0,34
0548_Methylidenecyclopentane.xyz,129.6889252768341,39.30403052371267,28.615505445446605,16.993661064952477,9.471634075956135,5.762414183697739,0.07640529792624016,-0.047526015838954376,-0.07935731692405543,-0.13667941827592833,-0.1369574663843756,-0.31928430003368763,-0.5178650617316483,-0.6762410642785858,-0.9201232033047142,-0.9299108251983362,0.0,0.0,0.0,0.0,0.0,0.0,0.0,0.0,0.0,0.0,0.0,0.0,0.0,0.0,0.0,0.0,0.0,0.0,0.0,0.0,0.0,0.0,0.0,0.0,0.0,0.0,0.0,0.0,0.0,0.0,0.0,0.0,0.0,0.0,0.0,0.0,0.0,0.0,0.0,0.0,34
0549_Bicyclo310hexane.xyz,133.70966307017625,35.55108199547786,28.792214662497077,15.144893919512366,8.344335404570167,8.244254555256347,0.07849087888271045,-0.05546266990759791,-0.10127997184943638,-0.12942259103823958,-0.15445209742421717,-0.4183251924267364,-0.4244700636943555,-0.7240620954820416,-0.7618072914495013,-0.947021316544956,0.0,0.0,0.0,0.0,0.0,0.0,0.0,0.0,0.0,0.0,0.0,0.0,0.0,0.0,0.0,0.0,0.0,0.0,0.0,0.0,0.0,0.0,0.0,0.0,0.0,0.0,0.0,0.0,0.0,0.0,0.0,0.0,0.0,0.0,0.0,0.0,0.0,0.0,0.0,0.0,34
0550_3Z_hex_3_ene.xyz,119.7392859538017,47.68056050648425,29.53291133276462,16.475345746847317,12.244572877505734,5.7155619050852025,0.060538287841176486,-0.018621881906381584,-0.06673183317046283,-0.07270837711377211,-0.11830640670509573,-0.17141600217161929,-0.17525759903815816,-0.4571588878913312,-0.4891731430302759,-0.7308046447433894,-0.9423466027469583,-1.0576200352568226,0.0,0.0,0.0,0.0,0.0,0.0,0.0,0.0,0.0,0.0,0.0,0.0,0.0,0.0,0.0,0.0,0.0,0.0,0.0,0.0,0.0,0.0,0.0,0.0,0.0,0.0,0.0,0.0,0.0,0.0,0.0,0.0,0.0,0.0,0.0,0.0,0.0,0.0,36
0551_3E_hex_3_ene.xyz,118.63660101361805,49.49064217558116,29.2171711587124,16.225908403021034,11.529692319727836,6.334895952473195,0.006207945065287464,-0.00085971818505984,-0.0640555123168629,-0.07322835514135784,-0.13235683464255685,-0.1409647015952187,-0.2163307086159053,-0.4394632034972203,-0.5250099044810322,-0.7053003495886129,-0.9430972138878962,-1.0518212696916047,0.0,0.0,0.0,0.0,0.0,0.0,0.0,0.0,0.0,0.0,0.0,0.0,0.0,0.0,0.0,0.0,0.0,0.0,0.0,0.0,0.0,0.0,0.0,0.0,0.0,0.0,0.0,0.0,0.0,0.0,0.0,0.0,0.0,0.0,0.0,0.0,0.0,0.0,36
0552_3_Methylpent_1_ene.xyz,122.50917803951114,43.47545274782778,29.87706515778948,17.812980865451646,10.966827630500923,6.81752047378764,0.03732399617376896,-0.017030130221788533,-0.04924944308347344,-0.08453213453316605,-0.1111460205954581,-0.16041244627577886,-0.2240715657370228,-0.38193682551572683,-0.5483032872116178,-0.8237731348242904,-0.9029359878608245,-1.0443267386275705,0.0,0.0,0.0,0.0,0.0,0.0,0.0,0.0,0.0,0.0,0.0,0.0,0.0,0.0,0.0,0.0,0.0,0.0,0.0,0.0,0.0,0.0,0.0,0.0,0.0,0.0,0.0,0.0,0.0,0.0,0.0,0.0,0.0,0.0,0.0,0.0,0.0,0.0,36
0553_2_Ethylbut_1_ene.xyz,123.08099268869185,42.955583770246186,28.940751299060132,18.618071790677693,12.564061243392338,5.21817019508765,0.062076750460392835,0.007120050125721596,-0.045509507496880354,-0.06619002699993902,-0.1188477781597587,-0.1435695912612384,-0.17720326669796085,-0.48021926239199714,-0.5260022356538129,-0.752362524401322,-0.9320256235980313,-1.0562667745253151,0.0,0.0,0.0,0.0,0.0,0.0,0.0,0.0,0.0,0.0,0.0,0.0,0.0,0.0,0.0,0.0,0.0,0.0,0.0,0.0,0.0,0.0,0.0,0.0,0.0,0.0,0.0,0.0,0.0,0.0,0.0,0.0,0.0,0.0,0.0,0.0,0.0,0.0,36
0554_23_Dimethylbut_1_ene.xyz,125.54829456909007,39.56162026050273,24.206659273321048,24.003410878091426,12.727568933924587,5.350823445443598,0.03283341533411421,-0.0031561463381707647,-0.03552633159367183,-0.04179886610943138,-0.10626932512649871,-0.1460461185953479,-0.16719548951858454,-0.33489236885868817,-0.7248495792942692,-0.809961456851812,-0.8639098541908913,-1.048974042674529,0.0,0.0,0.0,0.0,0.0,0.0,0.0,0.0,0.0,0.0,0.0,0.0,0.0,0.0,0.0,0.0,0.0,0.0,0.0,0.0,0.0,0.0,0.0,0.0,0.0,0.0,0.0,0.0,0.0,0.0,0.0,0.0,0.0,0.0,0.0,0.0,0.0,0.0,36
0555_23_Dimethylbut_2_ene.xyz,125.65907521495674,38.724692641684015,26.885527334949998,21.07378046206022,14.995010003937798,3.9100070855047937,0.06017207333568686,0.028833289328027305,-0.021257816678000845,-0.026008948143235514,-0.13558309817969078,-0.14272730849751056,-0.1464891976448365,-0.21541667547068785,-0.7849416569509662,-0.8208350073540355,-0.8327836915818052,-1.0624235087009555,0.0,0.0,0.0,0.0,0.0,0.0,0.0,0.0,0.0,0.0,0.0,0.0,0.0,0.0,0.0,0.0,0.0,0.0,0.0,0.0,0.0,0.0,0.0,0.0,0.0,0.0,0.0,0.0,0.0,0.0,0.0,0.0,0.0,0.0,0.0,0.0,0.0,0.0,36
0556_Methylcyclopentane.xyz,128.54739516026706,38.23894480600971,28.62387664862157,18.51741287549727,9.239761954433519,8.112954219054222,0.1310935046319605,-0.044927266307853285,-0.056163617440657815,-0.09560351744603383,-0.14204141838814602,-0.1862089151876144,-0.2025150914458409,-0.4011721282132606,-0.5182290027697595,-0.7469731911272116,-0.920798203116715,-0.9481756205165808,0.0,0.0,0.0,0.0,0.0,0.0,0.0,0.0,0.0,0.0,0.0,0.0,0.0,0.0,0.0,0.0,0.0,0.0,0.0,0.0,0.0,0.0,0.0,0.0,0.0,0.0,0.0,0.0,0.0,0.0,0.0,0.0,0.0,0.0,0.0,0.0,0.0,0.0,36
0557_Ethylcyclobutane.xyz,126.17152764578148,43.90269862933332,21.952713638328433,20.043847481511378,12.103885645719805,7.141121067273403,0.10348832108092633,-0.028610329334893218,-0.06730566471185771,-0.1049221162782208,-0.12730492209989103,-0.15688258416311884,-0.21176529612973008,-0.4602607542276015,-0.5635841378026796,-0.6217960549201804,-0.8998434359494188,-1.0283759368555714,0.0,0.0,0.0,0.0,0.0,0.0,0.0,0.0,0.0,0.0,0.0,0.0,0.0,0.0,0.0,0.0,0.0,0.0,0.0,0.0,0.0,0.0,0.0,0.0,0.0,0.0,0.0,0.0,0.0,0.0,0.0,0.0,0.0,0.0,0.0,0.0,0.0,0.0,36
0558_23_Dimethylbutane.xyz,124.28851743426128,39.159503221875,27.014169080684532,21.08269906024203,13.98704965314283,7.3336806469922085,0.05832240879348867,0.03290609410995714,-0.04317272931702689,-0.060431561900389764,-0.10223464948200961,-0.1152262244484012,-0.1431548844206051,-0.1885726020517679,-0.23664462041503184,-0.38697419474040257,-0.7917726428743415,-0.8290259515126679,-0.8793387211426649,-1.0316676212404154,0.0,0.0,0.0,0.0,0.0,0.0,0.0,0.0,0.0,0.0,0.0,0.0,0.0,0.0,0.0,0.0,0.0,0.0,0.0,0.0,0.0,0.0,0.0,0.0,0.0,0.0,0.0,0.0,0.0,0.0,0.0,0.0,0.0,0.0,0.0,0.0,38
0559_135_Cycloheptatriene.xyz,142.8132999168687,42.36721510318073,40.736343423306415,16.570544112623885,13.365685494633293,5.482074360399066,4.136939036137405,0.011184975261782472,-0.10142548134689851,-0.1988830244486643,-0.2574298892832498,-0.48652270343033943,-0.5132497994921424,-0.9483645861314133,-0.9706745422970383,0.0,0.0,0.0,0.0,0.0,0.0,0.0,0.0,0.0,0.0,0.0,0.0,0.0,0.0,0.0,0.0,0.0,0.0,0.0,0.0,0.0,0.0,0.0,0.0,0.0,0.0,0.0,0.0,0.0,0.0,0.0,0.0,0.0,0.0,0.0,0.0,0.0,0.0,0.0,0.0,0.0,36
0560_Quadricyclane.xyz,154.51109201819588,34.26544107386077,31.67003965156019,20.372246581030414,9.126852651689447,8.046467725562266,7.251966850235318,0.003296625515138662,-0.06782446446111565,-0.256203722576548,-0.3674835362095767,-0.3995949966983856,-0.6079725190634201,-0.7253390711190579,-0.8162484715397667,0.0,0.0,0.0,0.0,0.0,0.0,0.0,0.0,0.0,0.0,0.0,0.0,0.0,0.0,0.0,0.0,0.0,0.0,0.0,0.0,0.0,0.0,0.0,0.0,0.0,0.0,0.0,0.0,0.0,0.0,0.0,0.0,0.0,0.0,0.0,0.0,0.0,0.0,0.0,0.0,0.0,36
0561_13_Cycloheptadiene.xyz,140.2736627014125,42.7321458638978,41.626515239664926,16.47717559377738,14.625502711430302,6.8643463682473405,4.280496360550285,-0.0027499713581934223,-0.02516672067423017,-0.11153155055997419,-0.1160019006480818,-0.23809464968295566,-0.332458001703803,-0.5381644973477313,-0.5740436139256601,-0.9602944130779968,-0.9746031240202729,0.0,0.0,0.0,0.0,0.0,0.0,0.0,0.0,0.0,0.0,0.0,0.0,0.0,0.0,0.0,0.0,0.0,0.0,0.0,0.0,0.0,0.0,0.0,0.0,0.0,0.0,0.0,0.0,0.0,0.0,0.0,0.0,0.0,0.0,0.0,0.0,0.0,0.0,0.0,38
0562_Tricyclo410024heptane.xyz,148.14821806957426,43.77855277755199,30.362077710882456,15.548479171446637,13.494366189570405,7.860041419778767,7.664327410996518,0.003931115771909012,-0.014140949248181886,-0.11016516295823695,-0.11037686737016934,-0.2877817371386296,-0.37898970610701305,-0.6100935716185851,-0.6650562405986091,-0.8149545320031228,-0.8616987025487544,0.0,0.0,0.0,0.0,0.0,0.0,0.0,0.0,0.0,0.0,0.0,0.0,0.0,0.0,0.0,0.0,0.0,0.0,0.0,0.0,0.0,0.0,0.0,0.0,0.0,0.0,0.0,0.0,0.0,0.0,0.0,0.0,0.0,0.0,0.0,0.0,0.0,0.0,0.0,38
0563_Ethylidenecyclopentane.xyz,139.1198083280898,48.12285484999785,28.920256728424775,24.56926611922522,13.49814785384448,9.43831981985954,4.6531959745916405,0.07988414237631065,-0.059874623623537286,-0.0664689848084464,-0.08336959087410663,-0.13272120998863532,-0.145490356340483,-0.3200120720591311,-0.39095614229198467,-0.5179259564353523,-0.7647543896549424,-0.9195350603108157,-0.9938890340404795,0.0,0.0,0.0,0.0,0.0,0.0,0.0,0.0,0.0,0.0,0.0,0.0,0.0,0.0,0.0,0.0,0.0,0.0,0.0,0.0,0.0,0.0,0.0,0.0,0.0,0.0,0.0,0.0,0.0,0.0,0.0,0.0,0.0,0.0,0.0,0.0,0.0,40
0564_1_Methylcyclohexene.xyz,140.71502790980873,43.91146478952537,34.989889272835505,21.551677511313724,12.292845432263453,10.409613174735941,4.452811535756096,0.06037315394973729,-0.04688498051336776,-0.06284982998146131,-0.09414934402106254,-0.11464688519927278,-0.15766000031150812,-0.2729221400875196,-0.38728604771462316,-0.5950156840117096,-0.7298578059175318,-0.8516179832429798,-1.064075683205886,0.0,0.0,0.0,0.0,0.0,0.0,0.0,0.0,0.0,0.0,0.0,0.0,0.0,0.0,0.0,0.0,0.0,0.0,0.0,0.0,0.0,0.0,0.0,0.0,0.0,0.0,0.0,0.0,0.0,0.0,0.0,0.0,0.0,0.0,0.0,0.0,0.0,40
0565_Cycloheptene.xyz,139.3675522693428,42.70809169624801,40.6162792316417,16.55785995600156,15.258046537602832,8.343845381045648,5.504386686404364,0.03619445657101423,-0.019456188406286937,-0.09966514100585813,-0.11174078195945261,-0.11483693281960071,-0.15406940283648177,-0.3243272584415578,-0.4037740340909112,-0.6033340510690304,-0.6195287135328692,-0.9613847840790495,-0.9734025306352206,0.0,0.0,0.0,0.0,0.0,0.0,0.0,0.0,0.0,0.0,0.0,0.0,0.0,0.0,0.0,0.0,0.0,0.0,0.0,0.0,0.0,0.0,0.0,0.0,0.0,0.0,0.0,0.0,0.0,0.0,0.0,0.0,0.0,0.0,0.0,0.0,0.0,40
0566_1_Methylbicyclo310hexane.xyz,145.5343886983561,39.72779254984599,31.739098179330185,22.056053682373012,14.257511605589364,8.261528177772563,6.741994718338719,0.0750107488411501,-0.01707463695944438,-0.06376721695240573,-0.10722033622810578,-0.14072465161320885,-0.15896400035607483,-0.26326361981672397,-0.42557739443131803,-0.6593656374759549,-0.7296810563643433,-0.872861999917092,-0.94814141435075,0.0,0.0,0.0,0.0,0.0,0.0,0.0,0.0,0.0,0.0,0.0,0.0,0.0,0.0,0.0,0.0,0.0,0.0,0.0,0.0,0.0,0.0,0.0,0.0,0.0,0.0,0.0,0.0,0.0,0.0,0.0,0.0,0.0,0.0,0.0,0.0,0.0,40
0567_Hept_1_ene.xyz,125.76979087029997,58.98514728281399,34.27896791652128,20.59869312122533,13.107516146480574,9.71207991122914,7.562770708342675,0.15519946451212646,-0.008478315260481276,-0.06888294816221055,-0.0741400227731829,-0.11955230736894959,-0.16202706439559023,-0.17236012179293878,-0.2297154025170637,-0.3699456719847573,-0.5215514293353946,-0.641745720938729,-0.7902260088741287,-0.9658454772814182,-1.0389585347586765,0.0,0.0,0.0,0.0,0.0,0.0,0.0,0.0,0.0,0.0,0.0,0.0,0.0,0.0,0.0,0.0,0.0,0.0,0.0,0.0,0.0,0.0,0.0,0.0,0.0,0.0,0.0,0.0,0.0,0.0,0.0,0.0,0.0,0.0,0.0,42
0568_3Z_3_Methylhex_3_ene.xyz,132.91262396864147,48.40433557620429,34.02338767727937,22.596342857940098,15.701124725661975,11.537850255042626,4.735636244897081,0.0540719451549452,-0.001957460336468344,-0.025679352897317573,-0.06892878745000783,-0.08151677600132168,-0.11051358167287181,-0.14227595745881397,-0.1814794698590345,-0.36806723450177353,-0.4885744926115513,-0.6414678117750053,-0.8457204112029243,-0.9473878243770958,-1.0550676946960869,0.0,0.0,0.0,0.0,0.0,0.0,0.0,0.0,0.0,0.0,0.0,0.0,0.0,0.0,0.0,0.0,0.0,0.0,0.0,0.0,0.0,0.0,0.0,0.0,0.0,0.0,0.0,0.0,0.0,0.0,0.0,0.0,0.0,0.0,0.0,42
0569_3E_3_Methylhex_3_ene.xyz,132.2547226447652,50.34726506547989,32.03202355221391,23.30058453911492,16.032691743659683,11.196021320630415,4.7450610266304105,0.047816629063229824,0.020931457410390118,-0.03092637883162453,-0.06779203224857008,-0.0852955882357745,-0.1092856505882921,-0.15841552455407873,-0.17721094784207986,-0.3686348336432574,-0.5101187520513946,-0.6067540891523517,-0.849347620436315,-0.9482907975055811,-1.058309367897173,0.0,0.0,0.0,0.0,0.0,0.0,0.0,0.0,0.0,0.0,0.0,0.0,0.0,0.0,0.0,0.0,0.0,0.0,0.0,0.0,0.0,0.0,0.0,0.0,0.0,0.0,0.0,0.0,0.0,0.0,0.0,0.0,0.0,0.0,0.0,42
0570_24_Dimethylpent_1_ene.xyz,134.4090681519428,50.619443092316615,24.505478268617967,23.817343884399758,21.437284222398247,9.337583855694783,5.855357101074571,0.06554349620586651,0.001254348852884254,-0.025789333851652028,-0.03866420221960693,-0.10711939932989344,-0.12053716324980361,-0.13503058954302238,-0.17331314335205708,-0.2981234959301321,-0.630295485729384,-0.7353444428944448,-0.8078773955978236,-0.9394252757529623,-1.030100098071154,0.0,0.0,0.0,0.0,0.0,0.0,0.0,0.0,0.0,0.0,0.0,0.0,0.0,0.0,0.0,0.0,0.0,0.0,0.0,0.0,0.0,0.0,0.0,0.0,0.0,0.0,0.0,0.0,0.0,0.0,0.0,0.0,0.0,0.0,0.0,42
0571_24_Dimethylpent_2_ene.xyz,133.80226772044017,50.75931947857647,24.264992204083452,24.188594815799892,21.937849909583857,10.089949897989792,4.875016194372268,0.018433235502281507,-0.0007186793741361578,-0.02554760469862731,-0.035348952558336554,-0.10555881285665306,-0.10988241347695812,-0.13201401435689555,-0.13603862775835418,-0.3081182608532494,-0.495245715901817,-0.8046608002653871,-0.8082415515255761,-0.9278610882977251,-1.0404505384428822,0.0,0.0,0.0,0.0,0.0,0.0,0.0,0.0,0.0,0.0,0.0,0.0,0.0,0.0,0.0,0.0,0.0,0.0,0.0,0.0,0.0,0.0,0.0,0.0,0.0,0.0,0.0,0.0,0.0,0.0,0.0,0.0,0.0,0.0,0.0,42
0572_2_Methyl_3_methylidenepentane.xyz,135.45625580352385,46.63939980877019,30.586067824335352,23.9612139235537,17.202673491237967,11.23777139739699,4.843590753750609,0.05024293903642588,0.017172129709603735,-0.026697309415731004,-0.04136082280666153,-0.10230082972898583,-0.11456705985384387,-0.1591340233965004,-0.16334763749381045,-0.31538215056465596,-0.5123326625448936,-0.7508799013167644,-0.813341284535148,-0.9352297614474597,-1.0530782322285661,0.0,0.0,0.0,0.0,0.0,0.0,0.0,0.0,0.0,0.0,0.0,0.0,0.0,0.0,0.0,0.0,0.0,0.0,0.0,0.0,0.0,0.0,0.0,0.0,0.0,0.0,0.0,0.0,0.0,0.0,0.0,0.0,0.0,0.0,0.0,42
0573_trans_12_dimethylcyclopentene.xyz,140.28823238557956,38.66237424906753,37.6490548984739,20.329785745563047,16.792129278856986,8.90382490514237,7.221879678327319,0.10124431108549714,-0.019706339075477645,-0.038294268813829996,-0.06651703471104468,-0.12995197484465507,-0.13180407807286196,-0.1824501141425105,-0.19920469788512982,-0.3762102865138227,-0.4159902222292757,-0.665460168122598,-0.8180252544907095,-0.9271266880166362,-0.9710479291960449,0.0,0.0,0.0,0.0,0.0,0.0,0.0,0.0,0.0,0.0,0.0,0.0,0.0,0.0,0.0,0.0,0.0,0.0,0.0,0.0,0.0,0.0,0.0,0.0,0.0,0.0,0.0,0.0,0.0,0.0,0.0,0.0,0.0,0.0,0.0,42
0574_Ethylcyclopentane.xyz,137.81235308150903,47.887214031987554,28.832479501404606,24.789431125676064,13.69277364366929,9.27088957949087,7.558206925902616,0.13071297840415103,-0.011205540937710342,-0.05825808327593242,-0.08491882616797733,-0.10189949068176124,-0.15988581670508273,-0.18004634861421667,-0.1982237030011968,-0.40093695059915646,-0.518655449424363,-0.5472653290064814,-0.7959640462644367,-0.9210936125114655,-0.9889712748728102,0.0,0.0,0.0,0.0,0.0,0.0,0.0,0.0,0.0,0.0,0.0,0.0,0.0,0.0,0.0,0.0,0.0,0.0,0.0,0.0,0.0,0.0,0.0,0.0,0.0,0.0,0.0,0.0,0.0,0.0,0.0,0.0,0.0,0.0,0.0,42
0575_Cycloheptane.xyz,138.45145694059374,41.63170944147514,40.62152885403829,16.560534670812896,16.326198282700275,8.406036273121764,7.82668503226313,0.08557172331790781,-0.010356266086688054,-0.05710737280544841,-0.10319613196427038,-0.11209939056113274,-0.14164690964610407,-0.1720934915774726,-0.1915101820467348,-0.4196530102734062,-0.4383476559134125,-0.6577744828557621,-0.658202816810738,-0.9652078983063576,-0.9757892134941416,0.0,0.0,0.0,0.0,0.0,0.0,0.0,0.0,0.0,0.0,0.0,0.0,0.0,0.0,0.0,0.0,0.0,0.0,0.0,0.0,0.0,0.0,0.0,0.0,0.0,0.0,0.0,0.0,0.0,0.0,0.0,0.0,0.0,0.0,0.0,42
0576_3_Methylhexane.xyz,130.31993107845213,51.599608456337265,31.975630670220077,22.80795776561041,15.988594554500514,10.938453613484704,7.7928091313360595,0.12201916948277518,0.026532437515738555,-0.032723255861768163,-0.0666967205387303,-0.07944790987307955,-0.10780798480764515,-0.14288980780959187,-0.15821361908282122,-0.18200880051449372,-0.2470019489788177,-0.46379692361573005,-0.5457808335142406,-0.6882156050223256,-0.855757611494263,-0.9574866293825525,-1.036972830461899,0.0,0.0,0.0,0.0,0.0,0.0,0.0,0.0,0.0,0.0,0.0,0.0,0.0,0.0,0.0,0.0,0.0,0.0,0.0,0.0,0.0,0.0,0.0,0.0,0.0,0.0,0.0,0.0,0.0,0.0,0.0,0.0,0.0,44
0577_3_Ethylpentane.xyz,132.67333300530265,43.08266142448305,38.79079645954807,23.246266218727385,13.366182377185313,12.580733710224491,7.700632520782861,0.08235872577391123,0.050706601475223156,-0.039199275948979755,-0.05908858220445139,-0.08161303621418867,-0.11330280038615685,-0.12864969646652033,-0.17277238716269705,-0.17824877316932164,-0.2600260896486421,-0.5296605115005006,-0.5349301256669281,-0.5767827393197028,-0.9260167174937657,-0.9356738044629854,-1.0309701078764244,0.0,0.0,0.0,0.0,0.0,0.0,0.0,0.0,0.0,0.0,0.0,0.0,0.0,0.0,0.0,0.0,0.0,0.0,0.0,0.0,0.0,0.0,0.0,0.0,0.0,0.0,0.0,0.0,0.0,0.0,0.0,0.0,0.0,44
0578_23_Dimethylpentane.xyz,134.43462823291605,46.41285012248876,29.473133198186716,24.14271871796739,18.503501167823263,11.693393274028455,6.750819478019346,0.07118700987669539,0.03908169660057503,-0.024474984409335668,-0.03728570173970285,-0.06610988802713419,-0.10342060266353081,-0.1360484014398206,-0.16678413194139066,-0.17166207510084056,-0.22984446055848787,-0.4090675281209693,-0.5516709441525277,-0.8087593325474443,-0.8347935689845986,-0.9335530284660204,-1.0411018537738395,0.0,0.0,0.0,0.0,0.0,0.0,0.0,0.0,0.0,0.0,0.0,0.0,0.0,0.0,0.0,0.0,0.0,0.0,0.0,0.0,0.0,0.0,0.0,0.0,0.0,0.0,0.0,0.0,0.0,0.0,0.0,0.0,0.0,44
0579_223_Trimethylbutane.xyz,138.5598969397611,41.06604458060971,26.916242223487572,24.13380733529021,21.066445464632075,13.486214626039125,6.186105963497102,0.06804966052310445,0.037936106563862815,-0.005707527461758968,-0.009160182917558659,-0.07085429069873662,-0.08604607649907516,-0.1400528616260149,-0.16449580963251648,-0.1762185196244114,-0.19699485847943746,-0.3294108622597298,-0.7938430954933077,-0.8102063853289972,-0.8302984438336204,-0.8716867265466113,-1.0290308640204109,0.0,0.0,0.0,0.0,0.0,0.0,0.0,0.0,0.0,0.0,0.0,0.0,0.0,0.0,0.0,0.0,0.0,0.0,0.0,0.0,0.0,0.0,0.0,0.0,0.0,0.0,0.0,0.0,0.0,0.0,0.0,0.0,0.0,44
0580_12_Dimethylbenzene.xyz,154.66656405287193,46.34791321424928,40.888100831016644,23.356593797983717,19.789128649314733,8.884573161780207,7.628118858763722,2.4164784638097387,0.004922280769637186,-0.021495714287710122,-0.11234566380706144,-0.13608389757714878,-0.14267924356417774,-0.3492473853348506,-0.5411030084508508,-0.8174805355979335,-0.8392434721638895,-1.1578727943684142,0.0,0.0,0.0,0.0,0.0,0.0,0.0,0.0,0.0,0.0,0.0,0.0,0.0,0.0,0.0,0.0,0.0,0.0,0.0,0.0,0.0,0.0,0.0,0.0,0.0,0.0,0.0,0.0,0.0,0.0,0.0,0.0,0.0,0.0,0.0,0.0,0.0,0.0,42
0581_13_Dimethylbenzene.xyz,153.6314663293731,48.603994728941444,39.797058543790115,22.438753717760537,20.561282958859007,8.9749950324147,7.364829363778343,2.6763690084629075,-0.04868865639891901,-0.060240864192390234,-0.07417378515450551,-0.0793616756269091,-0.19117620789103193,-0.44139922720357355,-0.49022393588387303,-0.7719744258288734,-0.8756047904020172,-1.1510645193906286,0.0,0.0,0.0,0.0,0.0,0.0,0.0,0.0,0.0,0.0,0.0,0.0,0.0,0.0,0.0,0.0,0.0,0.0,0.0,0.0,0.0,0.0,0.0,0.0,0.0,0.0,0.0,0.0,0.0,0.0,0.0,0.0,0.0,0.0,0.0,0.0,0.0,0.0,42
0582_Bicyclo222oct_2_ene.xyz,159.90066548759927,36.50527547808222,36.18247789584867,34.70869674479347,12.510431927032402,10.584928083444117,10.372449017785804,4.59382776249406,0.06698930126990833,-0.009259545948295428,-0.05841467855285488,-0.13040335669715195,-0.18370731772185878,-0.2636967942668051,-0.30251219072498137,-0.4643165703360299,-0.6229751012468757,-0.688577065384818,-0.7808397513447731,-1.0561977307179924,0.0,0.0,0.0,0.0,0.0,0.0,0.0,0.0,0.0,0.0,0.0,0.0,0.0,0.0,0.0,0.0,0.0,0.0,0.0,0.0,0.0,0.0,0.0,0.0,0.0,0.0,0.0,0.0,0.0,0.0,0.0,0.0,0.0,0.0,0.0,0.0,44
0583_4_Ethenylcyclohexene.xyz,149.2516239770813,54.507521979279595,35.08348969490372,29.11926933563866,13.107158116616034,12.006618431322131,7.372075984495125,5.0973524981067015,0.02035456383163872,-0.04687066503604053,-0.08081440508629184,-0.11184339555247531,-0.1368394369451078,-0.2476351727535778,-0.3836409675659799,-0.4080329454478597,-0.5992808314830018,-0.7250649182016896,-0.8933509834407393,-1.067249264354469,0.0,0.0,0.0,0.0,0.0,0.0,0.0,0.0,0.0,0.0,0.0,0.0,0.0,0.0,0.0,0.0,0.0,0.0,0.0,0.0,0.0,0.0,0.0,0.0,0.0,0.0,0.0,0.0,0.0,0.0,0.0,0.0,0.0,0.0,0.0,0.0,44
0584_Prop_2_en_1_ylcyclopentane.xyz,146.15273639889938,58.0898555130604,31.444362756994362,28.184662726498534,17.9687403748979,9.26932449843067,8.831377536311837,7.06773147256387,0.123123122650977,-0.009441212441298497,-0.0718624117478862,-0.09009022898975785,-0.14256971759278123,-0.1631780600551224,-0.1853039978483403,-0.31225371069112434,-0.406042190988725,-0.5171713327773606,-0.6289679384662461,-0.8224061639737208,-0.9213867936604507,-0.9963990456676023,0.0,0.0,0.0,0.0,0.0,0.0,0.0,0.0,0.0,0.0,0.0,0.0,0.0,0.0,0.0,0.0,0.0,0.0,0.0,0.0,0.0,0.0,0.0,0.0,0.0,0.0,0.0,0.0,0.0,0.0,0.0,0.0,0.0,0.0,46
0585_1_Ethylcyclohex_1_ene.xyz,149.4793423343562,51.60050750598459,35.21837585784421,29.268605400294266,15.068351581762935,11.990447188636992,9.989508780968672,4.258593723267002,0.058326060553496956,-0.003865467428608621,-0.05626411718324999,-0.085573420285028,-0.10553228139215307,-0.13109288086459953,-0.16400765501928305,-0.27110082915427913,-0.3893400533863743,-0.5210377249850309,-0.6118803935423749,-0.7305192156434903,-0.9297657817868943,-1.067237017589449,0.0,0.0,0.0,0.0,0.0,0.0,0.0,0.0,0.0,0.0,0.0,0.0,0.0,0.0,0.0,0.0,0.0,0.0,0.0,0.0,0.0,0.0,0.0,0.0,0.0,0.0,0.0,0.0,0.0,0.0,0.0,0.0,0.0,0.0,46
0586_Ethenylcyclohexane.xyz,148.39049003227757,53.78133863186298,35.197427369109526,28.965646400228117,13.343184163225384,12.319955635448547,8.515475809179694,6.502781453637316,0.06631171610313198,-0.0366024424413075,-0.08136400778463705,-0.0862776234124008,-0.1158677946669108,-0.13854117576201727,-0.167459851726017,-0.32627013715975195,-0.4197135109954595,-0.4623789219420371,-0.6643366792606843,-0.7671680448285575,-0.9033825080946685,-1.048406917590248,0.0,0.0,0.0,0.0,0.0,0.0,0.0,0.0,0.0,0.0,0.0,0.0,0.0,0.0,0.0,0.0,0.0,0.0,0.0,0.0,0.0,0.0,0.0,0.0,0.0,0.0,0.0,0.0,0.0,0.0,0.0,0.0,0.0,0.0,46
0587_Cyclooctene.xyz,149.46087062310528,46.54158977204291,45.86573479116103,20.937115006980285,19.342731724698798,10.348526928075323,8.984302090939762,5.467462896702502,0.06686969432393568,-0.01097356481208961,-0.07986330066498988,-0.0898785146122544,-0.12466063215967835,-0.14553872007102475,-0.16367946141534373,-0.3208354914380359,-0.4055389209265848,-0.5465936354141482,-0.5491487010167208,-0.8209811424643494,-0.8321064097601802,-1.0605634378667652,0.0,0.0,0.0,0.0,0.0,0.0,0.0,0.0,0.0,0.0,0.0,0.0,0.0,0.0,0.0,0.0,0.0,0.0,0.0,0.0,0.0,0.0,0.0,0.0,0.0,0.0,0.0,0.0,0.0,0.0,0.0,0.0,0.0,0.0,46
0588_cis_Bicyclo420octane.xyz,154.60594788262352,48.42168490929664,36.90870810363132,22.355334861062474,17.08553048435527,11.58758148146106,10.092148497076426,5.786559117473221,0.10414471033305624,-0.022795465445802836,-0.087670673102486,-0.0997636914198721,-0.10773826876040415,-0.13405320410713759,-0.1493276738219511,-0.36738308070595743,-0.3798038072508686,-0.5165419768685237,-0.5856122955100111,-0.7468801965901659,-0.8452745359870975,-1.0399535823352304,0.0,0.0,0.0,0.0,0.0,0.0,0.0,0.0,0.0,0.0,0.0,0.0,0.0,0.0,0.0,0.0,0.0,0.0,0.0,0.0,0.0,0.0,0.0,0.0,0.0,0.0,0.0,0.0,0.0,0.0,0.0,0.0,0.0,0.0,46
0589_trans_Bicyclo330octane.xyz,154.39498073840997,49.513033449131996,34.44625381858984,22.89250278903989,20.016611490974622,10.314871515470502,8.206635910249984,7.055560826820758,0.12040521271282499,0.004218696930140851,-0.05306008294602934,-0.12550894025098222,-0.15568496545141058,-0.16049755812545397,-0.18762099151083955,-0.37329951843312176,-0.38621421025880115,-0.449314427698367,-0.6107947983710245,-0.8053458697219343,-0.8522143568359972,-0.9406771333190724,0.0,0.0,0.0,0.0,0.0,0.0,0.0,0.0,0.0,0.0,0.0,0.0,0.0,0.0,0.0,0.0,0.0,0.0,0.0,0.0,0.0,0.0,0.0,0.0,0.0,0.0,0.0,0.0,0.0,0.0,0.0,0.0,0.0,0.0,46
0590_Bicyclo222octane.xyz,158.57654843030087,37.661768647969,34.728543724318385,34.72716365658973,12.572898602740613,12.572271863159198,10.462579096162814,5.498954184660041,0.062258380406184546,0.062232686905404934,-0.034619398156313035,-0.11507939650985477,-0.13440871842994373,-0.1344298219247782,-0.20605539064286668,-0.2687784543541135,-0.4613073171065939,-0.46132536391377355,-0.6479068671941991,-0.7746812415098904,-0.774692048020514,-1.0470936600418965,0.0,0.0,0.0,0.0,0.0,0.0,0.0,0.0,0.0,0.0,0.0,0.0,0.0,0.0,0.0,0.0,0.0,0.0,0.0,0.0,0.0,0.0,0.0,0.0,0.0,0.0,0.0,0.0,0.0,0.0,0.0,0.0,0.0,0.0,46
0591_1_Methylbicyclo410heptane.xyz,155.013187860411,46.60740831866087,37.10488238859399,24.468431860481864,16.858736928104996,11.299820584714405,9.613680266300427,5.906498277526373,0.06648513155048508,-0.002169336772534799,-0.056151725297810595,-0.08014494115636803,-0.11097403376274494,-0.1393658745798948,-0.15738194095137403,-0.26023833148881476,-0.3862501572747637,-0.5590596582210291,-0.6668724502666037,-0.7904599915859702,-0.8718700996623566,-0.9933514799167051,0.0,0.0,0.0,0.0,0.0,0.0,0.0,0.0,0.0,0.0,0.0,0.0,0.0,0.0,0.0,0.0,0.0,0.0,0.0,0.0,0.0,0.0,0.0,0.0,0.0,0.0,0.0,0.0,0.0,0.0,0.0,0.0,0.0,0.0,46
0592_Oct_1_ene.xyz,135.55133613544297,63.060301957543714,38.95269555167313,25.184593702436615,17.402729196918134,12.176910176771264,9.147766277495808,7.102825771252541,0.10033164622831181,-0.0012854672797847442,-0.004873359430799044,-0.07486937389134869,-0.10506385972738393,-0.12144656754722342,-0.15158556915080715,-0.1755957337304385,-0.2188572879449692,-0.3564343207328909,-0.46544394377152076,-0.5807155201559495,-0.7015856955833111,-0.8267209039327806,-0.9836742282934892,-1.0464969891823062,0.0,0.0,0.0,0.0,0.0,0.0,0.0,0.0,0.0,0.0,0.0,0.0,0.0,0.0,0.0,0.0,0.0,0.0,0.0,0.0,0.0,0.0,0.0,0.0,0.0,0.0,0.0,0.0,0.0,0.0,0.0,0.0,48
0593_3Z_22_dimethylhex_3_ene.xyz,145.1789226601815,54.301024610760564,31.294800353675164,24.23593698661242,23.705089078962924,15.244412500006987,9.37789680024477,5.163730061411643,0.07303980347888038,0.0359114970550849,-0.027543331684245977,-0.053708775253007164,-0.0733954003196703,-0.1274708291868499,-0.13727491769092195,-0.1560241490267897,-0.16374915498024126,-0.22226088474198147,-0.47001352658558293,-0.708181206941707,-0.8104346772085285,-0.8133505021675128,-0.9511767217982274,-1.0313386793971504,0.0,0.0,0.0,0.0,0.0,0.0,0.0,0.0,0.0,0.0,0.0,0.0,0.0,0.0,0.0,0.0,0.0,0.0,0.0,0.0,0.0,0.0,0.0,0.0,0.0,0.0,0.0,0.0,0.0,0.0,0.0,0.0,48
0594_3_Ethyl_2_methylpent_1_ene.xyz,145.81569336874082,47.00350603377664,40.85599452359133,23.996733062690033,22.15465538372035,13.318424754741356,10.121920809497958,5.269575959134165,0.04605682777630566,0.008489355304328379,0.0035138606967020205,-0.05638965534027125,-0.07012662183343725,-0.10261331239618449,-0.11711759580814697,-0.14489630166912604,-0.18465810866228954,-0.3216611871547731,-0.5350880903153243,-0.5694218312195857,-0.7270306510335857,-0.924113897986849,-0.9315591565848371,-1.0450459342579557,0.0,0.0,0.0,0.0,0.0,0.0,0.0,0.0,0.0,0.0,0.0,0.0,0.0,0.0,0.0,0.0,0.0,0.0,0.0,0.0,0.0,0.0,0.0,0.0,0.0,0.0,0.0,0.0,0.0,0.0,0.0,0.0,48
0595_244_Trimethylpent_1_ene.xyz,147.38122440103945,53.706713049472455,26.225812662046547,24.3730433979031,21.88186487214963,21.26489549204794,7.913139158805286,5.796353386761253,0.052372561896406364,0.04414542331745727,-0.006246437670270599,-0.029592929884156068,-0.07645303480781815,-0.09457211363536489,-0.13888851740400845,-0.1541394417785434,-0.16907761787043324,-0.17421467037684701,-0.6170104775020137,-0.7337459916427963,-0.8097400048487764,-0.8136336366205866,-0.9483706554499716,-1.0090372805403853,0.0,0.0,0.0,0.0,0.0,0.0,0.0,0.0,0.0,0.0,0.0,0.0,0.0,0.0,0.0,0.0,0.0,0.0,0.0,0.0,0.0,0.0,0.0,0.0,0.0,0.0,0.0,0.0,0.0,0.0,0.0,0.0,48
0596_244_Trimethylpent_2_ene.xyz,147.01152448619774,53.540906669731314,26.08124113378486,24.214480876903128,22.283502982511045,21.938102358089772,8.66750107813152,4.729888867694574,0.05729284063786093,0.02260832927261803,0.0025337274921456688,-0.028718304744812444,-0.06190715554382321,-0.12379753600192789,-0.1316851043799837,-0.14265398697979137,-0.1606465195280276,-0.17832416764550799,-0.4726522461930866,-0.8000650806308643,-0.8101002662061427,-0.8194190876778858,-0.9444581335114537,-1.0103141659958235,0.0,0.0,0.0,0.0,0.0,0.0,0.0,0.0,0.0,0.0,0.0,0.0,0.0,0.0,0.0,0.0,0.0,0.0,0.0,0.0,0.0,0.0,0.0,0.0,0.0,0.0,0.0,0.0,0.0,0.0,0.0,0.0,48
0597_Propylcyclopentane.xyz,144.99487180895136,57.40712498533659,31.14456464547222,28.479029608926023,18.2744820380105,11.35303700248276,9.237563126632262,7.516098088677931,0.1456248726831635,0.034448375829889286,-0.06714784234002921,-0.08036360170388307,-0.08741056595489421,-0.13759328357634926,-0.16058144638116414,-0.17953666615674221,-0.19210125004744635,-0.3984822653313351,-0.4597510968234514,-0.5202814459479226,-0.6737421888659703,-0.8432794462493753,-0.9211764285804992,-1.0005554296361618,0.0,0.0,0.0,0.0,0.0,0.0,0.0,0.0,0.0,0.0,0.0,0.0,0.0,0.0,0.0,0.0,0.0,0.0,0.0,0.0,0.0,0.0,0.0,0.0,0.0,0.0,0.0,0.0,0.0,0.0,0.0,0.0,48
0598_Ethylcyclohexane.xyz,148.0810060819643,52.1143394365682,35.283464246041255,28.714116191279217,15.20181610592149,12.259019492529424,9.803731619179661,6.957389687533765,0.09873350539913461,-0.001306741308572565,-0.04417417966443846,-0.07815393645938325,-0.09802155053296847,-0.11088924651326343,-0.1503904280934582,-0.17098960944474725,-0.1880845320431737,-0.3785804281260562,-0.46558537003275274,-0.5423434558322594,-0.6749657623300109,-0.7662094007509804,-0.9357822540006948,-1.0432978758760176,0.0,0.0,0.0,0.0,0.0,0.0,0.0,0.0,0.0,0.0,0.0,0.0,0.0,0.0,0.0,0.0,0.0,0.0,0.0,0.0,0.0,0.0,0.0,0.0,0.0,0.0,0.0,0.0,0.0,0.0,0.0,0.0,48
0599_trans_12_dimethylcyclohexane.xyz,150.65852635475568,45.641878646353106,40.937210985536254,23.703137028710323,19.298630683401896,11.359039844224906,10.16844502126108,6.653658452819418,0.0834507774999771,-0.0023500072562259804,-0.04336719169280111,-0.05190362040790338,-0.10709116022426525,-0.12667493399479837,-0.14211985796006354,-0.16416414633180465,-0.18534610963903791,-0.37430444965721266,-0.3850884249839334,-0.5685311989198785,-0.7172504037456664,-0.8507452586701649,-0.8814181570924302,-1.0387812785788486,0.0,0.0,0.0,0.0,0.0,0.0,0.0,0.0,0.0,0.0,0.0,0.0,0.0,0.0,0.0,0.0,0.0,0.0,0.0,0.0,0.0,0.0,0.0,0.0,0.0,0.0,0.0,0.0,0.0,0.0,0.0,0.0,48
0600_cis_14_dimethylcyclohexane.xyz,150.6431404270503,49.14757197670586,35.106168812043734,26.53962527886671,18.480534517565108,12.319281929160274,9.790883929804227,6.371663412445233,0.10471949176100297,-0.01857139754637498,-0.03779547028720433,-0.045898920848211615,-0.07590617845311838,-0.1387327363561013,-0.1594460951133987,-0.1635065321941136,-0.16454271687321376,-0.31124621182251505,-0.466518303823894,-0.570683513399731,-0.7658400117032726,-0.7872897607019871,-0.8894780519001262,-1.0432922789716004,0.0,0.0,0.0,0.0,0.0,0.0,0.0,0.0,0.0,0.0,0.0,0.0,0.0,0.0,0.0,0.0,0.0,0.0,0.0,0.0,0.0,0.0,0.0,0.0,0.0,0.0,0.0,0.0,0.0,0.0,0.0,0.0,48
0601_trans_14_dimethylcyclohexane.xyz,149.46819842162313,50.95314029908981,35.098925754368636,26.88457818063303,17.31715284734396,12.291483344706853,9.54102977758025,6.862783085949881,0.10099719358583925,0.00020804956825916065,-0.040963430120296525,-0.042996180425090215,-0.12276565334035323,-0.12490701677938527,-0.14504583253323775,-0.16094749856151053,-0.17664977216972805,-0.3326633959938856,-0.46588006029227885,-0.5532542987035851,-0.7656002100645009,-0.7952552793968477,-0.8924334696057395,-1.0342932610555977,0.0,0.0,0.0,0.0,0.0,0.0,0.0,0.0,0.0,0.0,0.0,0.0,0.0,0.0,0.0,0.0,0.0,0.0,0.0,0.0,0.0,0.0,0.0,0.0,0.0,0.0,0.0,0.0,0.0,0.0,0.0,0.0,48
0602_Cyclooctane.xyz,148.19741117983534,46.214193534008814,45.49778790219998,21.127974366784343,20.089142342727843,10.19998622709157,9.947921012978984,7.125625638698685,0.08761716580087787,0.028051301140130807,-0.06927509797544339,-0.08230373461650943,-0.09524421844805289,-0.1298764263471333,-0.1461205088062254,-0.18224761679461077,-0.18242236210479915,-0.4155818547942965,-0.4290132429527942,-0.5778347031694149,-0.5920891127370995,-0.8421601487980205,-0.8609360902947518,-1.045763958019993,0.0,0.0,0.0,0.0,0.0,0.0,0.0,0.0,0.0,0.0,0.0,0.0,0.0,0.0,0.0,0.0,0.0,0.0,0.0,0.0,0.0,0.0,0.0,0.0,0.0,0.0,0.0,0.0,0.0,0.0,0.0,0.0,48
0603_3_Methylheptane.xyz,137.62478478545455,59.96800232427396,35.36798514607646,26.777901933044287,18.685313606883962,13.729448067044524,10.050243809853395,7.781863377168988,0.14819239046906502,0.03929874068823922,-0.019205306446402552,-0.06836605034660911,-0.07572957188223943,-0.09098295889635587,-0.1260329331986713,-0.14832728892733682,-0.16190195133827986,-0.18857217413714225,-0.24019351262398966,-0.41505068751315416,-0.5424684910898806,-0.5894816244858186,-0.7638619516522992,-0.8640448668208974,-0.976469845950411,-1.0375033702402994,0.0,0.0,0.0,0.0,0.0,0.0,0.0,0.0,0.0,0.0,0.0,0.0,0.0,0.0,0.0,0.0,0.0,0.0,0.0,0.0,0.0,0.0,0.0,0.0,0.0,0.0,0.0,0.0,0.0,0.0,50
0604_4_Methylheptane.xyz,138.15495786118615,57.94765308361606,38.55643398529382,23.293876940323514,20.834395405783162,13.202299763976285,10.240996756386092,7.755938205235665,0.1408519511453205,0.052194132964450676,-0.050538656275572025,-0.06470100981723144,-0.06845117870987417,-0.08112565778460651,-0.12840396221509326,-0.13966462027891574,-0.16366850630280852,-0.18266534067284235,-0.23773139396315499,-0.4595133177495234,-0.4686074134491619,-0.6734807215272778,-0.698200471394746,-0.8903265103124406,-0.9737115878117373,-1.033966142237906,0.0,0.0,0.0,0.0,0.0,0.0,0.0,0.0,0.0,0.0,0.0,0.0,0.0,0.0,0.0,0.0,0.0,0.0,0.0,0.0,0.0,0.0,0.0,0.0,0.0,0.0,0.0,0.0,0.0,0.0,50
0605_22_Dimethylhexane.xyz,141.94643980166245,57.87129832331996,28.876917396732733,24.11976687210293,24.102220778755072,15.696401979914915,10.437910551789018,6.931603488854716,0.13232581448173883,0.04006736201623973,0.0022995521464212617,-0.03228124174476656,-0.07007365809848061,-0.09411200889198715,-0.12797606969674952,-0.13581427178008823,-0.14747286715010882,-0.18050322662731177,-0.19309562386679963,-0.3828293787226713,-0.5749995766278027,-0.759561570714782,-0.8089505192751821,-0.8102803054140599,-0.9480684920910776,-1.0263915156668524,0.0,0.0,0.0,0.0,0.0,0.0,0.0,0.0,0.0,0.0,0.0,0.0,0.0,0.0,0.0,0.0,0.0,0.0,0.0,0.0,0.0,0.0,0.0,0.0,0.0,0.0,0.0,0.0,0.0,0.0,50
0606_25_Dimethylhexane.xyz,139.52609973561226,60.73860065065233,29.11023759084911,24.996063424110968,23.356905511244808,15.330799935636223,9.23124896930115,7.699880672504416,0.10879905081456373,0.02533968218965607,-0.007359606200094648,-0.03912283280168818,-0.05243370407560854,-0.11742774558351189,-0.12926019539218314,-0.13644610210315325,-0.1579982369171273,-0.1707255314201515,-0.22966960677761053,-0.321886071386742,-0.5414032062095827,-0.7505039264264984,-0.8068141086180678,-0.8113274099826746,-0.9538330263942479,-1.032922317219033,0.0,0.0,0.0,0.0,0.0,0.0,0.0,0.0,0.0,0.0,0.0,0.0,0.0,0.0,0.0,0.0,0.0,0.0,0.0,0.0,0.0,0.0,0.0,0.0,0.0,0.0,0.0,0.0,0.0,0.0,50
0607_Cyclopropylbenzene.xyz,162.58515786504415,63.16042494727108,35.73087977778924,31.942655351652938,14.187281617170976,14.039128200893332,9.605651608391089,7.2163996817583325,2.704958882356428,0.0423461480741066,-0.09232072756756933,-0.1230231630565039,-0.2532506388916122,-0.29954730712135963,-0.4501102015358869,-0.5957561411345637,-0.6916689364370162,-0.8446091486091041,-1.1416510212145625,0.0,0.0,0.0,0.0,0.0,0.0,0.0,0.0,0.0,0.0,0.0,0.0,0.0,0.0,0.0,0.0,0.0,0.0,0.0,0.0,0.0,0.0,0.0,0.0,0.0,0.0,0.0,0.0,0.0,0.0,0.0,0.0,0.0,0.0,0.0,0.0,0.0,46
0608_135_Trimethylbenzene.xyz,163.09826760581836,48.541229394983596,48.540575644183384,24.157377671913174,20.520835468433408,20.52023624604804,7.341208526194771,7.340981424427899,2.5000471077599506,-0.05301747931766408,-0.06436912370594003,-0.06441343835922576,-0.07520586673234554,-0.07524662114442775,-0.08372743242392156,-0.4461893861316849,-0.4462385544006624,-0.6415647985226461,-0.8755080664698435,-0.8755308803854807,-1.1368006473352161,0.0,0.0,0.0,0.0,0.0,0.0,0.0,0.0,0.0,0.0,0.0,0.0,0.0,0.0,0.0,0.0,0.0,0.0,0.0,0.0,0.0,0.0,0.0,0.0,0.0,0.0,0.0,0.0,0.0,0.0,0.0,0.0,0.0,0.0,0.0,48
0609_5Z_5_ethylidenebicyclo221hept_2_ene.xyz,167.98738192708396,53.962015400819354,33.523887777805236,27.967050376063586,24.832450112568313,14.291476629714008,8.863105326530922,6.762852854057478,4.235335290889098,-0.025345788993597507,-0.03425000171370828,-0.0726985195443981,-0.10929886162122514,-0.11860207109982562,-0.3182424801661592,-0.3644303207697763,-0.39888550914193466,-0.6459748374630171,-0.7840663007007405,-0.8388853165920218,-0.9919288928920613,0.0,0.0,0.0,0.0,0.0,0.0,0.0,0.0,0.0,0.0,0.0,0.0,0.0,0.0,0.0,0.0,0.0,0.0,0.0,0.0,0.0,0.0,0.0,0.0,0.0,0.0,0.0,0.0,0.0,0.0,0.0,0.0,0.0,0.0,0.0,48
0610_11_Bicyclopropane.xyz,127.69620627323857,49.02081718226033,16.88162239488149,14.971803227721196,13.40638566024377,7.955080971627549,0.05587367196411331,-0.003651423496140158,-0.11873511768088657,-0.1282730984785465,-0.17764735231847847,-0.3641689078665204,-0.5869613156295937,-0.7880341210074518,-0.833272453519677,-0.8384143953840341,0.0,0.0,0.0,0.0,0.0,0.0,0.0,0.0,0.0,0.0,0.0,0.0,0.0,0.0,0.0,0.0,0.0,0.0,0.0,0.0,0.0,0.0,0.0,0.0,0.0,0.0,0.0,0.0,0.0,0.0,0.0,0.0,0.0,0.0,0.0,0.0,0.0,0.0,0.0,0.0,34
0611_1R2S12diethenylcyclobutane.xyz,148.39186387866596,50.73458591065211,42.33713652641962,20.047499848673798,19.506851412463703,10.763907468665913,8.568923191232578,5.285279822914609,0.03163856815333733,-0.0422040124963403,-0.04850494619252537,-0.12601586665719844,-0.14554953609931676,-0.31463135151947647,-0.3346662679831021,-0.4932973245916548,-0.5233598476255125,-0.823161927528294,-0.9060828329766916,-1.0453711187640136,0.0,0.0,0.0,0.0,0.0,0.0,0.0,0.0,0.0,0.0,0.0,0.0,0.0,0.0,0.0,0.0,0.0,0.0,0.0,0.0,0.0,0.0,0.0,0.0,0.0,0.0,0.0,0.0,0.0,0.0,0.0,0.0,0.0,0.0,0.0,0.0,44
0612_1S2S_12_diethenylcyclobutane.xyz,147.22837052410438,52.09452075065689,42.580194630564264,19.969160249995017,19.407194149191444,10.76988838090375,7.691021214478375,5.922926027436025,0.008296815141233115,-0.040478337230026286,-0.04447794571108679,-0.12905901942514386,-0.15636072833666598,-0.3027188763348599,-0.3711743471314954,-0.4600739574246861,-0.5272239438792026,-0.8214588186744172,-0.9117203775462397,-1.0419847953700594,0.0,0.0,0.0,0.0,0.0,0.0,0.0,0.0,0.0,0.0,0.0,0.0,0.0,0.0,0.0,0.0,0.0,0.0,0.0,0.0,0.0,0.0,0.0,0.0,0.0,0.0,0.0,0.0,0.0,0.0,0.0,0.0,0.0,0.0,0.0,0.0,44
0613_1R2R1ethyl2methylcyclopentane.xyz,149.1137888588499,48.37029017109773,38.3134776578713,24.718374875765882,19.100809065117172,13.104605452034448,8.717385166649146,6.973670176885944,0.09947751817611236,0.004569998927938713,-0.04404581504081362,-0.06424322436101416,-0.0800408444279535,-0.12239465639208841,-0.15029144811581455,-0.17893682135091288,-0.1979696479936152,-0.37361271322707473,-0.41722336290815487,-0.5485339053610843,-0.6797368428167765,-0.8635791999184927,-0.9379164229396327,-0.9930824411146135,0.0,0.0,0.0,0.0,0.0,0.0,0.0,0.0,0.0,0.0,0.0,0.0,0.0,0.0,0.0,0.0,0.0,0.0,0.0,0.0,0.0,0.0,0.0,0.0,0.0,0.0,0.0,0.0,0.0,0.0,0.0,0.0,48
0614_5_Methylidenecyclopenta_13_diene.xyz,152.3361887856821,54.817233503603745,30.537675629714354,23.55840845021943,23.041667423456424,10.587517306836157,5.903080767897447,3.133920178323165,-0.002181958268752506,-0.018150090478156355,-0.09568356013550279,-0.1374437852940889,-0.1686020743965022,-0.32103992047671454,-0.6492473745246747,-0.8068309340941279,-0.8499812260734069,-1.0016895265834849,0.0,0.0,0.0,0.0,0.0,0.0,0.0,0.0,0.0,0.0,0.0,0.0,0.0,0.0,0.0,0.0,0.0,0.0,0.0,0.0,0.0,0.0,0.0,0.0,0.0,0.0,0.0,0.0,0.0,0.0,0.0,0.0,0.0,0.0,0.0,0.0,0.0,0.0,42
0615_Propylcyclohexane.xyz,156.8283244401806,58.19050513679904,35.33549874147584,34.27114289545884,21.565227520256293,12.820428496249207,12.05331721839654,9.319710168894353,6.573133876485446,0.11857926965202743,0.0077270077930912924,-0.03643499780159294,-0.06632944351123014,-0.08650548500081402,-0.11028842809806878,-0.11988783216216897,-0.14297973625104038,-0.15856771327861008,-0.19832508670064625,-0.3640574393002187,-0.44898852236236025,-0.47156476666060887,-0.6193424212740458,-0.7572211293007174,-0.7679662028550908,-0.9725704190583238,-1.0396183531921943,0.0,0.0,0.0,0.0,0.0,0.0,0.0,0.0,0.0,0.0,0.0,0.0,0.0,0.0,0.0,0.0,0.0,0.0,0.0,0.0,0.0,0.0,0.0,0.0,0.0,0.0,0.0,0.0,0.0,54
0616_Butylcyclohexane.xyz,163.32615174174742,65.01008660506798,40.57493255092175,35.21618177014194,25.704237886194875,16.43392445659963,12.456372281209145,11.227950668203993,9.015648156361815,6.56130239083254,0.13753749174620425,0.03375586250752161,-0.042522558461233574,-0.06681086753570384,-0.07312307997915679,-0.1034530353955744,-0.11003744459431662,-0.13759701614636663,-0.14899263861975795,-0.15972960291718022,-0.1840324904847445,-0.36424171157493035,-0.42339391408381855,-0.4655504680131371,-0.5523019639632998,-0.6771009142687562,-0.7674873912307111,-0.8132963683591943,-0.987256237494255,-1.0401021641532673,0.0,0.0,0.0,0.0,0.0,0.0,0.0,0.0,0.0,0.0,0.0,0.0,0.0,0.0,0.0,0.0,0.0,0.0,0.0,0.0,0.0,0.0,0.0,0.0,0.0,0.0,60
0617_Heptylcyclohexane.xyz,173.19430395913105,89.31159120365649,55.31724780646054,38.4512132401636,35.12866342485659,27.470956166268916,19.34099688282548,14.10614776274609,12.31331894294372,10.987885446445944,9.546363871777546,9.109083828588908,6.949852795762744,0.19858428545664375,0.0864332338568833,0.01886168090112848,-0.054802104626131096,-0.06893243630003924,-0.08341367549954758,-0.10007119938595331,-0.11399001401328196,-0.11643536992086503,-0.14471832199472445,-0.1525748202466948,-0.16762398175385937,-0.1799012734943278,-0.19303655368330536,-0.323288879399813,-0.3788249534168332,-0.45691535730168337,-0.46972374141409706,-0.553501879536747,-0.6259517965361182,-0.6793455472056913,-0.765195783955633,-0.7850642945387716,-0.913989793894214,-1.0099306336642633,-1.038904527522612,0.0,0.0,0.0,0.0,0.0,0.0,0.0,0.0,0.0,0.0,0.0,0.0,0.0,0.0,0.0,0.0,0.0,78
0618_Decyclcyclohexane.xyz,193.46852472951252,97.70368936433309,64.46335381050446,48.32863784311171,36.94590636795713,35.21703283472479,28.453082141205794,23.03398866783596,17.602887367588746,14.00719468150021,12.472641619354638,11.721659984202795,9.882579626620892,8.771288190809306,8.295297366906729,6.560499403699507,0.13817096638082946,0.09743479286998204,0.05028204565754832,-0.012172863079257606,-0.054321312848864496,-0.06834012660292535,-0.0760041199860536,-0.0811288781057749,-0.10417781819420084,-0.1135131470910731,-0.1199778263293187,-0.12889866532520008,-0.14052952112315342,-0.1537584016807986,-0.16030653295154426,-0.17604724369004557,-0.18592892508964526,-0.2974020488147676,-0.3645387297018555,-0.4018619981276454,-0.4653769792192615,-0.486693280873026,-0.5243197044600477,-0.5692796269582109,-0.6278421302199917,-0.7083964618658156,-0.767399268760873,-0.7879620601740408,-0.8793134156110625,-0.9645539672002272,-1.02501793688697,-1.0394056229900692,0.0,0.0,0.0,0.0,0.0,0.0,0.0,0.0,96
0619_Dodecylcyclohexane.xyz,202.33063790118916,103.84115914938005,72.83588678695926,53.664988474672704,43.024669820097635,35.22997585987341,32.76536184933403,27.2418283353534,22.178241035554137,18.074614979224446,15.215120122376014,12.581802720368897,12.011118222218391,10.304542720184642,9.371497649585228,8.604738488261201,8.222166030967399,6.559832548526245,0.14039023741676476,0.10589145575985404,0.061407391093991445,0.0012523484907939594,-0.017421007633256387,-0.0541524230509182,-0.07396260703384729,-0.07695198255225039,-0.0818643582974243,-0.10172003251477747,-0.10710897117687306,-0.11869309015391745,-0.1306920494555032,-0.1403820106201454,-0.15198555679101272,-0.15974959119261184,-0.1613098232238592,-0.17945406053940313,-0.19063972276235336,-0.28158630265755574,-0.36444225028662397,-0.36815158749183796,-0.4395842593474724,-0.4654816703278404,-0.4932726171284535,-0.5405193937275612,-0.5846643310949441,-0.6278897045511186,-0.6966899675390722,-0.747287995643082,-0.7676479960411905,-0.8243888929194089,-0.9181087412195035,-0.9845782668476128,-1.030271413983437,-1.0405778594156798,0.0,0.0,108
0620_11_Dimethylcyclohexane.xyz,152.5522136544153,47.0617978571827,35.147343987006266,24.07090591591463,20.852846007344656,12.325641848595994,10.22243232237419,6.177628221728813,0.07715379348338718,0.03168547501909117,0.02277981083097823,-0.09735386158792608,-0.09866795604836538,-0.14056781609549399,-0.14314237311132855,-0.15860757148435278,-0.16220725525636345,-0.3006597496040126,-0.4658961913728648,-0.6286383603094718,-0.7661397191881171,-0.8091859007712348,-0.8710194921693981,-1.035501051489642,0.0,0.0,0.0,0.0,0.0,0.0,0.0,0.0,0.0,0.0,0.0,0.0,0.0,0.0,0.0,0.0,0.0,0.0,0.0,0.0,0.0,0.0,0.0,0.0,0.0,0.0,0.0,0.0,0.0,0.0,0.0,0.0,48
0621_1_Methyl_4_propan_2_ylcyclohexnane.xyz,169.5581177336831,60.4257725244007,35.85794115333892,34.461277127579415,23.25192364951633,22.107856669996096,13.384996530457743,12.24908573251071,8.51447395880345,5.727513753973286,0.0914310314365936,0.029832074609792036,-0.015505262244954299,-0.035563812639576975,-0.05852894456637383,-0.07263530172173123,-0.11754634658304569,-0.13114819118651652,-0.16108064813243309,-0.17123888745190682,-0.19408850896029495,-0.29218056572145057,-0.373863104542937,-0.47369430611536856,-0.5939500006485033,-0.7656670078545353,-0.8121402570181228,-0.8139873916136477,-0.9508587991753444,-1.0454926098700172,0.0,0.0,0.0,0.0,0.0,0.0,0.0,0.0,0.0,0.0,0.0,0.0,0.0,0.0,0.0,0.0,0.0,0.0,0.0,0.0,0.0,0.0,0.0,0.0,0.0,0.0,60
0622_1a3a5a_135_Trimethylcyclohexane.xyz,159.41684118216233,48.47173299030314,48.470179990074726,23.272402251550332,20.674344744067294,20.673711845048526,9.62065132746867,9.620417539235488,6.7571226013799475,0.13606823044341929,-0.005751262233135336,-0.005782280674537292,-0.07466049301055701,-0.07467791221347873,-0.08243667367586825,-0.13726181451306282,-0.16501805384908255,-0.16507911231514408,-0.1654096351669656,-0.3458173453872008,-0.3459168361177484,-0.6436791229033533,-0.6437513332995877,-0.7232004712588015,-0.89415421814214,-0.8941692999076155,-1.0237600422321653,0.0,0.0,0.0,0.0,0.0,0.0,0.0,0.0,0.0,0.0,0.0,0.0,0.0,0.0,0.0,0.0,0.0,0.0,0.0,0.0,0.0,0.0,0.0,0.0,0.0,0.0,0.0,0.0,0.0,54
0623_11_bicyclohexane.xyz,184.1102708143929,77.77291563907335,40.561233353274496,35.95473802069311,34.05212920971536,25.51187100570296,14.559538519538862,12.65894251371209,12.274659389640778,10.175753436797761,7.703070633532148,5.746363151500835,0.11031894219553538,0.07853511223257899,-0.03671137778086403,-0.059895208344590625,-0.0707880045283633,-0.10448526755707584,-0.11070901808937113,-0.1220793850383684,-0.1481964217481772,-0.16915184837662384,-0.17924110997839005,-0.307736448059745,-0.35641550575114284,-0.44587773316959783,-0.4590812601564101,-0.47796069979800626,-0.6221504229410361,-0.7310141724829621,-0.764131110993693,-0.7686471289321104,-0.9862220190906398,-1.052583206074488,0.0,0.0,0.0,0.0,0.0,0.0,0.0,0.0,0.0,0.0,0.0,0.0,0.0,0.0,0.0,0.0,0.0,0.0,0.0,0.0,0.0,0.0,70
0624_4S_1_methyl_4_prop_1_en_2_ylcyclohex_1_ene.xyz,171.09758887804213,60.90075003445577,37.3553325582207,35.062050084927584,23.767543186922655,20.74849657680602,12.326472281308591,11.426554520255806,5.75650458355829,4.103691929496215,0.05146741361008275,0.0032613318778657242,-0.019642948652599822,-0.061398428455772494,-0.08335290026570064,-0.1113787998048972,-0.15457617946487304,-0.1768033359508258,-0.24049620760756463,-0.38412981632570664,-0.5208053442511017,-0.7167779621673065,-0.7237705684537099,-0.8132931255883874,-0.9522349448589711,-1.060000823374858,0.0,0.0,0.0,0.0,0.0,0.0,0.0,0.0,0.0,0.0,0.0,0.0,0.0,0.0,0.0,0.0,0.0,0.0,0.0,0.0,0.0,0.0,0.0,0.0,0.0,0.0,0.0,0.0,0.0,0.0,56
0625_Cyclononane.xyz,156.08680445194432,51.45871497718667,50.802743938019624,24.278916036115014,23.66284051139058,12.62426492555944,11.902106753564928,8.486093042092088,7.715387788405049,0.07709592527334713,0.029777807407825495,-0.053378704119322704,-0.06263446559161552,-0.09120661600667661,-0.10448704207929764,-0.12551438982507315,-0.16764363256623832,-0.18243896459872247,-0.19325503727316007,-0.4125860460629434,-0.42088947313660346,-0.5430619492176375,-0.5519362371981472,-0.7523486295908675,-0.755626091444348,-0.9813904895319782,-1.0034015938827527,0.0,0.0,0.0,0.0,0.0,0.0,0.0,0.0,0.0,0.0,0.0,0.0,0.0,0.0,0.0,0.0,0.0,0.0,0.0,0.0,0.0,0.0,0.0,0.0,0.0,0.0,0.0,0.0,0.0,54
0626_Cyclodecane.xyz,163.9734826007603,59.69763278398175,51.429477224034436,27.966612777216895,27.269001182753083,14.490881696159185,14.336852601419283,9.262677608731893,8.712512976915965,8.491779808962352,0.13479812913318662,0.021212460204365395,-0.04427919702872679,-0.06736481464069152,-0.07438901957535986,-0.11043042613091246,-0.136004834563534,-0.1484776054251192,-0.16134203972921843,-0.16620452864736088,-0.22878042546133376,-0.36896164808402176,-0.44148623343592286,-0.5204050679132942,-0.533786058393627,-0.6730238499886716,-0.6905116390595015,-0.9018107601326466,-0.9142504743905064,-1.0243612334128531,0.0,0.0,0.0,0.0,0.0,0.0,0.0,0.0,0.0,0.0,0.0,0.0,0.0,0.0,0.0,0.0,0.0,0.0,0.0,0.0,0.0,0.0,0.0,0.0,0.0,0.0,60
0627_Cycloundecane.xyz,171.96628549788727,61.680666578079375,57.67293558818954,30.779318569712782,29.738735241316604,18.30998650702405,16.9308645648117,11.043679308925064,10.549803232068552,8.046793437928187,7.463621126857558,0.13826221902955277,0.028036906408908237,-0.04173380949590754,-0.05251444135411058,-0.06464422171765258,-0.08281273098148156,-0.09003078969260375,-0.12929407789297376,-0.14548441565672102,-0.1759433967349648,-0.18458094427245522,-0.20020012127208298,-0.3840495053076742,-0.4289909224491622,-0.49475120684836743,-0.5294915770201262,-0.5966890977858412,-0.6382673836009805,-0.8075478832864813,-0.8369451144425746,-1.007386659206154,-1.0184732855354823,0.0,0.0,0.0,0.0,0.0,0.0,0.0,0.0,0.0,0.0,0.0,0.0,0.0,0.0,0.0,0.0,0.0,0.0,0.0,0.0,0.0,0.0,0.0,66
0628_Cyclododecane.xyz,178.61661776746098,68.66621470069622,58.17304449420361,34.733147894675795,33.456945162322135,19.992389400077855,19.36899822685973,12.84240979374162,11.729793869805109,8.888347758726914,8.622800868480184,7.676773481670909,0.18172932565006855,0.03576193496616203,-0.02134228660977967,-0.04669704269565283,-0.0566950179126924,-0.08353256645440876,-0.10734696091116931,-0.12749549028299084,-0.1473586791002522,-0.1633052109002239,-0.17009164266969193,-0.18798705989977718,-0.20196089417675536,-0.3506975089860978,-0.4347079780836504,-0.485332590735502,-0.5014153187384154,-0.5892977069001618,-0.6024148972470618,-0.7235316823170158,-0.7640260550278505,-0.9366448631707898,-0.953547065769936,-1.0322837676360503,0.0,0.0,0.0,0.0,0.0,0.0,0.0,0.0,0.0,0.0,0.0,0.0,0.0,0.0,0.0,0.0,0.0,0.0,0.0,0.0,72
0629_Cyclotridecane.xyz,183.68678497647807,71.51362146500895,65.12004524976398,37.3465414868087,36.22678008232056,22.462920633843016,21.63741682292417,13.841707336988605,13.723265479222139,10.099252158057029,9.311403942092223,8.482552860544072,7.901805159218513,0.18603136234645928,0.0402305447769825,-0.010230407190808378,-0.04302838869139778,-0.06596920612780471,-0.06929461401225856,-0.09353104613104848,-0.10948556416181984,-0.12975281577508,-0.13756002166611886,-0.167944375319339,-0.17795793594054155,-0.19330989683942196,-0.20157379718083912,-0.3539156917105212,-0.39855503918723123,-0.4754604934925187,-0.5005238354648138,-0.5643525188936921,-0.5772910364840983,-0.6942011364876698,-0.700478019765483,-0.8575825579875972,-0.8746243788917224,-1.005761993376765,-1.022607197077695,0.0,0.0,0.0,0.0,0.0,0.0,0.0,0.0,0.0,0.0,0.0,0.0,0.0,0.0,0.0,0.0,0.0,78
0630_Cyclotetradecane.xyz,188.4734504053228,74.95958476385886,70.31877636557545,41.69064706032497,37.91619971687732,24.07325493362835,23.953285570479437,16.559528047758054,15.138068662982413,10.876772986843745,10.440716148417465,8.81365609761439,8.707002199236141,8.015318039231177,0.15019415317074908,0.1396270308930127,-0.002269292831286703,-0.008012760346986676,-0.07036773427018667,-0.07921469265977361,-0.10764518623712183,-0.10989990558855,-0.1337311154421827,-0.14547553550498557,-0.15698987189105912,-0.16793375257439977,-0.17106796997170415,-0.18169758141295586,-0.1904303369059717,-0.3590929726194985,-0.3929582900418895,-0.4451705767036579,-0.5091803934465101,-0.5567038934902928,-0.56051740056212,-0.6235349808760858,-0.6672068861093371,-0.8079442830373286,-0.8114837768176258,-0.9535331692899115,-0.966511234376162,-1.0340357972434102,0.0,0.0,0.0,0.0,0.0,0.0,0.0,0.0,0.0,0.0,0.0,0.0,0.0,0.0,84
0631_Cyclopentadecane.xyz,195.27091720412824,76.00958931881085,75.57348831046536,43.05596053740773,41.365210794718834,26.893770524529273,25.848665325547394,17.945038879542146,17.47972154426974,12.708365865612839,12.183300577453892,9.460421063289028,8.956598946674427,8.19736067011399,7.531909852759582,0.16945822047214387,0.07753725420187546,0.020494771485246314,-0.034117952568372044,-0.03731292709769351,-0.06905327249290667,-0.07921311690003653,-0.0953206110326859,-0.11492316676549234,-0.12766053113701253,-0.1341978365042399,-0.15191071999542283,-0.1708855889103401,-0.1773372863662034,-0.1808415733008893,-0.18947044716140166,-0.35751371236415663,-0.3598757733457952,-0.459035541822784,-0.48070274599627766,-0.5276984860313304,-0.5476842976756043,-0.6095525290750587,-0.6163356440991188,-0.7334332623658366,-0.7518668309119413,-0.9048976245924445,-0.9117269847374977,-1.022356721946862,-1.0313064848960762,0.0,0.0,0.0,0.0,0.0,0.0,0.0,0.0,0.0,0.0,0.0,90
0632_Cyclohexadecane.xyz,199.67989586691857,79.99401931474098,78.4232437934226,46.89877682356392,43.769431654140874,29.080673596724587,28.587842281470778,19.708400160929777,19.31670378429614,13.5384890899202,13.30981744680896,10.343832976561592,9.554685398263295,8.624496367411936,8.345357874098097,7.863991851425152,0.15099162088002682,0.11822320549648672,0.0531869337500948,0.013089038079758407,-0.06480748666735632,-0.06757363298290413,-0.08450364827955192,-0.08937114623701589,-0.1091742172348715,-0.11531676492322403,-0.13318837861313096,-0.14507321300785114,-0.16460076427353967,-0.17077311739372664,-0.17685999720158418,-0.18399897677826554,-0.1952203575869388,-0.3458536871699741,-0.3493066051773417,-0.43230476836366055,-0.47450488813533775,-0.5220604863095817,-0.5315551489906264,-0.58408967310754,-0.5966930767777793,-0.7028260582069863,-0.7105392114787291,-0.840636703819933,-0.8549750536502575,-0.9749930521025211,-0.9861340983028868,-1.0385316753153533,0.0,0.0,0.0,0.0,0.0,0.0,0.0,0.0,96
0633_Cycloheptadecane.xyz,205.36670387458872,84.07849714797405,80.50295612123078,48.838570835004084,46.1657295622104,31.005670444241854,30.558513643598857,22.491415482965163,20.531718501899125,15.94819714439535,14.840071992825804,11.366013171307078,10.663277370044547,8.713345406504908,8.67328284752891,8.425890735802662,7.421612003564988,0.19397685315280594,0.07438596081559927,0.0416336633720481,-0.020581467103189404,-0.03254945849910334,-0.05705083179822211,-0.0704866217857117,-0.07706213117795535,-0.08161623489961886,-0.09585931511369673,-0.13052736731322181,-0.1396024250023998,-0.15259561129914348,-0.1612012455653877,-0.16815048775833996,-0.17809782515738914,-0.18135479485789746,-0.1914724913843905,-0.3319848513514383,-0.3504843610485265,-0.42411162180922146,-0.4597033982370047,-0.50832771436227,-0.5178319322534447,-0.54893649921463,-0.5919170027775659,-0.6482582279864435,-0.6770112791035414,-0.7945408115216454,-0.8020559982803661,-0.932804506513775,-0.9345683162518404,-1.0154581184565867,-1.037471424902773,0.0,0.0,0.0,0.0,0.0,102
0634_1E5E9Z_cyclododeca_159_triene.xyz,180.6153088350477,67.31993164452493,63.451891615900806,34.364720846352604,33.30510380099128,20.69040361795436,17.677468963266325,11.852665458102244,11.045863910884163,6.472182736159957,6.276480664536977,5.337369151309674,0.02421028468481545,-0.056011394829331894,-0.07468070477355904,-0.08023703398358599,-0.09252660222889755,-0.11024165773743884,-0.13399979738951412,-0.23603548924318496,-0.271370535362285,-0.4060265858511201,-0.4250859229227621,-0.4825332394129011,-0.5117206167771493,-0.6604170962003871,-0.6798138378186507,-0.9188686335533065,-0.9267377185577632,-1.0700322699627285,0.0,0.0,0.0,0.0,0.0,0.0,0.0,0.0,0.0,0.0,0.0,0.0,0.0,0.0,0.0,0.0,0.0,0.0,0.0,0.0,0.0,0.0,0.0,0.0,0.0,0.0,66
0635_1E5E9E_cyclododeca_159_triene.xyz,182.0863289766782,65.60357076736085,63.89291246853739,33.88517273634363,33.17563521114453,20.563959485353973,18.582145392930727,11.574428659793593,11.071713124244223,6.324236821032154,6.2849899130418105,5.36525979383453,-0.014815266767783124,-0.03980713984385253,-0.053747745262164734,-0.08877779133318163,-0.106908653263846,-0.11145797545924689,-0.13275780210186894,-0.26001247438685854,-0.2728830201790117,-0.4051160319288102,-0.4096328652144291,-0.48341323620880366,-0.49607334030902556,-0.6606114886250803,-0.6677596066568982,-0.9139531465397064,-0.9248024396852845,-1.0705609334183934,0.0,0.0,0.0,0.0,0.0,0.0,0.0,0.0,0.0,0.0,0.0,0.0,0.0,0.0,0.0,0.0,0.0,0.0,0.0,0.0,0.0,0.0,0.0,0.0,0.0,0.0,66
0636_Cyclotetradeca_18_diyne.xyz,194.73999406938947,77.63544994907853,64.05979644619318,42.52680477667572,38.75600324162457,25.893332668325264,25.227980927017,16.627942974339682,14.70824732890975,10.861366662511436,9.356918075103277,8.27288142637338,2.394309508344541,2.361741652718057,0.036803708956765636,0.020832105310729043,-0.03363247706738695,-0.04772987635260397,-0.09503645140990681,-0.1011012210329759,-0.10723557847048712,-0.11680581169006195,-0.14994914740821158,-0.16568419795312075,-0.274847635140683,-0.35631851784686247,-0.4848381677799782,-0.5182152932585028,-0.5909488951722882,-0.6767664546479857,-0.7827213734943899,-0.9503560926661424,-0.9566023887914552,-1.058143148724972,0.0,0.0,0.0,0.0,0.0,0.0,0.0,0.0,0.0,0.0,0.0,0.0,0.0,0.0,0.0,0.0,0.0,0.0,0.0,0.0,0.0,0.0,76
0637_Cyclopenta24dien1ylidenephenylmethylbenzene.xyz,235.7995772976975,88.93956839654477,83.8851026084852,47.20563489917572,35.84356660301298,35.335937543625356,31.31959863249344,27.901937404100067,25.708452181193696,15.09463633133808,9.6185511691708,9.587049778415107,9.068304226715467,7.618815641469831,5.906098418752766,4.118230520904872,3.049915917609859,1.6134222705891468,-0.08530216646403138,-0.12726285201524812,-0.17148270314097983,-0.24021683518190035,-0.25934811237738653,-0.3094616383606992,-0.4621377611550032,-0.4871506222748393,-0.5987878483310994,-0.6010105007090625,-0.7036180245402511,-0.8454208394381176,-1.088506549453576,-1.1887997981855012,0.0,0.0,0.0,0.0,0.0,0.0,0.0,0.0,0.0,0.0,0.0,0.0,0.0,0.0,0.0,0.0,0.0,0.0,0.0,0.0,0.0,0.0,0.0,0.0,86
0638_Cubane.xyz,169.94865888800746,31.020057123383616,31.019989583362882,31.019738782564914,11.580264883377339,11.580031450475117,11.579769305762595,4.404646883330021,0.04404345223396523,-0.28246020446289305,-0.28246366116626054,-0.28246585452319445,-0.5166042226946058,-0.5166104043633468,-0.5166173420054282,-0.9351370678748148,0.0,0.0,0.0,0.0,0.0,0.0,0.0,0.0,0.0,0.0,0.0,0.0,0.0,0.0,0.0,0.0,0.0,0.0,0.0,0.0,0.0,0.0,0.0,0.0,0.0,0.0,0.0,0.0,0.0,0.0,0.0,0.0,0.0,0.0,0.0,0.0,0.0,0.0,0.0,0.0,40
0639_cis_bicyclo330octane.xyz,154.52775359455075,49.59616497650814,34.67764319432295,23.118204388723086,19.2847212273126,9.885470110544121,8.927931015718071,6.801844119895942,0.13889699302455452,-0.024914108393041052,-0.0633317613765241,-0.09577248110488751,-0.13643252778135848,-0.1514530934002226,-0.15272093791241756,-0.38311707291226565,-0.4012967249292214,-0.4393877535351258,-0.6225029897379892,-0.8166505352281558,-0.8653669012725647,-0.9408411376089617,0.0,0.0,0.0,0.0,0.0,0.0,0.0,0.0,0.0,0.0,0.0,0.0,0.0,0.0,0.0,0.0,0.0,0.0,0.0,0.0,0.0,0.0,0.0,0.0,0.0,0.0,0.0,0.0,0.0,0.0,0.0,0.0,0.0,0.0,46
0640_14_Dimethylbicyclo221heptane.xyz,169.5990720340759,47.036360091689005,34.57103163905733,29.090828916016854,22.20082501954655,17.105851800079584,12.552183005362014,7.086253718593534,6.153442094460122,0.08999230626840808,0.06633006245459433,-0.050396353266296344,-0.06300238521088648,-0.09357652211853161,-0.12883498522321568,-0.14075315192567317,-0.14803476402262106,-0.19871330858425812,-0.4558811542787205,-0.4728726270116014,-0.6620000229128818,-0.7813549741995337,-0.7954457739225058,-0.8872963876970978,-0.9510614823964931,0.0,0.0,0.0,0.0,0.0,0.0,0.0,0.0,0.0,0.0,0.0,0.0,0.0,0.0,0.0,0.0,0.0,0.0,0.0,0.0,0.0,0.0,0.0,0.0,0.0,0.0,0.0,0.0,0.0,0.0,0.0,52
0641_trans_23_dimethylbicyclo221heptane.xyz,168.70809025257063,44.92164864070507,39.26918908335109,28.037207207917188,23.192899467618794,16.462429383651163,10.747389127184606,7.884029833565419,6.191305482977551,0.060459310218277634,-0.003315764958086479,-0.029223091808003872,-0.07990905317084537,-0.08905134839121646,-0.10368669859044477,-0.1464060367988289,-0.1727366440086,-0.3016542406022434,-0.35400137798669934,-0.4938925662520922,-0.5103285987120906,-0.7677747760376704,-0.8443889436988422,-0.8779740311596758,-0.9773578227509432,0.0,0.0,0.0,0.0,0.0,0.0,0.0,0.0,0.0,0.0,0.0,0.0,0.0,0.0,0.0,0.0,0.0,0.0,0.0,0.0,0.0,0.0,0.0,0.0,0.0,0.0,0.0,0.0,0.0,0.0,0.0,52
0642_22_Dimethyl_3_methylidenebicyclo221heptane.xyz,180.99571870346847,49.082385698456136,41.591199885459446,29.2677292968342,23.032804409815114,22.323654741540057,14.62528019799668,9.811837367535027,7.494640710904349,4.231861221359791,0.07296589645204772,0.04206839820495767,-0.03162416978511132,-0.07128709929139924,-0.10236990326437356,-0.1323074027232895,-0.15599341374816236,-0.18596886090753223,-0.20278238600157003,-0.3833603995613645,-0.5101020466170224,-0.7287875581320516,-0.8145895748346675,-0.8253441696757292,-0.8642862845208499,-0.9822912647034941,0.0,0.0,0.0,0.0,0.0,0.0,0.0,0.0,0.0,0.0,0.0,0.0,0.0,0.0,0.0,0.0,0.0,0.0,0.0,0.0,0.0,0.0,0.0,0.0,0.0,0.0,0.0,0.0,0.0,0.0,56
0643_Tricyclo521026decane.xyz,180.441559903278,57.889587351635946,36.25852101292675,28.328056909936024,23.7823889837806,21.783399933047946,10.235657467805494,9.886939553118149,7.647752499205811,6.14788096858875,0.08174836076322928,0.04187904681404228,-0.04295017131165077,-0.10413123176954332,-0.10600862347112273,-0.15145478027412795,-0.1559388757482817,-0.29862063672194616,-0.31857669856882403,-0.42612556103720894,-0.48689859984054584,-0.5097932285152842,-0.7376095646395089,-0.7874729756522613,-0.8986842330464714,-0.9200548160444413,0.0,0.0,0.0,0.0,0.0,0.0,0.0,0.0,0.0,0.0,0.0,0.0,0.0,0.0,0.0,0.0,0.0,0.0,0.0,0.0,0.0,0.0,0.0,0.0,0.0,0.0,0.0,0.0,0.0,0.0,56
0644_Tricyclo221026heptane.xyz,152.3727064243194,32.647982466227155,28.402122444962455,28.401721603949213,8.429985517154858,8.429557780617591,8.093628984943898,-0.019718210428550043,-0.030039974926802635,-0.03010425254816064,-0.15588484212731596,-0.2892077645745914,-0.42807069699310096,-0.4280976151575885,-0.7743021002113847,-0.7743244435481472,-0.8412189256773229,0.0,0.0,0.0,0.0,0.0,0.0,0.0,0.0,0.0,0.0,0.0,0.0,0.0,0.0,0.0,0.0,0.0,0.0,0.0,0.0,0.0,0.0,0.0,0.0,0.0,0.0,0.0,0.0,0.0,0.0,0.0,0.0,0.0,0.0,0.0,0.0,0.0,0.0,0.0,38
0645_Tetracyclo621027035undecane.xyz,192.4404314360633,62.94724602865277,38.20304980802926,33.42536136710066,24.354573233165258,21.991449098756693,13.766340446718642,10.151547888533898,9.127541175278418,7.429232960648831,5.583793710238679,0.1150310533018564,0.0297642815462615,-0.0580287612359286,-0.08877571776804963,-0.11535340069213583,-0.16630595146443863,-0.2535152842071009,-0.283349961554405,-0.32527393566426,-0.42663981427827263,-0.5240448447336861,-0.6250618249418901,-0.7104027756897556,-0.8002824402863601,-0.8299327061119566,-0.9192378757209577,0.0,0.0,0.0,0.0,0.0,0.0,0.0,0.0,0.0,0.0,0.0,0.0,0.0,0.0,0.0,0.0,0.0,0.0,0.0,0.0,0.0,0.0,0.0,0.0,0.0,0.0,0.0,0.0,0.0,60
0646_Spiro55undecane.xyz,182.42959200597852,65.29280242189412,37.29749391220584,34.923147572033294,33.81580109698478,19.17922811431962,12.49649854999204,12.208902663565675,10.918161008375947,8.508803240475652,5.454115430850886,0.08656853717030843,0.07146816203965999,-0.011155680049208215,-0.07529554461047326,-0.10259915612496122,-0.10738093052021673,-0.12184117936047213,-0.15239921316967078,-0.1653790186313387,-0.16765376633690074,-0.23777697504109335,-0.35674856366585617,-0.4663281820567131,-0.47219168710720205,-0.6072256731148765,-0.6665344467130534,-0.7638632607502306,-0.769628318811183,-0.9510893053579508,-1.0483346207796225,0.0,0.0,0.0,0.0,0.0,0.0,0.0,0.0,0.0,0.0,0.0,0.0,0.0,0.0,0.0,0.0,0.0,0.0,0.0,0.0,0.0,0.0,0.0,0.0,0.0,64
0647_Bicyclo331nonane.xyz,166.9010861406834,48.188499451329356,40.82644146660298,30.106163485750177,20.0265235191828,14.207121393003764,9.826414960241118,9.537724196482731,5.763941382734524,0.10443606474791436,0.038286381987037,-0.05155686753184889,-0.08755287705318245,-0.12574630650779603,-0.14423195469357092,-0.15260058433339085,-0.16100089437328022,-0.29588788431764645,-0.4103850308597914,-0.445624288638458,-0.5991079763888197,-0.6879637693084357,-0.7318643349858667,-0.8654506035059601,-1.0447182754144457,0.0,0.0,0.0,0.0,0.0,0.0,0.0,0.0,0.0,0.0,0.0,0.0,0.0,0.0,0.0,0.0,0.0,0.0,0.0,0.0,0.0,0.0,0.0,0.0,0.0,0.0,0.0,0.0,0.0,0.0,0.0,52
0648_Bicyclo331non_2_ene.xyz,168.66093936527284,46.490628713442995,41.67519286387958,32.27830850692726,19.49966072161511,12.683699870066066,9.605998036993032,8.39493667815813,4.598678613105318,0.04282942378946474,-0.009938932966153393,-0.04196350252356571,-0.10263687756800552,-0.12752581698845936,-0.1591566021192688,-0.23344397630201066,-0.2804229312226454,-0.42396989892560155,-0.5462228542279353,-0.6819184866176987,-0.7086237932810494,-0.831690100599247,-1.0604122250745511,0.0,0.0,0.0,0.0,0.0,0.0,0.0,0.0,0.0,0.0,0.0,0.0,0.0,0.0,0.0,0.0,0.0,0.0,0.0,0.0,0.0,0.0,0.0,0.0,0.0,0.0,0.0,0.0,0.0,0.0,0.0,0.0,0.0,50
0649_2_Methylidenebicyclo222octane.xyz,169.1471611468636,46.52617628785732,36.86690838266586,34.72608121946092,20.323900400993786,12.569727235504523,11.015873613457915,8.265660801517722,4.476737699565401,0.06279413247091613,-0.004869770491542976,-0.03591376466726699,-0.11673046350713429,-0.12173074873191048,-0.13370163574066984,-0.18876580529899417,-0.30108915706927025,-0.4626160304975664,-0.5723675010365363,-0.679776938765761,-0.7766679675997814,-0.8085947430382723,-1.0552495990797373,0.0,0.0,0.0,0.0,0.0,0.0,0.0,0.0,0.0,0.0,0.0,0.0,0.0,0.0,0.0,0.0,0.0,0.0,0.0,0.0,0.0,0.0,0.0,0.0,0.0,0.0,0.0,0.0,0.0,0.0,0.0,0.0,0.0,50
0650_2_Methylbicyclo222oct_2_ene.xyz,169.612685220633,45.443228826251584,36.37587848557839,34.7187842828563,21.809432301908068,12.510656260807139,10.51744648974607,8.933139962297789,3.9417740467659326,0.06686313004015315,-0.03247881027165314,-0.05667430112608441,-0.09426823432730806,-0.11495784391615727,-0.13130702854012413,-0.18535440362907693,-0.28298303872901726,-0.4644432637041786,-0.5167971188787365,-0.6292351420833155,-0.7804102201677097,-0.8586452728192567,-1.0593875338583436,0.0,0.0,0.0,0.0,0.0,0.0,0.0,0.0,0.0,0.0,0.0,0.0,0.0,0.0,0.0,0.0,0.0,0.0,0.0,0.0,0.0,0.0,0.0,0.0,0.0,0.0,0.0,0.0,0.0,0.0,0.0,0.0,0.0,50
0651_Adamantane.xyz,184.70426090760412,41.76770718073609,41.76642291965011,41.76413162195931,19.29441612114357,19.293687501880374,9.535683726532655,9.535378448342149,9.534968623976514,5.143693500057978,0.018368533183889344,-0.0030706894125730124,-0.0032089365167490415,-0.003261316557118053,-0.15786625800145332,-0.15787220268932145,-0.15790001092488873,-0.2722219202029755,-0.2722568030223224,-0.27228180688013365,-0.6138541639111409,-0.6138803082034602,-0.7360520209178186,-0.7360809247625529,-0.7360983132389843,-1.0417614155658073,0.0,0.0,0.0,0.0,0.0,0.0,0.0,0.0,0.0,0.0,0.0,0.0,0.0,0.0,0.0,0.0,0.0,0.0,0.0,0.0,0.0,0.0,0.0,0.0,0.0,0.0,0.0,0.0,0.0,0.0,56
0652_1_Methyladamantane.xyz,194.33651027971246,50.52804430957494,41.739655613002995,41.73707507462947,21.69929459547152,19.273160239796233,19.272649978462276,9.513672383194,9.51315920911889,8.27848126748394,5.02351254494475,0.041496084559148314,0.04131863957877248,-0.00234712725436318,-0.06522010234400892,-0.10468010846644343,-0.10474181713795665,-0.15855022703401117,-0.1695146579209232,-0.16952574033646303,-0.2735521626425129,-0.2736082580325391,-0.6138842675466307,-0.613906830628729,-0.65190936372472,-0.7365001760287955,-0.736539848923369,-0.8521206801944539,-1.0322716576283106,0.0,0.0,0.0,0.0,0.0,0.0,0.0,0.0,0.0,0.0,0.0,0.0,0.0,0.0,0.0,0.0,0.0,0.0,0.0,0.0,0.0,0.0,0.0,0.0,0.0,0.0,0.0,62
0653_13_Dimethyladamantane.xyz,203.67620586565283,53.707351203518705,47.50520317103573,41.708912963853024,22.332646840420193,21.148096023980216,19.25225207223997,19.2509335567486,9.491078875307373,8.70841380695314,7.769570443309951,4.933544186187938,0.07073956127507668,0.05051844505685414,0.02491698921947296,-0.06774383565637403,-0.08997436268182078,-0.12092602977856994,-0.12658682022866852,-0.13969580508736354,-0.16988893353408593,-0.1703494548048431,-0.1774065169813967,-0.2750299174657294,-0.6139123769041736,-0.6139509921222914,-0.6456935958675237,-0.6619548167076261,-0.7369763619669152,-0.8318134501998813,-0.8690851499951628,-1.0221331916653316,0.0,0.0,0.0,0.0,0.0,0.0,0.0,0.0,0.0,0.0,0.0,0.0,0.0,0.0,0.0,0.0,0.0,0.0,0.0,0.0,0.0,0.0,0.0,0.0,68
0654_22_Dimethyladamantane.xyz,204.46680812509118,55.17704789051736,42.48569468085621,41.74030601747336,26.801855436914526,22.90419963121508,19.237210548511737,15.018035631752271,9.633244630203986,9.37719945499557,8.136678849102635,4.498914839007781,0.0679624007246402,0.02579733129069313,0.002456837995441239,-0.018923383154261675,-0.03930126785556514,-0.13303235512774644,-0.13341850448775078,-0.1592581044882123,-0.17434055199938195,-0.202529852858534,-0.27950512876491096,-0.2975119044096554,-0.3506098395669928,-0.6172196934117704,-0.6660564152600049,-0.7332947164045567,-0.735036511639003,-0.8240688275351699,-0.8695426645240256,-1.042500191053562,0.0,0.0,0.0,0.0,0.0,0.0,0.0,0.0,0.0,0.0,0.0,0.0,0.0,0.0,0.0,0.0,0.0,0.0,0.0,0.0,0.0,0.0,0.0,0.0,68
0655_trans_anti_trans_Tetradecahydroanthracene.xyz,204.51193261188217,83.70588060646887,46.66913192462745,45.498682335761956,33.322029476600164,29.116317389287108,22.671894504798864,15.286271915469605,11.72542037789578,11.549356054440299,10.40168946410254,9.417123656081115,7.381564932321306,5.397366402217653,0.11015164422821151,0.021542453679863502,-0.008450412690143263,-0.06418310364765338,-0.07329403923671189,-0.10236340445240136,-0.10549191022457201,-0.11497386894429967,-0.12481986030615501,-0.15805610172082588,-0.16807210647938872,-0.27722684047072804,-0.3374911073017522,-0.3674770955977777,-0.37344183203890813,-0.4070230400024179,-0.5535754435323881,-0.5778134588970765,-0.6523689711659212,-0.7312911587180674,-0.7625153381970796,-0.7966223179278251,-0.9711091927806831,-1.0452223535669534,0.0,0.0,0.0,0.0,0.0,0.0,0.0,0.0,0.0,0.0,0.0,0.0,0.0,0.0,0.0,0.0,0.0,0.0,80
0656_trans_syn_trans_Tetradecahydroanthracene.xyz,206.24038148219188,82.20846379844807,46.51886157373201,44.01325803372551,33.75309207024936,29.44334180682882,23.07062653225313,15.562696852856018,11.874992602346119,11.654175232556778,10.397783544974839,9.59314760251068,7.042130720466563,5.263855217844438,0.1242010971523783,0.028227170001386328,-0.02222729108566106,-0.045613712207801076,-0.08497362981730334,-0.10052562962062889,-0.10261303122424363,-0.10918459953836746,-0.12417808972764639,-0.15486296429128638,-0.15608755231613364,-0.27045205863130667,-0.3450541506796676,-0.36765968306217456,-0.3850796986742321,-0.4026823741335597,-0.5522728257152854,-0.5884861807899809,-0.6492893081153949,-0.7313221260762954,-0.7698917966932823,-0.7927553010831653,-0.9728742417388406,-1.0476763009523902,0.0,0.0,0.0,0.0,0.0,0.0,0.0,0.0,0.0,0.0,0.0,0.0,0.0,0.0,0.0,0.0,0.0,0.0,80
0657_Diadamantane.xyz,228.8514953943809,64.20814385792684,45.99923838454872,45.9958733196628,31.372281585200767,25.69697003686093,25.69527193042,13.516522336957733,13.515587021551895,10.090912376185846,8.473595592226742,8.473426035894043,7.363793500946649,4.135861028155199,0.07047862888542308,-0.006492260346031031,-0.00661585779554551,-0.04479455112282474,-0.04494092159605403,-0.15484865462588268,-0.16125878008162575,-0.19336281042523848,-0.24886350700092283,-0.24888947320293042,-0.29234471082021946,-0.41729278031480016,-0.4173568777120349,-0.5535834967958303,-0.6601882829890797,-0.6602723110536574,-0.7210478178731776,-0.7210966801492559,-0.8449199834657841,-1.0478084804702397,0.0,0.0,0.0,0.0,0.0,0.0,0.0,0.0,0.0,0.0,0.0,0.0,0.0,0.0,0.0,0.0,0.0,0.0,0.0,0.0,0.0,0.0,76
0658_1_Methyldiamantane.xyz,238.3456009742519,64.29314714343471,53.257107674427246,45.95623425046877,31.998621176960015,27.154765702140732,25.719577595901683,21.16441692615419,13.518512289196412,13.188042284622723,9.988902246065743,8.508097939636091,7.667940523485469,7.241630950740424,3.9526848067213187,0.04769155486033226,0.03699118958412754,-0.0029743221211490003,-0.025676546217057703,-0.043001794520903934,-0.10796176161412495,-0.15195229635504354,-0.16135617131187027,-0.1724864169839756,-0.20517893145440308,-0.2558508669485918,-0.28583198835672236,-0.3527445246833584,-0.41980307774784487,-0.5229525052337292,-0.646062319766584,-0.6608293413665799,-0.6893878240758058,-0.7200437814940709,-0.840863814068783,-0.8579209040670059,-1.0455080488750883,0.0,0.0,0.0,0.0,0.0,0.0,0.0,0.0,0.0,0.0,0.0,0.0,0.0,0.0,0.0,0.0,0.0,0.0,0.0,82
0659_3_Methyldiamantane.xyz,236.82751675250734,67.72677756816911,49.44569199745952,46.00173051253849,33.37699992230062,29.576684107417858,25.672967733909964,19.879681459975355,13.508037664836444,12.340547657643198,9.966036002623213,8.48217547707411,8.234813619357306,6.882957136883587,4.028477704849395,0.06400163326225046,0.011887696010368785,-0.0021938029572725576,-0.028833193226390268,-0.047126960936092484,-0.06843556888305545,-0.15257672202709469,-0.15918174531273613,-0.2037511078302407,-0.24847601357478422,-0.25435985217804913,-0.3003572498249551,-0.38522606766529166,-0.418512537549567,-0.4997073568677082,-0.5613616533490917,-0.6607634763278508,-0.6932322113617488,-0.7218733736869446,-0.800901620298962,-0.8998419978971262,-1.048694143673882,0.0,0.0,0.0,0.0,0.0,0.0,0.0,0.0,0.0,0.0,0.0,0.0,0.0,0.0,0.0,0.0,0.0,0.0,0.0,82
0660_4_Methyldiamantane.xyz,236.54042552086764,70.65127875356477,45.97781259598336,45.97159620098743,36.61733957853651,25.677730776737707,25.67706509793108,20.645264548202913,13.503284127604918,13.502516723000594,9.304867266036133,8.456460619702252,8.454947149191717,6.8963273217711025,4.084599022688443,0.03616303773736191,0.03615930178144623,0.016722568522207486,-0.03222884842224638,-0.0322311943597203,-0.12808550200057628,-0.12811953617251667,-0.15519134113666616,-0.1616152594451446,-0.24852400408551717,-0.24858745760508033,-0.24980830345253993,-0.4181642315891919,-0.4181868770328749,-0.5149808559291391,-0.6600036787072086,-0.6600830263302393,-0.721283746180689,-0.7213418723674467,-0.7612401638556456,-0.8780416235254073,-1.0412646972605863,0.0,0.0,0.0,0.0,0.0,0.0,0.0,0.0,0.0,0.0,0.0,0.0,0.0,0.0,0.0,0.0,0.0,0.0,0.0,82
0661_Bicyclo410heptane.xyz,143.57597731050424,42.66134152929923,35.6846971771833,17.322964852460977,12.332569671119268,10.186643123208189,6.562260349105542,0.07924361506051705,-0.03357258941225031,-0.07991074187976029,-0.11941070600894145,-0.12319363439111586,-0.15211869757472055,-0.37518901645069275,-0.391787273060939,-0.6304019294202975,-0.6677685789096707,-0.8317700131501269,-0.9938380517012598,0.0,0.0,0.0,0.0,0.0,0.0,0.0,0.0,0.0,0.0,0.0,0.0,0.0,0.0,0.0,0.0,0.0,0.0,0.0,0.0,0.0,0.0,0.0,0.0,0.0,0.0,0.0,0.0,0.0,0.0,0.0,0.0,0.0,0.0,0.0,0.0,0.0,40
0662_cis_377_Trimethylbicyclo410heptane.xyz,172.63561702200616,60.696053652785025,37.442520868124646,30.689853807883605,24.420458173611628,20.703963855248688,13.77774381003039,10.597319776214952,6.652556982063176,6.356681056459685,0.11116884787166771,-0.0032413039519699,-0.02132289772653822,-0.06274190078653555,-0.0704958981106788,-0.08647919190009348,-0.13194727913288526,-0.15515693925526622,-0.16354414139070092,-0.23253623157383288,-0.33333082694232796,-0.41176236895818585,-0.5647150046433784,-0.6978002135868667,-0.8073155839671435,-0.8221199288992314,-0.9487285534966629,-0.9896475937178099,0.0,0.0,0.0,0.0,0.0,0.0,0.0,0.0,0.0,0.0,0.0,0.0,0.0,0.0,0.0,0.0,0.0,0.0,0.0,0.0,0.0,0.0,0.0,0.0,0.0,0.0,0.0,0.0,58
0663_trans_377_Trimethylbicyclo410heptane.xyz,173.19328350977435,60.09401139771911,37.520342152384714,30.013047698645753,24.725795781877874,21.09119412624098,13.64030068211561,10.798828911438004,6.66625386595881,6.227971633709893,0.06675026970074496,-0.0008696695071217667,-0.006646319268087836,-0.03569228647754235,-0.0585590157492238,-0.12108917182476137,-0.12457049482445468,-0.14166771069425668,-0.16799733185570312,-0.2162403871439461,-0.3321835023686767,-0.41352335855096783,-0.570603663112922,-0.697501311878985,-0.8084340455583213,-0.8214872140521086,-0.9490623907886258,-0.9906001616507922,0.0,0.0,0.0,0.0,0.0,0.0,0.0,0.0,0.0,0.0,0.0,0.0,0.0,0.0,0.0,0.0,0.0,0.0,0.0,0.0,0.0,0.0,0.0,0.0,0.0,0.0,0.0,0.0,58
0664_266_Trimethylbicyclo311hept_2_ene.xyz,179.63301830493185,51.761000606183764,38.47783723123474,32.68850162130193,22.819362077181243,20.748035972927415,14.157219854467273,11.073838846203088,7.152032310581438,3.9308557574353378,0.025059698382443648,0.00862979519596282,-0.053873653767759336,-0.06612916247500988,-0.07842493419210167,-0.100461141014998,-0.14468045522384093,-0.18015845978101508,-0.2391950140378919,-0.3510121874197612,-0.45381270685752295,-0.6893018077049581,-0.7834200545547039,-0.8157058810170369,-0.9033473122619551,-1.03481731145828,0.0,0.0,0.0,0.0,0.0,0.0,0.0,0.0,0.0,0.0,0.0,0.0,0.0,0.0,0.0,0.0,0.0,0.0,0.0,0.0,0.0,0.0,0.0,0.0,0.0,0.0,0.0,0.0,0.0,0.0,56
0665_66_Dimethyl_2_methylenebicyclo311heptane.xyz,179.46659315928906,51.40486806556783,39.848745523290084,32.59293879639499,22.871615262694586,19.397224282885926,14.483933203350238,10.863108267064234,7.217255637649519,4.36385053164281,0.06757161010720297,0.006124512064126198,-0.02416022804362927,-0.054897076138454,-0.09185400399773304,-0.1332593229918285,-0.16384923059279446,-0.18573115477184435,-0.2474685253824091,-0.38446318658968004,-0.5099799806692104,-0.7102044784744761,-0.7581871954332128,-0.8147966756674168,-0.8887889648918755,-1.035136834096606,0.0,0.0,0.0,0.0,0.0,0.0,0.0,0.0,0.0,0.0,0.0,0.0,0.0,0.0,0.0,0.0,0.0,0.0,0.0,0.0,0.0,0.0,0.0,0.0,0.0,0.0,0.0,0.0,0.0,0.0,56
0666_Spiro45undecane.xyz,173.4760385501694,61.42312098875343,35.13393145590123,32.203924272812834,28.184542983761904,16.337867845659357,12.325685120258955,9.842990607010114,9.224113351443677,5.812685863219645,0.0887951656372499,0.053595135123685744,-0.042304622455609425,-0.07294791737905867,-0.11154495680825474,-0.11454167134259077,-0.14462405945315673,-0.1486285095355105,-0.17253573962651125,-0.25351469101248997,-0.3695431755171218,-0.4710860992358378,-0.5227624282062645,-0.6235622125093068,-0.7670203194453087,-0.7770215066190205,-0.9227800397804109,-1.0118213965655873,0.0,0.0,0.0,0.0,0.0,0.0,0.0,0.0,0.0,0.0,0.0,0.0,0.0,0.0,0.0,0.0,0.0,0.0,0.0,0.0,0.0,0.0,0.0,0.0,0.0,0.0,0.0,0.0,58
0667_cis_Octahydro_1H_indene.xyz,163.59704997376878,55.258919385469255,38.891966156046095,26.771260372948156,22.251568866371638,13.121718677854558,10.234195640308052,9.268817804889427,5.978469659117474,0.15117555011422776,0.005226397673281074,-0.06698547482574357,-0.07542276672429452,-0.11885318213788676,-0.1432264854326959,-0.14461365114051955,-0.17687264185742577,-0.3581868212768243,-0.379961681742416,-0.42132971599720376,-0.5660483147877609,-0.7111451594166577,-0.7309330737691161,-0.910687533206662,-1.0031551874120466,0.0,0.0,0.0,0.0,0.0,0.0,0.0,0.0,0.0,0.0,0.0,0.0,0.0,0.0,0.0,0.0,0.0,0.0,0.0,0.0,0.0,0.0,0.0,0.0,0.0,0.0,0.0,0.0,0.0,0.0,0.0,52
0668_trans_Octahydro_1H_indene.xyz,163.55556786929242,55.24059839412789,39.18171390290351,26.803656985905274,22.55868621612124,12.573219665855746,10.201367045174173,8.758579279603284,6.538203406237542,0.1071106929075137,-0.0032006766856633793,-0.041584727435733895,-0.10745720189609202,-0.12088579847298482,-0.12998292141015447,-0.14794449565049256,-0.1815075994983417,-0.3652039111679385,-0.36822559780168634,-0.4298995664212786,-0.5544465890196281,-0.7149045462036279,-0.7252317449628692,-0.9104162440855366,-0.9948650425831569,0.0,0.0,0.0,0.0,0.0,0.0,0.0,0.0,0.0,0.0,0.0,0.0,0.0,0.0,0.0,0.0,0.0,0.0,0.0,0.0,0.0,0.0,0.0,0.0,0.0,0.0,0.0,0.0,0.0,0.0,0.0,52
0669_Bicyclo332decane.xyz,176.25312856505667,48.72204630932786,46.10972772068078,37.334053079180016,20.08614339893269,17.540490242578798,15.121487218354854,9.47507176450792,6.625401947375639,6.620565801583193,0.08617772584895331,0.08201411800162592,-0.02499644933169242,-0.07447040502388136,-0.12146569103795497,-0.12749317998446072,-0.12899450847818256,-0.1379439438467836,-0.19500322640724604,-0.2592727822283021,-0.41193897172686633,-0.4382475839991713,-0.5236681734742449,-0.5969221703455538,-0.6695366603072638,-0.8641314579213468,-0.9126703592719946,-0.9885003337846614,0.0,0.0,0.0,0.0,0.0,0.0,0.0,0.0,0.0,0.0,0.0,0.0,0.0,0.0,0.0,0.0,0.0,0.0,0.0,0.0,0.0,0.0,0.0,0.0,0.0,0.0,0.0,0.0,58
0670_Bicyclo441undeca_13579_pentaene.xyz,187.98688682530104,61.7372601175991,50.59671927762845,34.49997096419884,27.440053446260997,16.967950788297195,12.044396890573505,11.770291926106411,5.124961084600741,3.8689967505258145,3.1236663329615295,-0.07220582520799065,-0.09044505550940314,-0.14958507946065272,-0.31018434135678236,-0.3140869572840298,-0.5038554782756807,-0.5411432878582647,-0.8229931181303952,-0.8920198414689813,-1.0254782258160744,0.0,0.0,0.0,0.0,0.0,0.0,0.0,0.0,0.0,0.0,0.0,0.0,0.0,0.0,0.0,0.0,0.0,0.0,0.0,0.0,0.0,0.0,0.0,0.0,0.0,0.0,0.0,0.0,0.0,0.0,0.0,0.0,0.0,0.0,0.0,54
0671_Bicyclo510octane.xyz,152.29050916776436,49.75617935554953,41.028224692446074,20.424284311694443,16.001748558815653,11.846534951180656,8.398418675893385,7.162378551459333,0.07673916124789815,-0.024103585667488228,-0.07341063983079844,-0.10830194143036213,-0.11884566922170114,-0.13026855379760668,-0.1434031372663189,-0.3438811189369747,-0.40181353102179074,-0.5618641815737702,-0.602093964508109,-0.7679717917808876,-0.8708548493941651,-0.9733628662138931,0.0,0.0,0.0,0.0,0.0,0.0,0.0,0.0,0.0,0.0,0.0,0.0,0.0,0.0,0.0,0.0,0.0,0.0,0.0,0.0,0.0,0.0,0.0,0.0,0.0,0.0,0.0,0.0,0.0,0.0,0.0,0.0,0.0,0.0,46
0672_Bicyclo530decane.xyz,172.41760928408428,59.46531147284677,43.0906800872419,30.666922409466437,24.242071429336185,15.96533040152068,14.73705475077905,9.304656480944118,7.70652899240869,6.340503299190114,0.12297129068024476,0.01831495856701333,-0.025206219883678386,-0.07666518692454245,-0.1057328931412241,-0.12073988410413242,-0.13916593050173828,-0.15522296956235937,-0.17027366602306612,-0.34302948498270924,-0.36036470952930966,-0.4168562532277308,-0.5287256854521722,-0.6196847231267585,-0.6648769265239609,-0.8872055109099415,-0.8982252270315922,-0.9849275918810685,0.0,0.0,0.0,0.0,0.0,0.0,0.0,0.0,0.0,0.0,0.0,0.0,0.0,0.0,0.0,0.0,0.0,0.0,0.0,0.0,0.0,0.0,0.0,0.0,0.0,0.0,0.0,0.0,58
0673_Bicyclo322non_6_ene.xyz,168.83618438363072,43.10875794728667,41.814488823195866,35.98738520566461,16.770624981055327,14.394931668283222,10.815672369866418,7.395033130888233,4.751421876840848,0.07321459341395667,-0.00033034865037055564,-0.049430132610203216,-0.08692796333520747,-0.14207360708753186,-0.17876539800144253,-0.2463144607729918,-0.2972766536250247,-0.41674412828075114,-0.564964800642402,-0.6105293593660372,-0.7161370331313668,-0.9268408881613972,-0.9884334116276198,0.0,0.0,0.0,0.0,0.0,0.0,0.0,0.0,0.0,0.0,0.0,0.0,0.0,0.0,0.0,0.0,0.0,0.0,0.0,0.0,0.0,0.0,0.0,0.0,0.0,0.0,0.0,0.0,0.0,0.0,0.0,0.0,0.0,50
0674_Tricyclo431038decane.xyz,183.8826590613411,47.10118482872607,41.54312692613008,36.12272766710844,21.547431077003207,16.83203907740102,12.914926721309405,9.694354889403117,7.106175350064985,5.598714111726285,0.07859926429091532,0.008494729191135742,0.0013765229456404353,-0.07551384513442874,-0.1342473593255004,-0.15426495564457834,-0.16852584380823155,-0.2528828228120755,-0.2803731781111028,-0.3546856959895349,-0.5311045640565655,-0.6310474773374191,-0.6779677818124454,-0.736664440148243,-0.8732168331545006,-0.9802634350473752,0.0,0.0,0.0,0.0,0.0,0.0,0.0,0.0,0.0,0.0,0.0,0.0,0.0,0.0,0.0,0.0,0.0,0.0,0.0,0.0,0.0,0.0,0.0,0.0,0.0,0.0,0.0,0.0,0.0,0.0,56
0675_Bicyclo333undecane.xyz,183.7773254056146,52.10914959294462,48.34314401905581,44.48565982006939,20.393822184476573,20.38308903367361,19.961923005501063,10.068503915083706,9.38978165236189,7.798885587848433,5.694121528021781,0.09196255134775128,0.057115968316307095,0.005063535027356358,-0.05494936170965242,-0.09228521682855434,-0.1200313533845221,-0.12227839886003838,-0.13964005674935814,-0.1663998298880646,-0.1714633453846837,-0.2318685825718106,-0.4005150469270589,-0.42769399874463543,-0.46708794063963943,-0.5872020133173512,-0.6017639675891392,-0.7831376092544081,-0.8473832628688271,-0.8681163761398313,-1.0385742447998947,0.0,0.0,0.0,0.0,0.0,0.0,0.0,0.0,0.0,0.0,0.0,0.0,0.0,0.0,0.0,0.0,0.0,0.0,0.0,0.0,0.0,0.0,0.0,0.0,0.0,64
0676_cis_Bicyclo610nonane.xyz,161.2033393965063,53.815477562829145,46.74620034623295,24.17299130999886,20.046789465409073,13.510761663817972,10.027667139886464,9.304582711800377,6.655048041888627,0.08723496794614816,-0.0204800118582157,-0.047420652185336074,-0.08152618540393795,-0.11121506437857569,-0.12886084876547857,-0.13402873049023745,-0.16439711314305683,-0.33990042686877936,-0.39364369923089204,-0.5163905384183265,-0.5406754352044189,-0.7335848557148943,-0.7522504123165042,-0.8709693439915346,-1.01180249351225,0.0,0.0,0.0,0.0,0.0,0.0,0.0,0.0,0.0,0.0,0.0,0.0,0.0,0.0,0.0,0.0,0.0,0.0,0.0,0.0,0.0,0.0,0.0,0.0,0.0,0.0,0.0,0.0,0.0,0.0,0.0,52
0677_Tricyclo822247hexadecane.xyz,225.01296159375266,80.57805983954137,62.401050404212654,38.61625093170507,35.63735753918819,33.15786590109608,32.43829448104032,21.380312560598966,17.466053869908748,12.945318097861932,12.471692868244373,11.999862226258662,10.334588753520828,7.478655725605567,6.271975024769599,5.591836046477043,0.16322728828703761,0.06235298114290151,0.03302224020565262,-0.006098471452247996,-0.059332205633494596,-0.07882404829535505,-0.09857678775222622,-0.10965929748278168,-0.11954096013630693,-0.15407112439528256,-0.169111563051065,-0.17370314419957034,-0.1841104069445459,-0.23183600305018848,-0.2960795662319973,-0.3038384578506412,-0.4449857838772045,-0.4923179813317552,-0.5013781420506843,-0.5347757253574902,-0.5592099701026924,-0.6206644733666976,-0.7503067482991139,-0.7638142363294604,-0.7744835946068651,-0.877468585478761,-0.9658632540865212,-1.041004651239694,0.0,0.0,0.0,0.0,0.0,0.0,0.0,0.0,0.0,0.0,0.0,0.0,92
0678_18_Dimethylnaphthalene.xyz,195.28333240467873,66.28388492242274,53.91578072601124,33.20689116814224,30.827408595542384,23.9504388855012,18.450824448577222,9.86987372532867,9.318790091046026,6.3699027428120525,4.609089227286123,1.5415285256100877,0.04139857589867583,-0.019677223735098025,-0.11887570234245845,-0.1769815310676359,-0.1811912353551663,-0.2199970141790587,-0.4436199553776204,-0.4588547647550655,-0.7935989521044055,-0.821597520700041,-0.940490948733546,-1.1969967973961682,0.0,0.0,0.0,0.0,0.0,0.0,0.0,0.0,0.0,0.0,0.0,0.0,0.0,0.0,0.0,0.0,0.0,0.0,0.0,0.0,0.0,0.0,0.0,0.0,0.0,0.0,0.0,0.0,0.0,0.0,0.0,0.0,60
0679_23_Dimethylnaphthalene.xyz,193.14567101424268,73.12670480672449,45.85629803062175,37.36643389622339,31.6073490281297,20.733084502258855,20.006933301442732,10.69829887143897,8.118575379192812,7.426098269066586,3.95004648136709,1.650690279056744,0.005944512499698274,-0.03432218951071126,-0.12213114601977633,-0.1234347870117621,-0.14363012621173502,-0.3332305963692943,-0.4598200891733054,-0.5707274354110488,-0.6111794414806014,-0.8201407711634408,-0.9478557767980623,-1.228393620004301,0.0,0.0,0.0,0.0,0.0,0.0,0.0,0.0,0.0,0.0,0.0,0.0,0.0,0.0,0.0,0.0,0.0,0.0,0.0,0.0,0.0,0.0,0.0,0.0,0.0,0.0,0.0,0.0,0.0,0.0,0.0,0.0,60
0680_1458_Tetramethylnaphthalene.xyz,212.04239353160682,68.80992618507031,63.5442773039013,37.41446541102735,30.691354489008223,30.404723825512175,23.886988439507622,19.820083253920377,14.97126069391847,9.291537419824552,8.756292907496707,5.357576650876431,4.2801225609711695,1.2300483948567353,0.04481588678275409,0.028682511635754363,-0.007574165519083118,-0.03824368150827379,-0.11003557498846372,-0.15209598940815594,-0.17264864830815424,-0.1728643464476693,-0.2978015581446685,-0.3094937418303454,-0.7151576830740036,-0.718510971528426,-0.8587867035936462,-0.8984036365903799,-0.9598143206383504,-1.1496456523740162,0.0,0.0,0.0,0.0,0.0,0.0,0.0,0.0,0.0,0.0,0.0,0.0,0.0,0.0,0.0,0.0,0.0,0.0,0.0,0.0,0.0,0.0,0.0,0.0,0.0,0.0,72
0681_910_Diphenylanthracene.xyz,290.9991681570921,115.00299901426453,87.14928888744237,81.08490119490014,50.5134180743434,47.27876549472632,35.86097297661461,35.24386071675144,33.82623202350928,31.08270573667895,29.89218240451976,28.63500910277512,20.833000158109247,13.563840614345812,9.702901584121365,9.649346801521682,9.516194730820668,9.15678991784571,8.90955582219586,8.893135662474894,5.833526389642702,5.150516798041703,3.0368353768040315,2.9843256315612217,2.3983998192413645,0.5666373382137582,-0.07160242216944657,-0.12580520045575613,-0.13758441641667157,-0.1578977306483959,-0.23541920955233042,-0.2512349005761086,-0.3257653914672102,-0.37581773107403993,-0.47064852018147313,-0.494499816847099,-0.5600751791716054,-0.5792825999799603,-0.5952569816318695,-0.597459024549559,-1.002598150304183,-1.0609976506980217,-1.1255511247521977,-1.2862791930072515,0.0,0.0,0.0,0.0,0.0,0.0,0.0,0.0,0.0,0.0,0.0,0.0,122
0682_99_Bianthracene.xyz,310.07400166594334,115.16393836585303,87.16038237808728,87.0573978661128,56.250126437072716,47.31724184687767,46.92650008311193,35.90545504706253,33.95018297200783,33.9352924477723,28.613518142556597,28.608645738923208,24.33839333023099,20.542643198961308,13.85045270568607,12.194317647091452,9.162917340889454,9.161760085233297,8.901134923790995,8.900827433177234,7.518411692749175,6.195787012057507,6.186261265271359,4.809833403046524,2.975957987107007,2.975651276004083,1.5223318255117508,0.6218249410392389,-0.09533920545241041,-0.13768040978757298,-0.1378022300928833,-0.15679954411699207,-0.32453191994764147,-0.3245451849154417,-0.3437834272796092,-0.352268000080439,-0.5317577330843094,-0.5583149978379321,-0.5583224055935674,-0.5605523914807812,-0.6061792069006878,-0.6083409068325709,-1.0000769288677773,-1.0001050606381694,-1.1836228404941196,-1.3142210818995204,0.0,0.0,0.0,0.0,0.0,0.0,0.0,0.0,0.0,0.0,130
0683_27_Dimethylphenanthrene.xyz,223.71366532115957,92.26349420267692,58.76431597598169,47.88699796700716,35.22135631515313,33.81809055112588,25.78733168171171,22.72872709622886,18.367742972452213,11.361816416852008,9.906778385677855,7.965594833038788,6.456260692182574,4.996369619788491,2.9676235416502523,1.1401157901637777,-0.06250496251853625,-0.06668220231507346,-0.0689784912581934,-0.07102987481548775,-0.18440673653746195,-0.26333733514784724,-0.3378701576421197,-0.4928063465830997,-0.4958528977066872,-0.7227246419170034,-0.7227445587560554,-0.853853334815279,-1.0013825981640194,-1.2724240338588853,0.0,0.0,0.0,0.0,0.0,0.0,0.0,0.0,0.0,0.0,0.0,0.0,0.0,0.0,0.0,0.0,0.0,0.0,0.0,0.0,0.0,0.0,0.0,0.0,0.0,0.0,78
0684_45_Dimethylphenanthrene.xyz,229.76082489070302,84.8810133299674,62.24638023222209,43.912477537958466,39.151578238289815,29.767352844303495,28.437891025301003,21.60797545520294,18.81068221406846,11.000124751238364,9.871513338367132,7.626825280972067,6.860449970990538,5.2003466779225365,3.0299573716927273,1.0385211340311926,-0.024953556151536164,-0.04010259976417964,-0.10607240533691163,-0.1322570984696866,-0.17197254315550095,-0.20610514326925353,-0.2666437070991772,-0.44271456817838795,-0.44542915737641864,-0.7227535406214876,-0.8048772394357757,-0.8812145269991738,-0.9918014439753431,-1.237333572583172,0.0,0.0,0.0,0.0,0.0,0.0,0.0,0.0,0.0,0.0,0.0,0.0,0.0,0.0,0.0,0.0,0.0,0.0,0.0,0.0,0.0,0.0,0.0,0.0,0.0,0.0,78
0685_910_Dimethylphenanthrene.xyz,228.32878788466257,83.92305220524116,66.5185598236544,42.013906543457935,37.776095803350366,30.96378859856191,27.108843397642822,23.61850425553591,18.403934102860852,11.020357784956673,10.26370580181773,8.094353843266548,6.907431462103899,4.24939034108498,3.130767778144246,0.7763366374375629,0.03750654317775063,-0.05114952776468423,-0.08181202005805806,-0.08507989573212613,-0.13376475179335218,-0.2152828526216344,-0.2970205671855808,-0.40731081418603804,-0.5277074096491584,-0.6006337968501936,-0.8145093553551135,-0.9390215595420734,-0.9941088116654541,-1.2582382537386267,0.0,0.0,0.0,0.0,0.0,0.0,0.0,0.0,0.0,0.0,0.0,0.0,0.0,0.0,0.0,0.0,0.0,0.0,0.0,0.0,0.0,0.0,0.0,0.0,0.0,0.0,78
0686_3456_Tetramethylphenanthrene.xyz,243.35745915610767,92.44958690790409,66.92015856955396,45.98932169964253,42.970564640495546,32.69774356655419,31.12889697246003,25.298942174801702,21.987065172169903,18.22502328997235,17.985200521765695,9.910905632540638,9.72012312766451,6.756980268966246,6.672934062758048,4.613727847198886,2.4932695667924403,0.883094725168011,0.03437910671633814,-0.0007294973368163389,-0.03202938772951679,-0.04445890061873001,-0.11788287531166175,-0.1312926188414904,-0.13704491226399013,-0.18042144092619183,-0.2412433021904322,-0.28593297755622965,-0.2898455850996214,-0.6619063262676227,-0.7462061143871055,-0.8052548575003042,-0.8427090545101539,-0.8891187463827513,-1.0192735851567878,-1.224133237486163,0.0,0.0,0.0,0.0,0.0,0.0,0.0,0.0,0.0,0.0,0.0,0.0,0.0,0.0,0.0,0.0,0.0,0.0,0.0,0.0,90
0687_2457_Tetramethylphenanthrene.xyz,241.30274105911712,93.9602366725845,62.537999265068514,53.42151580407459,40.20795364551704,35.130799839677465,29.912266567944435,22.774524211622737,21.55906461889032,20.8530186817631,17.35136321811957,10.96413928916864,8.087311988531658,7.5933071764626,5.901817963085529,4.889834836769558,2.7812314604465795,0.9966407044753733,-0.02543419586906007,-0.04085682140966779,-0.06680755015141512,-0.06986704644537613,-0.07066546091609575,-0.07481436906717166,-0.11285060909025729,-0.1375398400650375,-0.2640923818643827,-0.4469145228886914,-0.44947151942173974,-0.5838063649860645,-0.6167481716045847,-0.8434908450597334,-0.8625571810597576,-0.8939786251475147,-0.9974406354200506,-1.2225372731859367,0.0,0.0,0.0,0.0,0.0,0.0,0.0,0.0,0.0,0.0,0.0,0.0,0.0,0.0,0.0,0.0,0.0,0.0,0.0,0.0,90
0688_112_Dimethylbenz_a_anthracene.xyz,256.0659191037852,105.70727296732113,67.27018533607543,57.725416335387784,43.45949105197783,38.646793812005185,31.515559994584045,28.122504394713786,27.117979088670616,21.228079083057594,18.392791089786442,12.06531696638135,10.084870196199281,8.921761330964648,7.491011931744619,6.638286810534448,5.414275739485204,4.027456978453349,2.0673926911133123,0.8512262669937236,-0.02618617848166864,-0.04372693054293031,-0.08782502712956679,-0.12790148080970773,-0.1487716919899031,-0.1910452654686417,-0.26474326751293437,-0.34037102481901904,-0.4441906191903918,-0.5317164790163736,-0.5823562684519744,-0.7737652713140014,-0.8635533024868418,-0.8854827225176216,-1.073035201362587,-1.266816449621968,0.0,0.0,0.0,0.0,0.0,0.0,0.0,0.0,0.0,0.0,0.0,0.0,0.0,0.0,0.0,0.0,0.0,0.0,0.0,0.0,96
0689_39_Dimethylbenza_a_anthracene.xyz,248.0242582567273,111.83403075606424,71.32129713069396,53.33748230678215,44.808844433374674,39.77870147779225,32.096980208196406,30.003641498229598,23.766894109812036,21.73105205205082,18.535962235283126,12.19787299292636,10.410309856062874,8.507229898274964,7.717880121847875,6.451354293994065,5.62771635351141,3.701025105538156,2.1273686329931967,1.0711624353920393,-0.06689116626150714,-0.06721896396486386,-0.06856314188320409,-0.06871637407146758,-0.23868104661435688,-0.2606424365592366,-0.2685473724974555,-0.4544502790247543,-0.4843896467605663,-0.5267305023460556,-0.6042411831686856,-0.7260915703145067,-0.7845471523456993,-0.8938259310470266,-1.071382360312745,-1.3040410398565565,0.0,0.0,0.0,0.0,0.0,0.0,0.0,0.0,0.0,0.0,0.0,0.0,0.0,0.0,0.0,0.0,0.0,0.0,0.0,0.0,96
0690_712_Dimethylbenz_a_anthracene.xyz,255.54175392599308,105.15753880754727,68.49079595963312,57.239168073081856,45.68785020773682,35.50616560623978,31.30094569665267,27.36673011574376,26.321219255225735,25.536781598916804,16.987213699096717,11.896672747972076,10.66445934975705,8.94458145227314,7.9702898446349115,6.33601375145074,5.035370938320975,3.972269949426537,2.0967182310437114,0.6488463760560381,-0.030814636713698867,-0.04928338098598445,-0.06761282711166257,-0.07304213883251637,-0.12745872994438506,-0.17630615113247797,-0.28062580712892904,-0.3483904311157959,-0.3709727331971654,-0.5594420064955746,-0.5663145684246489,-0.7635507261699952,-0.8803965332554939,-0.8959799878109166,-1.084138795802134,-1.2649521441624845,0.0,0.0,0.0,0.0,0.0,0.0,0.0,0.0,0.0,0.0,0.0,0.0,0.0,0.0,0.0,0.0,0.0,0.0,0.0,0.0,96
0691_Tetracene.xyz,235.58400339307855,107.73360016489264,64.54734656673467,49.49917484847104,40.60332218648598,38.86096370016616,28.856915776730347,27.51400234574174,20.724049578849787,14.074961876813383,10.1355990789233,9.065355691814782,7.741082093827239,6.825939075373533,6.816008860684658,3.9634552848275435,2.152726402627062,1.424851726787955,-0.1125513460423502,-0.13552075616280138,-0.3232360705485582,-0.3285615312841985,-0.43761463180669175,-0.4907065065963203,-0.5167350965475365,-0.5729807730094619,-0.5921967759884793,-0.776430176838163,-1.0811628142364704,-1.3097685841020723,0.0,0.0,0.0,0.0,0.0,0.0,0.0,0.0,0.0,0.0,0.0,0.0,0.0,0.0,0.0,0.0,0.0,0.0,0.0,0.0,0.0,0.0,0.0,0.0,0.0,0.0,84
0692_Chrysene.xyz,239.83012361482088,102.849801033023,60.87181820508926,56.932720256867704,39.041787729284096,36.02724066596195,29.423448931375667,25.803820725468047,24.215618037055016,11.836055044964993,10.603634220660949,10.443964803589088,7.573082091731613,7.539936272693074,5.328844266073979,4.479133960147702,2.2449773361203,0.883644359007792,-0.07431707989503579,-0.1256029414525232,-0.22783402268615485,-0.2532440306031491,-0.36294835318673724,-0.3791025432944486,-0.5419010073249115,-0.5700677459062854,-0.7557457410470598,-0.8022454955225915,-1.0763164256121367,-1.3144325777368273,0.0,0.0,0.0,0.0,0.0,0.0,0.0,0.0,0.0,0.0,0.0,0.0,0.0,0.0,0.0,0.0,0.0,0.0,0.0,0.0,0.0,0.0,0.0,0.0,0.0,0.0,84
0693_56_Dimethylbenzo_a_phenanthrene.xyz,257.17066055494263,99.55478976431888,75.9076318923698,52.87827825772443,45.528850175507756,36.70995153238159,31.18830079234677,29.203883403917207,26.25017966556683,22.781017518133,18.286481090451257,11.881357812065268,10.088499961572051,9.079270711157715,8.15910357049513,6.336103746831141,5.176546954898617,3.6979284124011373,2.186796261384419,0.6526448025983869,0.021102296189991522,-0.04825905960195312,-0.08620141261164319,-0.09942381099571464,-0.14066482876990427,-0.18721589805490538,-0.2865474697703273,-0.3486262469882711,-0.3698710737793653,-0.5613422956341424,-0.5642996605036795,-0.7625999996425942,-0.830692384546166,-0.9461788134495434,-1.0692030806395052,-1.2761491537472034,0.0,0.0,0.0,0.0,0.0,0.0,0.0,0.0,0.0,0.0,0.0,0.0,0.0,0.0,0.0,0.0,0.0,0.0,0.0,0.0,96
0694_Tetraphene.xyz,238.25105225390217,104.1079453599668,65.42210793555378,50.5907646917003,41.85045321896778,35.211147383839965,30.893970169771947,25.53026220033821,22.814341628318015,12.660831931315204,10.994748593311654,8.944866380935489,8.283269818278537,7.050090323602031,5.942285129843859,4.131511129424681,2.260965084981723,1.0934566909493368,-0.10054208878572439,-0.13908363240609262,-0.2620747967999332,-0.3198934609047005,-0.33222838128680415,-0.4652609290500077,-0.5354570154076311,-0.5757697959988993,-0.6497077702805593,-0.8142549388812947,-1.0795410414514826,-1.3143624840815114,0.0,0.0,0.0,0.0,0.0,0.0,0.0,0.0,0.0,0.0,0.0,0.0,0.0,0.0,0.0,0.0,0.0,0.0,0.0,0.0,0.0,0.0,0.0,0.0,0.0,0.0,84
0695_Biphenylene.xyz,194.74990133884353,77.11742661069803,41.31976379708666,41.223256993447755,31.811493676238303,22.492866828020922,11.93686184316807,10.797619840989764,7.323173596510485,6.754028493048394,3.900189620661457,1.0917452493355355,-0.08886612470630768,-0.1557042766908118,-0.3088016436578263,-0.41821285494399757,-0.5110374701739786,-0.5799325262545706,-0.9297264125944126,-1.2287841859156716,0.0,0.0,0.0,0.0,0.0,0.0,0.0,0.0,0.0,0.0,0.0,0.0,0.0,0.0,0.0,0.0,0.0,0.0,0.0,0.0,0.0,0.0,0.0,0.0,0.0,0.0,0.0,0.0,0.0,0.0,0.0,0.0,0.0,0.0,0.0,0.0,56
0696_11_Dimethylindane.xyz,186.891474718334,63.7460961014232,44.23147750733686,30.53419023886336,26.33175020097369,24.073159646733057,15.759710868746888,10.37156104034796,7.682293096890839,6.226547067048876,2.1490354101070483,0.03368235544056168,-0.01251848867856479,-0.027318070236895725,-0.11996816829872813,-0.13146490591553897,-0.13976549451015746,-0.16531231991528283,-0.3452229277059687,-0.4754300873274564,-0.543598795411623,-0.7921444306088271,-0.8103183203011077,-0.9411866310627277,-1.0875724185882218,0.0,0.0,0.0,0.0,0.0,0.0,0.0,0.0,0.0,0.0,0.0,0.0,0.0,0.0,0.0,0.0,0.0,0.0,0.0,0.0,0.0,0.0,0.0,0.0,0.0,0.0,0.0,0.0,0.0,0.0,0.0,58
0697_46_Dimethylindane.xyz,184.7271440752565,62.2253511281219,49.21451869207632,31.578571313360484,24.69937104965918,21.89944324727109,18.33724579790342,10.1287246440713,6.92310605497425,6.326781336781936,1.8184478956816714,0.06177815335289247,-0.055299395012262345,-0.06447758047836133,-0.06880780111466323,-0.07928683542060136,-0.12192040626415022,-0.1605598675365613,-0.3610231070641676,-0.44811570813888807,-0.5727585953893748,-0.717222729385282,-0.8630566016008153,-0.9102703891357786,-1.0785271782848702,0.0,0.0,0.0,0.0,0.0,0.0,0.0,0.0,0.0,0.0,0.0,0.0,0.0,0.0,0.0,0.0,0.0,0.0,0.0,0.0,0.0,0.0,0.0,0.0,0.0,0.0,0.0,0.0,0.0,0.0,0.0,58
0698_47_Dimethylindane.xyz,185.80819807582668,57.736811197154346,53.46989484465944,28.190640802488257,26.319204042831505,24.116570628522748,16.94585254329759,10.159816314718618,7.521294397395043,5.922996401890657,1.5881946611647482,0.07298734452254581,-0.03702737546703717,-0.053376138464364446,-0.07920056429858953,-0.07969285921391021,-0.13872992695318673,-0.16513607882938122,-0.2738266367063837,-0.36613170628828495,-0.6477700127611353,-0.7160083504575228,-0.8463818412709817,-0.9204973507408112,-1.0895252193352543,0.0,0.0,0.0,0.0,0.0,0.0,0.0,0.0,0.0,0.0,0.0,0.0,0.0,0.0,0.0,0.0,0.0,0.0,0.0,0.0,0.0,0.0,0.0,0.0,0.0,0.0,0.0,0.0,0.0,0.0,0.0,58
0699_1146_Tetramethylindane.xyz,202.9976106843435,70.06850293854512,52.68900749178924,34.00643052049357,31.52914160559589,24.112487181316535,21.96761035275818,19.414946568990167,15.132558787035078,9.276850444503637,6.347597064317438,5.711126230586796,1.6774670790329633,0.04552746685758602,-0.006329738088128873,-0.027518496167793942,-0.06531826621148504,-0.06833071030833594,-0.08140840505806651,-0.08189930123159345,-0.12582417450879882,-0.14515353889832908,-0.17108555143006846,-0.44988377314571487,-0.46430582014239735,-0.6313469055469929,-0.792771824031131,-0.811103077509947,-0.8754641262019885,-0.9439741525595673,-1.0797789625881347,0.0,0.0,0.0,0.0,0.0,0.0,0.0,0.0,0.0,0.0,0.0,0.0,0.0,0.0,0.0,0.0,0.0,0.0,0.0,0.0,0.0,0.0,0.0,0.0,0.0,70
0700_1147_Tetramethylindane.xyz,204.6791938057965,66.95231954776114,54.760785325472575,34.267569862091364,28.136392189819396,26.157185167323487,23.974713820652767,18.265737652436112,14.776989339310386,8.702603722341168,7.078588736280943,5.554443804510684,1.5682313161950052,0.04972845010335444,0.02256804268894778,-0.010968175996868222,-0.046721545991356375,-0.06636971624114414,-0.08626975597433247,-0.1292511155755561,-0.13569398034926355,-0.163446470637078,-0.17338634063874436,-0.2831046711635022,-0.4731765009830661,-0.707260246475333,-0.7951414474256293,-0.8131283114834269,-0.8857970338198128,-0.9438501407600041,-1.0781177367312718,0.0,0.0,0.0,0.0,0.0,0.0,0.0,0.0,0.0,0.0,0.0,0.0,0.0,0.0,0.0,0.0,0.0,0.0,0.0,0.0,0.0,0.0,0.0,0.0,0.0,70
0701_Acenaphthylene.xyz,200.22605832715345,63.17068102032219,59.313736818765875,31.273933496671,28.16785772939564,26.44456519085012,14.051772966717163,9.211319032849403,7.241043686409976,6.422628716364487,3.8300105758107197,1.1896905984852848,-0.1758819708290992,-0.19189475710509915,-0.2709015470460001,-0.4210609848392937,-0.46323393490473,-0.6812400966386707,-0.892059174711055,-1.1497633006099655,0.0,0.0,0.0,0.0,0.0,0.0,0.0,0.0,0.0,0.0,0.0,0.0,0.0,0.0,0.0,0.0,0.0,0.0,0.0,0.0,0.0,0.0,0.0,0.0,0.0,0.0,0.0,0.0,0.0,0.0,0.0,0.0,0.0,0.0,0.0,0.0,56
0702_910_Dihydroanthracene.xyz,209.39449826961857,87.27002944998054,47.51848042348248,45.602287443001224,33.39712990555221,29.673828621030907,22.270490049520877,15.136144985182375,8.96546881086093,8.792232036444357,8.39619399367108,6.733310494154441,2.668955935710305,1.9482447311107305,-0.032248602770961414,-0.1055508155065415,-0.11784476477602948,-0.14009293867872458,-0.3427175137806934,-0.3508008756221836,-0.5288555020196939,-0.5450245517445004,-0.6489512671913492,-0.7057669200119221,-1.019919376947456,-1.2160492283079625,0.0,0.0,0.0,0.0,0.0,0.0,0.0,0.0,0.0,0.0,0.0,0.0,0.0,0.0,0.0,0.0,0.0,0.0,0.0,0.0,0.0,0.0,0.0,0.0,0.0,0.0,0.0,0.0,0.0,0.0,68
0703_512_Dihydronaphthacene.xyz,235.75521447016075,107.14991176751329,64.60671594347122,48.21785244148796,40.48183395232555,38.01938264829871,28.479713899064606,28.3341423810043,20.48080830880372,15.764350841426749,10.468856241547293,8.78496567226018,8.565882011777298,7.376385518768409,7.241729014279924,3.915049452147308,2.241586599858617,1.5914805863457422,-0.035119001369468016,-0.11223502645215364,-0.11403125468232725,-0.13908815691419282,-0.3321666256832274,-0.34757134624391317,-0.458501947565917,-0.5362516944883117,-0.5702609556929129,-0.5851190737240918,-0.6485989348688562,-0.8039730563952697,-1.0916764457231876,-1.25537464107106,0.0,0.0,0.0,0.0,0.0,0.0,0.0,0.0,0.0,0.0,0.0,0.0,0.0,0.0,0.0,0.0,0.0,0.0,0.0,0.0,0.0,0.0,0.0,0.0,86
0704_910_Dihydro_91012benzenoanthracene.xyz,264.8880902984614,85.22479734298484,85.22352603954157,50.25700896753891,49.052850178804626,33.26584204207949,33.26569484412584,29.356597007606993,29.356345422640903,21.76527674818204,13.950282029525294,8.925826303294421,8.925697783690053,8.725365726416582,8.725234319612687,7.41151433781039,6.397721102595947,2.62018104755014,2.6201534830536137,1.5393397395111257,-0.08903232183925751,-0.14408653054971832,-0.1440900137128365,-0.34324783193769076,-0.3497788160931053,-0.34978063589995734,-0.4216176562499701,-0.5456724883629207,-0.5456763112097731,-0.5594420224211714,-0.5613729119258196,-1.0213280614741211,-1.0213339533206411,-1.238781221510961,0.0,0.0,0.0,0.0,0.0,0.0,0.0,0.0,0.0,0.0,0.0,0.0,0.0,0.0,0.0,0.0,0.0,0.0,0.0,0.0,0.0,0.0,94
0705_12345678_Octahydroanthracene.xyz,207.29780946566922,83.64210382947306,48.337874362079866,45.92306452670926,32.883686632032585,29.472911935595626,22.763050578391127,14.862520421719687,11.642529717707287,11.007166578589441,9.283300798290668,8.145330992169177,4.902814683655622,1.8330814779110818,0.05370494172719818,0.02905713595165776,-0.08023119273571336,-0.0853547497769095,-0.1014451712693863,-0.10175731558614255,-0.14382330792662493,-0.1493134625855986,-0.29144444707111805,-0.33670459346172354,-0.4576034914981635,-0.5012829132995145,-0.5410850116465681,-0.7170404985513248,-0.7215830554528996,-0.7330228365307581,-0.9738817313709396,-1.130961506945782,0.0,0.0,0.0,0.0,0.0,0.0,0.0,0.0,0.0,0.0,0.0,0.0,0.0,0.0,0.0,0.0,0.0,0.0,0.0,0.0,0.0,0.0,0.0,0.0,74
0706_22_Metacyclophane.xyz,230.36261331720402,83.42380728197207,64.57642073215531,41.97207520644984,35.465644853832345,34.054447170610565,27.44305254038432,22.70207131422394,14.918087768391256,13.592120747081717,8.927794346885612,8.599390439095178,7.801993687576254,6.006426685942589,2.691937324328897,2.4589551963020275,-0.01625374081975296,-0.046069684720924355,-0.09060020987533335,-0.11102060145976533,-0.17810629513233617,-0.20572092731154806,-0.43967196107408385,-0.4417289388216178,-0.4534980828823324,-0.49132571687402427,-0.49703551567923876,-0.5312151714990031,-0.7442582367580798,-0.835313787182925,-1.0286660194593253,-1.1566705320705117,0.0,0.0,0.0,0.0,0.0,0.0,0.0,0.0,0.0,0.0,0.0,0.0,0.0,0.0,0.0,0.0,0.0,0.0,0.0,0.0,0.0,0.0,0.0,0.0,80
0707_22_Paracyclophane.xyz,236.03224384990006,73.50664379561181,68.50126985823236,39.676757507393965,35.18264060832143,34.59066538177253,30.94423693109631,20.601730445727796,16.566189533453535,11.496051536163803,10.116348883853327,9.103549023808807,7.871481713378295,5.636051240568642,2.8128687269491155,2.2984596051422486,0.049073437200530624,-0.0008529828275126755,-0.15063047950991243,-0.16453031998231596,-0.2351323518579742,-0.23610150355857146,-0.30192115638794353,-0.33245665326240825,-0.46340448868840445,-0.4670926777149899,-0.586159182221637,-0.6069893040480651,-0.712824700054812,-0.8330015094779989,-1.011210124233094,-1.1542714539336782,0.0,0.0,0.0,0.0,0.0,0.0,0.0,0.0,0.0,0.0,0.0,0.0,0.0,0.0,0.0,0.0,0.0,0.0,0.0,0.0,0.0,0.0,0.0,0.0,80
0708_22_Metaparacyclophane.xyz,234.92870314458173,76.57601351909362,66.83501091518193,41.07013043667852,34.506100374926156,34.32265521537541,29.678536789700026,21.946411556178845,14.952168398242732,13.250994209107985,9.594401665821053,8.897615072461434,6.769512376792433,6.55514281765826,2.552307028869876,2.534173311638968,0.017396755517301247,-0.02580049190567819,-0.12077687017621355,-0.13563734768674032,-0.1833545251169456,-0.2661938908483954,-0.29473251573547493,-0.43845731434020635,-0.4565692855014505,-0.4823935578946567,-0.5199022497352389,-0.5960007432816375,-0.761276917487871,-0.7805266250075412,-1.0974258894124387,-1.098542172880745,0.0,0.0,0.0,0.0,0.0,0.0,0.0,0.0,0.0,0.0,0.0,0.0,0.0,0.0,0.0,0.0,0.0,0.0,0.0,0.0,0.0,0.0,0.0,0.0,80
0709_33_Paracyclophane.xyz,245.80697053788583,80.42184966406057,77.23980126255917,43.92996136762096,40.099777190010094,39.169847055329136,31.708119524414855,25.906153134408168,22.5354533475816,15.624486738596248,12.996869806922497,9.868125924204413,9.849949443916035,9.230726447063947,6.552652182003164,6.165108500605782,2.5514832599095763,2.4388931073572477,0.018116655567236184,-0.032421851710426726,-0.07429946784721805,-0.08749602436322372,-0.10678627419714284,-0.11869169532033917,-0.23693354641363223,-0.24779081492331256,-0.2915736702263908,-0.325783384579403,-0.39636906993748566,-0.4065442062168455,-0.5904279955300636,-0.5969724240396903,-0.6031418778160162,-0.6459132570358437,-0.775578218751333,-0.905852046639234,-1.076272801154695,-1.1496029336472597,0.0,0.0,0.0,0.0,0.0,0.0,0.0,0.0,0.0,0.0,0.0,0.0,0.0,0.0,0.0,0.0,0.0,0.0,92
0710_18_Paracyclophane.xyz,252.80405485617786,99.03520901568888,86.42272632918184,51.396927738161,49.52927050053801,37.931215393961836,33.310850483972914,31.464686689398913,30.956691910574175,21.03420974108288,20.192171174611975,15.299284796908374,12.611947979769713,10.168295492704411,9.664466428946028,9.247059003998277,8.732374659833862,6.851671438892829,6.1636724934346,2.5654494566349464,2.4834188134148247,0.0779131750934012,0.016564492481498105,-0.02015966059181575,-0.05923995807832458,-0.08456931396440788,-0.10326020132914474,-0.13669646986934963,-0.1429934233938,-0.18219446768898714,-0.2352260369885978,-0.24902732474948575,-0.289507457506316,-0.32267645714198523,-0.3304720220275534,-0.41669037362353595,-0.48131696722119305,-0.5758897461790923,-0.5890178306155474,-0.6057957497345564,-0.6174980898612943,-0.6645147930154772,-0.7569731053356776,-0.8842405353330068,-0.961991664072459,-1.0760898402010606,-1.1538813889959505,0.0,0.0,0.0,0.0,0.0,0.0,0.0,0.0,0.0,110
0711_66_Paracyclophane.xyz,259.05421844116745,111.41608730249978,94.55521380799765,61.928680066849545,56.702488105477975,39.1400042822617,37.895399702057816,36.37052489524203,34.516229830603216,26.86828458787352,25.916008838456357,19.62683120430871,17.328568329400436,14.008236520217,12.584422988337609,10.612604565278378,10.009691298638025,9.512519107042833,9.08975281554202,8.650474320842102,6.468760108679161,6.3215802667594,2.523711140863163,2.4928138201065138,0.09019737957000543,0.07362222499798098,0.0022495492669947006,-0.05555757677953939,-0.06685402035380074,-0.08550533794301796,-0.09188015880593212,-0.11992452946388263,-0.1443946677017376,-0.1477654128945491,-0.15090568263868614,-0.17816706405653845,-0.22709096652448252,-0.2574948925515044,-0.2735784621688414,-0.299309180378537,-0.34296040844027226,-0.3629784439073524,-0.46198685349751434,-0.49259955434344876,-0.5444237800292765,-0.5562540728002346,-0.5957401791714668,-0.5976144721592382,-0.6505578851823325,-0.6968979965984711,-0.7656125682473031,-0.8500305803208439,-0.9170473111183001,-0.9841922677017965,-1.1140095925691913,-1.1333167957668933,128
0712_2_Methyladamantane.xyz,194.09893836958298,49.46268660837008,41.764206590535004,41.72953745926464,26.130275289571394,19.270357141748576,15.884598555007912,9.555279875401459,9.543001251443407,8.632499291649424,4.830559599105796,0.04641546231850045,0.007985795966150542,-0.0018352613187639843,-0.03571014731276421,-0.052829780432450665,-0.15120757866325443,-0.15795709347726028,-0.16061429615935785,-0.26689355979246765,-0.2739880734889599,-0.2905221544567532,-0.45505210747520475,-0.6147420348525026,-0.670956038159081,-0.7352520749160641,-0.7369709693945787,-0.8668342484930882,-1.0458186778874574,0.0,0.0,0.0,0.0,0.0,0.0,0.0,0.0,0.0,0.0,0.0,0.0,0.0,0.0,0.0,0.0,0.0,0.0,0.0,0.0,0.0,0.0,0.0,0.0,0.0,0.0,0.0,62
0713_1_Ethyladamantane.xyz,201.534636753236,58.516582829376716,41.838671369823956,41.745965808803675,31.07402770915586,19.31190045458228,19.2990147579893,14.574137275771669,9.51168845671449,9.47847299278334,7.715805512095932,4.869682015353835,0.05655388663693086,0.02011460087853189,-0.0023718224048670457,-0.03412461607026549,-0.05873122080684045,-0.09712861592769605,-0.1299202992332736,-0.16364531636937954,-0.16441232832612585,-0.1912865057564496,-0.2730507499798462,-0.2777882245173095,-0.5192584470966852,-0.6145486044597327,-0.6164917027781456,-0.6567649606043542,-0.7365441403714531,-0.7378343771886913,-0.9341069622635941,-1.0419831359367666,0.0,0.0,0.0,0.0,0.0,0.0,0.0,0.0,0.0,0.0,0.0,0.0,0.0,0.0,0.0,0.0,0.0,0.0,0.0,0.0,0.0,0.0,0.0,0.0,68
0714_135_Trimethyladamantane.xyz,212.7864747130924,53.68431582899877,53.680138410261705,44.583459781832225,23.11037032452481,21.136523187906445,21.13602913554323,19.23094235160125,19.22879046812595,9.094672195723378,7.7584341076807535,7.7574836424065365,4.860997766481788,0.08639582096783614,0.05471954637977317,0.05463634467358296,-0.06059609862774793,-0.06921170798244645,-0.06923423857859204,-0.12357367320164421,-0.12363363998313906,-0.14686445256546676,-0.1759618267134916,-0.17601194581603413,-0.18016977825937563,-0.21074994713022852,-0.6140238856648874,-0.6140664329078414,-0.6460819508683313,-0.6461422266922021,-0.6786572484409515,-0.8043675611157478,-0.8690912566528398,-0.8691453354909195,-1.0114328269714319,0.0,0.0,0.0,0.0,0.0,0.0,0.0,0.0,0.0,0.0,0.0,0.0,0.0,0.0,0.0,0.0,0.0,0.0,0.0,0.0,0.0,74
0715_1357_Tetramethyladamantane.xyz,221.71546065321962,53.660688352502774,53.65662893522415,53.65280945101402,24.099684459801114,21.123868847660393,21.123662288806813,21.122682559301705,19.209570663959802,19.207413394904457,7.74648800346487,7.745617269942959,7.744698549006444,4.799831111290446,0.07881327479680313,0.07871211008849867,0.07867178431100653,-0.06052704333648036,-0.060561910543412874,-0.060576401114862816,-0.07692391054037216,-0.07694514058050257,-0.14802330527561863,-0.14802727704082058,-0.1480714056744893,-0.18085583574410097,-0.1808959826396641,-0.18091668748620218,-0.6140951461373717,-0.6141446168260304,-0.6464367562720443,-0.646481755409415,-0.6465325749625492,-0.733888440801933,-0.8692077456194915,-0.8692612978961178,-0.8692795945053058,-1.0001760889258746,0.0,0.0,0.0,0.0,0.0,0.0,0.0,0.0,0.0,0.0,0.0,0.0,0.0,0.0,0.0,0.0,0.0,0.0,80
0716_11_Biadamantane.xyz,264.5917010701453,110.00861512630058,49.42447097889341,44.443055804707846,44.43675490918633,39.09344940053722,39.09096779494953,29.034427543476976,19.87914075137601,19.87691490496319,18.585573105958634,18.585019823377422,11.52993981628305,9.758850902666268,9.757795336723094,9.11919083958561,9.118544181918185,7.333125860920954,5.542079026360439,3.9920356212240766,0.014406928538692897,0.014072328083484097,0.0031906542078224682,-0.0031181821439629333,-0.006197655597784249,-0.017047557742488763,-0.01717843799919913,-0.08826432946945117,-0.12676802063152626,-0.15093658810999003,-0.15096169829078904,-0.16687895875541953,-0.16694275450598395,-0.22740465881938957,-0.27355737992360674,-0.2736357123605114,-0.2900077943362626,-0.2900114515142424,-0.5965480387273694,-0.6090155968402663,-0.6090856204168594,-0.6327930455758345,-0.6328086686081421,-0.7300155733961212,-0.730058119046673,-0.7328737045973323,-0.7553693972949863,-0.7554064817962681,-0.9889488756165998,-1.049384419748014,0.0,0.0,0.0,0.0,0.0,0.0,110
0717_3a477a_tetrahydro_1H_indene.xyz,165.31680597809418,57.21276651123358,38.30540079262635,27.276113284001543,21.49542167248735,13.127144454590628,8.460726314047784,6.31108084318002,4.959424007651681,0.05837287336278093,-0.07412802288357564,-0.10992316741282745,-0.11459110264827475,-0.19112123435118872,-0.28217885913984325,-0.3584251231552408,-0.4829488933439684,-0.6461970126420702,-0.6629347686343441,-0.8729436017504436,-1.0049181504807267,0.0,0.0,0.0,0.0,0.0,0.0,0.0,0.0,0.0,0.0,0.0,0.0,0.0,0.0,0.0,0.0,0.0,0.0,0.0,0.0,0.0,0.0,0.0,0.0,0.0,0.0,0.0,0.0,0.0,0.0,0.0,0.0,0.0,0.0,0.0,48
0718_5_Ethenylbicyclo221hept_2_ene.xyz,167.10004319702358,55.75427203010102,32.705245261867596,28.275101389648476,24.93317480539599,12.419279803879403,8.720146849849586,7.108462586456817,5.555214438558289,-0.01147738782548327,-0.043101886647967776,-0.06453305396462364,-0.10837387129717214,-0.26101275751318925,-0.31103393339597135,-0.3563303905645015,-0.42921909410358694,-0.6585242193406495,-0.7867249661337522,-0.8416014857481855,-0.9760605214120388,0.0,0.0,0.0,0.0,0.0,0.0,0.0,0.0,0.0,0.0,0.0,0.0,0.0,0.0,0.0,0.0,0.0,0.0,0.0,0.0,0.0,0.0,0.0,0.0,0.0,0.0,0.0,0.0,0.0,0.0,0.0,0.0,0.0,0.0,0.0,48
0719_33_Dimethylbicyclo320hepta_14_diene.xyz,166.806508129632,55.66023541474212,31.83954259161229,27.389787237431015,24.169691910545307,15.075197182140457,12.228013514648014,5.782335558403809,3.340929275334077,0.012141821532430345,-0.016116531890014062,-0.03599706252810511,-0.10961468558471045,-0.1330063819502075,-0.13827643686765817,-0.4318449547811685,-0.4995244370207494,-0.5589011331723318,-0.8111827579172202,-0.9194394353344666,-0.9275320241413814,0.0,0.0,0.0,0.0,0.0,0.0,0.0,0.0,0.0,0.0,0.0,0.0,0.0,0.0,0.0,0.0,0.0,0.0,0.0,0.0,0.0,0.0,0.0,0.0,0.0,0.0,0.0,0.0,0.0,0.0,0.0,0.0,0.0,0.0,0.0,48
0720_Trispiro202402703nonane.xyz,166.5048972915838,49.79308895080623,49.78875107624533,21.13205997264855,16.086689473270706,13.64668534338683,13.646071830577043,5.807259587911175,5.807175806473121,0.05826063810456811,0.05822779197429285,-0.05628573923700774,-0.10952994306890178,-0.10955742012674842,-0.14786950112065364,-0.4524235541093746,-0.6338929757323903,-0.6339050069594989,-0.8100989335962151,-0.8263234429794825,-0.8263344512179187,0.0,0.0,0.0,0.0,0.0,0.0,0.0,0.0,0.0,0.0,0.0,0.0,0.0,0.0,0.0,0.0,0.0,0.0,0.0,0.0,0.0,0.0,0.0,0.0,0.0,0.0,0.0,0.0,0.0,0.0,0.0,0.0,0.0,0.0,0.0,48
0721_Trispiro200251413nonane.xyz,164.67324410627958,61.981358060463315,36.807702096864716,25.433115187672023,14.674256628383656,14.185261329157932,11.436677589655178,8.230340652468788,4.83087724380254,0.03228918224508586,0.017487524363826952,-0.04007725093370256,-0.07140146069741893,-0.12348147932049598,-0.1318262892152921,-0.5446482001022767,-0.5722964807177073,-0.7231588431924673,-0.7288308609554834,-0.8197715992237639,-0.82417034216459,0.0,0.0,0.0,0.0,0.0,0.0,0.0,0.0,0.0,0.0,0.0,0.0,0.0,0.0,0.0,0.0,0.0,0.0,0.0,0.0,0.0,0.0,0.0,0.0,0.0,0.0,0.0,0.0,0.0,0.0,0.0,0.0,0.0,0.0,0.0,48
0722_Tricyclo5210410deca_258_triene.xyz,182.54879342450806,50.7738252662293,50.77290685134056,26.235082087704416,21.196080916873377,21.196032237208954,8.177339898526073,6.280403705783854,5.3776915047892615,5.377669665109654,0.039672939294813636,-0.19393667804268228,-0.19394431027973422,-0.2745305566759796,-0.3483068857434751,-0.34830908283535017,-0.6521134428607004,-0.6771598474956434,-0.853072128169138,-0.8530735710063709,0.0,0.0,0.0,0.0,0.0,0.0,0.0,0.0,0.0,0.0,0.0,0.0,0.0,0.0,0.0,0.0,0.0,0.0,0.0,0.0,0.0,0.0,0.0,0.0,0.0,0.0,0.0,0.0,0.0,0.0,0.0,0.0,0.0,0.0,0.0,0.0,50
0723_But_1_yn_1_ylbenzene.xyz,164.0312670981006,71.61201545172982,41.08141240743087,35.6403627747661,26.670967718483077,14.82419197487642,9.639592758273636,9.172617629182007,3.941525380050946,1.359667689236719,0.0036627796312561326,-0.0676751888924552,-0.11124232543352185,-0.13887510758749183,-0.2444995929250034,-0.48418192717464065,-0.5630935314839828,-0.5995858641215973,-0.9868339355670763,-1.2002441943163555,0.0,0.0,0.0,0.0,0.0,0.0,0.0,0.0,0.0,0.0,0.0,0.0,0.0,0.0,0.0,0.0,0.0,0.0,0.0,0.0,0.0,0.0,0.0,0.0,0.0,0.0,0.0,0.0,0.0,0.0,0.0,0.0,0.0,0.0,0.0,0.0,50
0724_2_Methylidenecyclopropylbenzene.xyz,170.83547280414615,69.83647449048459,36.88844933563394,34.41128482037116,25.82201376070439,14.479616073113622,9.629518427525738,7.980117268660946,5.640503807352366,2.682956589408482,-0.03971239208661285,-0.044082493488542214,-0.1048343673590352,-0.24540077150320966,-0.39366159880402257,-0.47475646173287883,-0.59738185874309,-0.7068924673109992,-0.877876365855873,-1.1407566062577548,0.0,0.0,0.0,0.0,0.0,0.0,0.0,0.0,0.0,0.0,0.0,0.0,0.0,0.0,0.0,0.0,0.0,0.0,0.0,0.0,0.0,0.0,0.0,0.0,0.0,0.0,0.0,0.0,0.0,0.0,0.0,0.0,0.0,0.0,0.0,0.0,50
0725_Tricyclo620036deca_1367_triene.xyz,177.69145515258793,64.6087629732275,38.85880503868912,31.269657184909896,18.662601371114214,17.206563100905527,14.09551211798161,8.378983001784524,5.203076640739227,1.817068783744259,0.022085989032041082,0.00010692450194909048,-0.13666236439618729,-0.13899766044656497,-0.41489731328981533,-0.47577018726357734,-0.5201691053792592,-0.5839861035553804,-0.8532317040270441,-1.1099118466004183,0.0,0.0,0.0,0.0,0.0,0.0,0.0,0.0,0.0,0.0,0.0,0.0,0.0,0.0,0.0,0.0,0.0,0.0,0.0,0.0,0.0,0.0,0.0,0.0,0.0,0.0,0.0,0.0,0.0,0.0,0.0,0.0,0.0,0.0,0.0,0.0,50
0726_Tricyclo332028deca_369_triene.xyz,182.63898700115578,48.295521099780856,43.47169672828129,43.47028017915256,16.140250296586238,14.594475618507682,14.59362782334281,5.209248748209008,5.208234963417127,4.32367505523006,0.08138081067935976,-0.15082286869050404,-0.19149161264197573,-0.19150659979884832,-0.42248431372485723,-0.4584501122735514,-0.45846266327577967,-0.8279051176520752,-0.8279954201762941,-0.9172076218494533,0.0,0.0,0.0,0.0,0.0,0.0,0.0,0.0,0.0,0.0,0.0,0.0,0.0,0.0,0.0,0.0,0.0,0.0,0.0,0.0,0.0,0.0,0.0,0.0,0.0,0.0,0.0,0.0,0.0,0.0,0.0,0.0,0.0,0.0,0.0,0.0,50
0727_34_Dimethylidenebicyclo420octa_15_diene.xyz,175.3712231533557,61.32729488474587,44.06949601813333,27.810641989316213,25.66885833545709,14.900793489826333,13.687102815631427,7.859283227550105,5.244290581302677,2.0765922225192197,0.01015873048535564,0.004110277503498463,-0.11805760733230009,-0.1379056487288531,-0.4278259545251109,-0.5178178096640674,-0.5515931454289179,-0.7306025727260318,-0.8504866951814448,-1.1145042979806443,0.0,0.0,0.0,0.0,0.0,0.0,0.0,0.0,0.0,0.0,0.0,0.0,0.0,0.0,0.0,0.0,0.0,0.0,0.0,0.0,0.0,0.0,0.0,0.0,0.0,0.0,0.0,0.0,0.0,0.0,0.0,0.0,0.0,0.0,0.0,0.0,50
0728_27_Dimethylocta_17_dien_35_diyne.xyz,153.04530527677338,79.24058609152712,46.61276367445,27.49504899775428,24.20555324441265,23.83337733036901,12.39786024103063,7.48964338093172,3.520616046861043,0.005858238981215632,-0.0034293880719083996,-0.0651851121653239,-0.07056555015786757,-0.11136528171690749,-0.11846790279034183,-0.2334035510856212,-0.7336717199314197,-0.7473972374388175,-0.9827618684147003,-1.1993129170585697,0.0,0.0,0.0,0.0,0.0,0.0,0.0,0.0,0.0,0.0,0.0,0.0,0.0,0.0,0.0,0.0,0.0,0.0,0.0,0.0,0.0,0.0,0.0,0.0,0.0,0.0,0.0,0.0,0.0,0.0,0.0,0.0,0.0,0.0,0.0,0.0,50
0729_4_Cyclopropylbuta_13_diyn_1ylcyclopropane.xyz,153.694782758729,81.82451646015949,50.22549673622064,31.036000899096415,16.653210949318343,14.003468882425379,13.994523578330488,11.50730316060426,4.755917213205981,0.2081680022149711,0.026592728418333263,-0.05638259487695872,-0.12190275749193093,-0.12269233696394256,-0.2608374834589514,-0.370982219200457,-0.7096307712906141,-0.8512287333298492,-0.8515215077421345,-1.0037509701090137,0.0,0.0,0.0,0.0,0.0,0.0,0.0,0.0,0.0,0.0,0.0,0.0,0.0,0.0,0.0,0.0,0.0,0.0,0.0,0.0,0.0,0.0,0.0,0.0,0.0,0.0,0.0,0.0,0.0,0.0,0.0,0.0,0.0,0.0,0.0,0.0,50
0730_1245_Tetramethylbenzene.xyz,173.4294014947793,57.19419907092887,44.11204931895598,28.95287923503587,25.83295456112683,19.44842895855618,15.940196567864115,8.409962110476558,5.668425063503926,1.9368709722141664,0.01440963155392486,-0.007030370069644761,-0.027781768357796784,-0.04237510834005014,-0.11633230769954189,-0.12568553965231002,-0.14028227978711774,-0.1425713227218681,-0.46411077635847264,-0.600916451614932,-0.8158922888353776,-0.8169099092190505,-0.9181910717330583,-1.1406457963471595,0.0,0.0,0.0,0.0,0.0,0.0,0.0,0.0,0.0,0.0,0.0,0.0,0.0,0.0,0.0,0.0,0.0,0.0,0.0,0.0,0.0,0.0,0.0,0.0,0.0,0.0,0.0,0.0,0.0,0.0,0.0,0.0,54
0731_Tricyclo5210410dec_2_ene.xyz,181.1109495921338,51.606598813969455,47.18641164345617,26.186539671792033,22.392101021745827,21.375848938829975,11.157412569185597,7.773096879755687,6.265906783960863,5.815060592124752,0.12100570185758797,-0.043674798162171756,-0.06373030811051189,-0.10542378572496824,-0.16163657083114122,-0.20902019610173228,-0.3063087962943719,-0.34256942058101564,-0.4354405767121178,-0.4961505558017992,-0.7197008363952174,-0.728898663052502,-0.8951544196887412,-0.9021712870960751,0.0,0.0,0.0,0.0,0.0,0.0,0.0,0.0,0.0,0.0,0.0,0.0,0.0,0.0,0.0,0.0,0.0,0.0,0.0,0.0,0.0,0.0,0.0,0.0,0.0,0.0,0.0,0.0,0.0,0.0,0.0,0.0,54
0732_1234_Tetramethyl_5_methylidenecyclopenta_13_diene.xyz,174.50218265906932,49.64667035402282,48.68195107567037,27.375278372461892,26.890292527030592,22.4205227165153,14.074612657352368,11.245495021937218,2.8995877678821267,2.8641712046783785,0.02187676280951716,0.017402647418804363,0.0017141538865641643,-0.06730261398877635,-0.07496988229362116,-0.07915861757051772,-0.13313659541558262,-0.13875842434587563,-0.18938556661967085,-0.7357002529529498,-0.8110779874066714,-0.8339528986751605,-0.9906762988506085,-1.0065867883562492,0.0,0.0,0.0,0.0,0.0,0.0,0.0,0.0,0.0,0.0,0.0,0.0,0.0,0.0,0.0,0.0,0.0,0.0,0.0,0.0,0.0,0.0,0.0,0.0,0.0,0.0,0.0,0.0,0.0,0.0,0.0,0.0,54
0733_Cyclohexylbenzene.xyz,186.20541526524357,80.06295459930686,41.13765496501318,35.493298050947594,35.21059300261687,25.814658329660066,12.859287723872287,12.325560008657527,9.704050086827479,8.643299123556941,6.564432955338527,2.722507414190428,0.0710783573848253,-0.07021760779686029,-0.08386557754249975,-0.08616443547915933,-0.11313432692472186,-0.13861959462191545,-0.23964096017494124,-0.25495175835064565,-0.40492534494600135,-0.46255198398278463,-0.4628169445538874,-0.5958785267484324,-0.6934889134915074,-0.7676214339343892,-0.995845644412993,-1.1478044365441042,0.0,0.0,0.0,0.0,0.0,0.0,0.0,0.0,0.0,0.0,0.0,0.0,0.0,0.0,0.0,0.0,0.0,0.0,0.0,0.0,0.0,0.0,0.0,0.0,0.0,0.0,0.0,0.0,64
0734_E_11_bicyclohexylidene_22_diene.xyz,185.97198889897356,79.00765313755818,41.393579292794534,38.832320920240186,33.00471627663623,24.950996198124084,14.11136310176255,11.968370396771943,10.73663766418772,8.499879927038481,5.479099268809276,2.5676438019704437,0.021912577327534648,0.009972792727364194,-0.05577776399910718,-0.08612905972289242,-0.11816365481448661,-0.12102931325106168,-0.17474344157050706,-0.22164544061105215,-0.3551240742064579,-0.4060950898882295,-0.5413781362238081,-0.6713578721387842,-0.6901985634094828,-0.7278804542052204,-0.981766051258882,-1.1075829465107363,0.0,0.0,0.0,0.0,0.0,0.0,0.0,0.0,0.0,0.0,0.0,0.0,0.0,0.0,0.0,0.0,0.0,0.0,0.0,0.0,0.0,0.0,0.0,0.0,0.0,0.0,0.0,0.0,64
0735_Z_11_bicyclohexylidene_22_diene.xyz,185.9788478590894,78.97236122212203,41.443112967765586,38.84231068416586,33.02540979907225,24.898375462904124,14.135488562914459,11.97666716032572,10.780280113784153,8.30950441716475,5.630802062451178,2.526097804533362,0.06159169364420845,-0.014272681037696983,-0.05254483943197462,-0.07514142324934256,-0.1187559538739857,-0.1384058277313235,-0.1746993413197057,-0.24595509564027554,-0.3248998098994017,-0.4203026534756381,-0.5378272442381219,-0.6766911022518017,-0.6848011336985307,-0.7294714245805053,-0.9804696624488626,-1.109349223948569,0.0,0.0,0.0,0.0,0.0,0.0,0.0,0.0,0.0,0.0,0.0,0.0,0.0,0.0,0.0,0.0,0.0,0.0,0.0,0.0,0.0,0.0,0.0,0.0,0.0,0.0,0.0,0.0,64
0736_Tricyclo422225dodeca_37_diene_1.xyz,203.69106212812926,56.455442871754855,46.240656014853634,41.36554846246773,30.011810462859653,22.001051041239077,16.8746590843296,11.493339130200482,10.510923354413444,7.863908286161989,6.118875999477052,3.8356374815538485,0.08996693908869217,0.003500011674687097,-0.0010065399715994132,-0.15181699642216467,-0.16454814588569544,-0.17486084636736693,-0.18349257266970848,-0.3335993421904959,-0.3526866672345487,-0.3852821805553264,-0.5110863346085851,-0.659026749066702,-0.7045090914848975,-0.7068746974934907,-0.8787536520672431,-1.0515750590750812,0.0,0.0,0.0,0.0,0.0,0.0,0.0,0.0,0.0,0.0,0.0,0.0,0.0,0.0,0.0,0.0,0.0,0.0,0.0,0.0,0.0,0.0,0.0,0.0,0.0,0.0,0.0,0.0,64
0737_Tricyclo422225dodeca_37_diene_2.xyz,203.38333755215274,57.099872034784894,45.94400573939104,41.18127328797432,30.037652846342105,22.20890982893018,16.75407844779219,11.894578658719986,9.97183298365496,7.95407645886426,6.213219748325009,3.8326097920934856,0.0979570143010357,0.08496769388501503,-0.08000192380267587,-0.11245762026201597,-0.16502670861349852,-0.19803916185925785,-0.21404921354228285,-0.27972379125909214,-0.3866986794862138,-0.4177438102011126,-0.4884090653949024,-0.669545218981109,-0.6819596604621202,-0.7337818099805408,-0.8718616830632816,-1.0618113471919248,0.0,0.0,0.0,0.0,0.0,0.0,0.0,0.0,0.0,0.0,0.0,0.0,0.0,0.0,0.0,0.0,0.0,0.0,0.0,0.0,0.0,0.0,0.0,0.0,0.0,0.0,0.0,0.0,64
0738_Tricyclo442016dodeca_24_diene.xyz,199.81305526674117,61.29789235186426,44.96512429102473,42.324160509794574,26.93500404399464,24.31366071232451,15.79249127892751,13.027011596732633,9.938864016922679,8.434197196104563,6.49198984246944,3.2157384064545114,0.1064535024317686,-0.03250822859836943,-0.07268794931224046,-0.10545017291747501,-0.12329263401498437,-0.15093650353106003,-0.18090975813929397,-0.29735372725572895,-0.31450421728542544,-0.47384204526121754,-0.5368411410562501,-0.5640096163480075,-0.7216936791199148,-0.808264045237779,-0.9041122653141418,-1.0719746392837939,0.0,0.0,0.0,0.0,0.0,0.0,0.0,0.0,0.0,0.0,0.0,0.0,0.0,0.0,0.0,0.0,0.0,0.0,0.0,0.0,0.0,0.0,0.0,0.0,0.0,0.0,0.0,0.0,64
0739_Pentacyclo6310270350911dodecane.xyz,203.3452620130903,69.00835480946006,40.7204635200626,37.18768930460655,25.271484777305183,21.70794382700233,14.783355260885994,13.650546143698778,9.822201227878834,8.547295080700623,6.890981734590542,5.572170773524639,0.06365599029821306,0.0009062933228887588,-0.02022871436678526,-0.08568009725004201,-0.13709508009598984,-0.23703582825323974,-0.2721988854071822,-0.28388046648801923,-0.41440870872420543,-0.43516717936685384,-0.5434960128084568,-0.6891237166101531,-0.7004480829579154,-0.7200411493239603,-0.8556922569480974,-0.8805521847154262,0.0,0.0,0.0,0.0,0.0,0.0,0.0,0.0,0.0,0.0,0.0,0.0,0.0,0.0,0.0,0.0,0.0,0.0,0.0,0.0,0.0,0.0,0.0,0.0,0.0,0.0,0.0,0.0,64
0740_5_Methylidenecyclopenta_13_diene.xyz,132.89254118294414,38.55293222213136,29.602581569512047,15.239772283115816,5.98273158623257,4.7092295127538035,-0.044609762328313124,-0.15220149053539866,-0.30211427303778626,-0.5833274595086753,-0.8435743309216496,-0.9053298438021036,0.0,0.0,0.0,0.0,0.0,0.0,0.0,0.0,0.0,0.0,0.0,0.0,0.0,0.0,0.0,0.0,0.0,0.0,0.0,0.0,0.0,0.0,0.0,0.0,0.0,0.0,0.0,0.0,0.0,0.0,0.0,0.0,0.0,0.0,0.0,0.0,0.0,0.0,0.0,0.0,0.0,0.0,0.0,0.0,30
0741_34_Dimethylidencyclobut_1_ene.xyz,131.55516914242975,37.07241356078584,32.453423303176635,12.000363460362093,10.790213602471194,3.0775428372628357,-0.009308134965903204,-0.08264875345468556,-0.2604956011668938,-0.6395749785067902,-0.7353030317902959,-1.0731642100482532,0.0,0.0,0.0,0.0,0.0,0.0,0.0,0.0,0.0,0.0,0.0,0.0,0.0,0.0,0.0,0.0,0.0,0.0,0.0,0.0,0.0,0.0,0.0,0.0,0.0,0.0,0.0,0.0,0.0,0.0,0.0,0.0,0.0,0.0,0.0,0.0,0.0,0.0,0.0,0.0,0.0,0.0,0.0,0.0,30
0742_Hexa_24_diyne.xyz,119.4065045539047,53.304611613659844,29.343661329371134,17.939063849664993,5.953463284121767,0.23573582522616415,-0.041042311051967255,-0.04408890152235045,-0.04903221668752834,-0.051997474157343286,-0.7853859527467747,-1.0628624032269838,0.0,0.0,0.0,0.0,0.0,0.0,0.0,0.0,0.0,0.0,0.0,0.0,0.0,0.0,0.0,0.0,0.0,0.0,0.0,0.0,0.0,0.0,0.0,0.0,0.0,0.0,0.0,0.0,0.0,0.0,0.0,0.0,0.0,0.0,0.0,0.0,0.0,0.0,0.0,0.0,0.0,0.0,0.0,0.0,30
0743_3_Methylidenecyclopent_1_ene.xyz,131.0286233685563,39.15357906133213,29.22998488987839,16.500367011950278,7.645828341366486,4.838170199829147,0.012086937246949763,-0.04584067673938762,-0.15285559043591623,-0.190231644563403,-0.4261684305810689,-0.6322218633589213,-0.8887279318528205,-0.923962476072489,0.0,0.0,0.0,0.0,0.0,0.0,0.0,0.0,0.0,0.0,0.0,0.0,0.0,0.0,0.0,0.0,0.0,0.0,0.0,0.0,0.0,0.0,0.0,0.0,0.0,0.0,0.0,0.0,0.0,0.0,0.0,0.0,0.0,0.0,0.0,0.0,0.0,0.0,0.0,0.0,0.0,0.0,32
0744_Bicyclo310hex_2_ene.xyz,134.86435374009062,36.6850171553824,28.26846028037169,14.00123937869882,8.475061654050567,6.046786145946617,0.008193818003668942,-0.08273063488034106,-0.11273665424462219,-0.2809967556292927,-0.390479283834137,-0.6993130617578496,-0.7113814688476943,-0.9228431167948425,0.0,0.0,0.0,0.0,0.0,0.0,0.0,0.0,0.0,0.0,0.0,0.0,0.0,0.0,0.0,0.0,0.0,0.0,0.0,0.0,0.0,0.0,0.0,0.0,0.0,0.0,0.0,0.0,0.0,0.0,0.0,0.0,0.0,0.0,0.0,0.0,0.0,0.0,0.0,0.0,0.0,0.0,32
0745_12_Dimethylidenecyclobutane.xyz,130.1451872162683,36.98611549739046,31.717606920541396,14.664899974282331,11.286414495706838,3.552044605875431,0.011062272241456098,-0.008457926001242502,-0.08625956836827868,-0.1387667198668216,-0.45876076732510057,-0.7300912813933338,-0.7324726366134551,-1.0598908861822909,0.0,0.0,0.0,0.0,0.0,0.0,0.0,0.0,0.0,0.0,0.0,0.0,0.0,0.0,0.0,0.0,0.0,0.0,0.0,0.0,0.0,0.0,0.0,0.0,0.0,0.0,0.0,0.0,0.0,0.0,0.0,0.0,0.0,0.0,0.0,0.0,0.0,0.0,0.0,0.0,0.0,0.0,32
0746_anti_Hexa_234_triene.xyz,120.08205539590476,51.27597406303555,28.90892368875765,17.258335183461195,9.154299372970268,1.6411984597576477,-0.06439474816031819,-0.0669819768856321,-0.071331848110752,-0.07182370142923877,-0.3323646195006992,-0.5335992603386779,-0.9129304399093523,-1.1187283729967639,0.0,0.0,0.0,0.0,0.0,0.0,0.0,0.0,0.0,0.0,0.0,0.0,0.0,0.0,0.0,0.0,0.0,0.0,0.0,0.0,0.0,0.0,0.0,0.0,0.0,0.0,0.0,0.0,0.0,0.0,0.0,0.0,0.0,0.0,0.0,0.0,0.0,0.0,0.0,0.0,0.0,0.0,32
0747_syn_Hexa_234_triene.xyz,120.2097133709475,51.00966918860193,29.258253942778513,16.938100662779114,9.285339239281884,1.6120603328723813,-0.04743359632897871,-0.06367355631994621,-0.07255553701593928,-0.08685981645553374,-0.3293753292148475,-0.5342328154211072,-0.9090741739450765,-1.1213007160043065,0.0,0.0,0.0,0.0,0.0,0.0,0.0,0.0,0.0,0.0,0.0,0.0,0.0,0.0,0.0,0.0,0.0,0.0,0.0,0.0,0.0,0.0,0.0,0.0,0.0,0.0,0.0,0.0,0.0,0.0,0.0,0.0,0.0,0.0,0.0,0.0,0.0,0.0,0.0,0.0,0.0,0.0,32
0748_5_Methylidenecyclohexa_14_diene.xyz,142.48765270734214,45.39891139934856,36.0364450149086,20.08457830391836,10.353332729116968,7.663889556303895,3.4976929736398326,-0.03117398028959798,-0.08146803948038582,-0.10739070540889092,-0.2715272619856451,-0.4983490431127603,-0.6522280364565418,-0.7589886042904906,-1.1146406175725576,0.0,0.0,0.0,0.0,0.0,0.0,0.0,0.0,0.0,0.0,0.0,0.0,0.0,0.0,0.0,0.0,0.0,0.0,0.0,0.0,0.0,0.0,0.0,0.0,0.0,0.0,0.0,0.0,0.0,0.0,0.0,0.0,0.0,0.0,0.0,0.0,0.0,0.0,0.0,0.0,0.0,36
0749_5_Ethylidenecyclopenta_13_diene.xyz,141.93910723184146,48.485881245534046,29.663973635014703,23.570508174125507,11.93127848993019,5.961560437768496,3.9203375672238083,-0.046437025907383994,-0.06977081227630987,-0.15977543376451914,-0.30549204199645763,-0.3838675721098529,-0.6659668393537498,-0.8437471296044393,-0.9908535304438504,0.0,0.0,0.0,0.0,0.0,0.0,0.0,0.0,0.0,0.0,0.0,0.0,0.0,0.0,0.0,0.0,0.0,0.0,0.0,0.0,0.0,0.0,0.0,0.0,0.0,0.0,0.0,0.0,0.0,0.0,0.0,0.0,0.0,0.0,0.0,0.0,0.0,0.0,0.0,0.0,0.0,36
0750_Spiro24hepta_46_diene.xyz,145.76561303062368,47.16885796739706,29.479462904064025,17.88688951357178,13.816657612309385,5.912661252764738,5.45051036459345,0.016473494976487972,-0.12268483373220952,-0.15103706695772187,-0.30392655652799244,-0.5042326045160512,-0.7003773787444891,-0.8496478486038324,-0.858483455236637,0.0,0.0,0.0,0.0,0.0,0.0,0.0,0.0,0.0,0.0,0.0,0.0,0.0,0.0,0.0,0.0,0.0,0.0,0.0,0.0,0.0,0.0,0.0,0.0,0.0,0.0,0.0,0.0,0.0,0.0,0.0,0.0,0.0,0.0,0.0,0.0,0.0,0.0,0.0,0.0,0.0,36
0751_Bicyclo221hepta_25_diene.xyz,150.29404139161505,37.30771510478231,28.867427873331795,26.173898012195846,8.870522015847294,8.715391988361404,5.150112770184841,-0.022117425728261076,-0.06908734542833067,-0.24683022960265638,-0.30237254734485197,-0.3967587321378265,-0.6565501782679842,-0.7773272648212581,-0.9013290370057351,0.0,0.0,0.0,0.0,0.0,0.0,0.0,0.0,0.0,0.0,0.0,0.0,0.0,0.0,0.0,0.0,0.0,0.0,0.0,0.0,0.0,0.0,0.0,0.0,0.0,0.0,0.0,0.0,0.0,0.0,0.0,0.0,0.0,0.0,0.0,0.0,0.0,0.0,0.0,0.0,0.0,36
0752_Bicyclo320hepta_26_diene.xyz,147.10988409838444,44.16352306033208,30.339752981095575,19.29942945706537,12.913924401314588,6.477563610303789,5.073334004827197,-0.025473423709154664,-0.08230503278171676,-0.22340735649674434,-0.34770075118731575,-0.36415665733458386,-0.5646395234695795,-0.863500836741799,-0.8994916356205784,0.0,0.0,0.0,0.0,0.0,0.0,0.0,0.0,0.0,0.0,0.0,0.0,0.0,0.0,0.0,0.0,0.0,0.0,0.0,0.0,0.0,0.0,0.0,0.0,0.0,0.0,0.0,0.0,0.0,0.0,0.0,0.0,0.0,0.0,0.0,0.0,0.0,0.0,0.0,0.0,0.0,36
0753_Tetracyclo410024035heptane.xyz,152.4618916981733,43.309187668298385,26.36977248984431,15.391873602259635,12.518608878031296,8.155902649256596,7.080260006030925,0.0029814650513075185,-0.07087470550622542,-0.25953530435743266,-0.33258277316353985,-0.5447653770183422,-0.6106704597749835,-0.6407700437040872,-0.8245433974396031,0.0,0.0,0.0,0.0,0.0,0.0,0.0,0.0,0.0,0.0,0.0,0.0,0.0,0.0,0.0,0.0,0.0,0.0,0.0,0.0,0.0,0.0,0.0,0.0,0.0,0.0,0.0,0.0,0.0,0.0,0.0,0.0,0.0,0.0,0.0,0.0,0.0,0.0,0.0,0.0,0.0,36
0754_Tricyclo320024hept_6_ene.xyz,149.34930060600016,45.84196947177293,24.240936943536617,18.863963218724074,11.583561911430705,10.565779114652656,4.9407628462178295,-0.045608304964740415,-0.057988275709873714,-0.2508925062339128,-0.3654296511042864,-0.4047508271004409,-0.5614532658572592,-0.7740694998373544,-0.9193453855454868,0.0,0.0,0.0,0.0,0.0,0.0,0.0,0.0,0.0,0.0,0.0,0.0,0.0,0.0,0.0,0.0,0.0,0.0,0.0,0.0,0.0,0.0,0.0,0.0,0.0,0.0,0.0,0.0,0.0,0.0,0.0,0.0,0.0,0.0,0.0,0.0,0.0,0.0,0.0,0.0,0.0,36
0755_Bicyclo321octa_26_diene.xyz,160.19688402740672,43.31196057824991,36.18787872787253,28.043508820485673,14.405422766081374,10.650336338764705,6.017583638530883,5.074453855445597,-0.002533231903838886,-0.046733965741169115,-0.10698628096924939,-0.2120795762189726,-0.2794358793027767,-0.356407969047195,-0.5470289803952514,-0.6979078998771803,-0.815803153214033,-0.9582702207602641,0.0,0.0,0.0,0.0,0.0,0.0,0.0,0.0,0.0,0.0,0.0,0.0,0.0,0.0,0.0,0.0,0.0,0.0,0.0,0.0,0.0,0.0,0.0,0.0,0.0,0.0,0.0,0.0,0.0,0.0,0.0,0.0,0.0,0.0,0.0,0.0,0.0,0.0,42
0756_Tetracyclo330028046octane.xyz,165.44197252874028,39.94427384943684,35.4419809969436,27.3853122761417,11.36403321057239,10.201643442581833,7.687607071060594,6.287720801306146,0.03710422329816958,-0.043227646058488556,-0.10891072447078036,-0.21002670560262715,-0.362271007056098,-0.37284306448446597,-0.5306029148451215,-0.6763883155251206,-0.7248464641577849,-0.8976899624734904,0.0,0.0,0.0,0.0,0.0,0.0,0.0,0.0,0.0,0.0,0.0,0.0,0.0,0.0,0.0,0.0,0.0,0.0,0.0,0.0,0.0,0.0,0.0,0.0,0.0,0.0,0.0,0.0,0.0,0.0,0.0,0.0,0.0,0.0,0.0,0.0,0.0,0.0,42
0757_Bicyclo420octa_24_diene.xyz,156.41264095869303,48.82673610160844,38.20491477130481,21.831633594591853,17.330349603715522,9.227082307075042,8.33491937074332,3.7686750074355198,0.050056617289337774,-0.053548985359651365,-0.13647974517070663,-0.22549118243623453,-0.2405781266633803,-0.46928966942629685,-0.4835420927742322,-0.6222414807886221,-0.8150082021792149,-1.0759872522510712,0.0,0.0,0.0,0.0,0.0,0.0,0.0,0.0,0.0,0.0,0.0,0.0,0.0,0.0,0.0,0.0,0.0,0.0,0.0,0.0,0.0,0.0,0.0,0.0,0.0,0.0,0.0,0.0,0.0,0.0,0.0,0.0,0.0,0.0,0.0,0.0,0.0,0.0,42
0758_1Z3Z6Z_cycloocta_136_triene.xyz,151.78057729025136,48.56021144678093,44.71453372211075,21.23250958111809,18.78844100987851,8.201527281832107,6.64290062532485,4.085513064695026,0.013950850359553065,-0.0572305248354111,-0.13577943627589853,-0.188621586189509,-0.2545539288973141,-0.4412280216238748,-0.4603820595405404,-0.7551674828670407,-0.7749313939901373,-1.087428842724083,0.0,0.0,0.0,0.0,0.0,0.0,0.0,0.0,0.0,0.0,0.0,0.0,0.0,0.0,0.0,0.0,0.0,0.0,0.0,0.0,0.0,0.0,0.0,0.0,0.0,0.0,0.0,0.0,0.0,0.0,0.0,0.0,0.0,0.0,0.0,0.0,0.0,0.0,42
0759_Bicyclo420octa_15_diene.xyz,155.74915533244905,48.82968491733448,38.368298266195126,22.806586014487007,16.899649093767277,9.92586281927221,8.505264595468025,2.6883838320225735,0.02189750695420855,-0.025153700746466327,-0.1241874523068418,-0.13793299470034676,-0.26531835718105967,-0.42553289095099145,-0.45447271693549496,-0.6153609431890641,-0.8107557287785817,-1.0712259977536527,0.0,0.0,0.0,0.0,0.0,0.0,0.0,0.0,0.0,0.0,0.0,0.0,0.0,0.0,0.0,0.0,0.0,0.0,0.0,0.0,0.0,0.0,0.0,0.0,0.0,0.0,0.0,0.0,0.0,0.0,0.0,0.0,0.0,0.0,0.0,0.0,0.0,0.0,42
0760_exo_Tricyclo321024oct_6_ene.xyz,162.97233761799447,45.29652915662703,29.98540254972838,27.272269974417597,14.76400630543162,10.295488772589756,7.551867122601911,5.754263644033796,0.021645081853347257,-0.023566536549036225,-0.13883323611446757,-0.25302020546758597,-0.29994582641605105,-0.39425130391656615,-0.5565693723326647,-0.6982906675852867,-0.8265066545249384,-0.8579848269638599,0.0,0.0,0.0,0.0,0.0,0.0,0.0,0.0,0.0,0.0,0.0,0.0,0.0,0.0,0.0,0.0,0.0,0.0,0.0,0.0,0.0,0.0,0.0,0.0,0.0,0.0,0.0,0.0,0.0,0.0,0.0,0.0,0.0,0.0,0.0,0.0,0.0,0.0,42
0761_endo_Tricyclo321024oct_6_ene.xyz,163.3131843435885,43.79757884933574,29.902675802566502,29.158856060929004,13.686874369821393,10.589525245684525,7.820550480643672,5.595231401812659,0.023298577846072997,-0.06792457768732056,-0.07764752390822548,-0.2535009240855013,-0.2911520086891037,-0.39110465160572044,-0.5577050723677531,-0.7211835349231026,-0.8303696327470003,-0.8323456108068495,0.0,0.0,0.0,0.0,0.0,0.0,0.0,0.0,0.0,0.0,0.0,0.0,0.0,0.0,0.0,0.0,0.0,0.0,0.0,0.0,0.0,0.0,0.0,0.0,0.0,0.0,0.0,0.0,0.0,0.0,0.0,0.0,0.0,0.0,0.0,0.0,0.0,0.0,42
0762_34_Dimethylidenehexa_15_diene.xyz,147.3073264590708,53.25586121144953,37.85334545357104,27.61930622546198,16.44906221423322,11.64410144148397,6.918393471362952,3.119928305036698,0.017648581480945093,-0.01947225371973574,-0.07266257042447359,-0.10984883926960777,-0.2929886939969374,-0.34141382474312215,-0.7011016071619798,-0.7711756087578339,-0.9246341668228715,-1.0868342028470424,0.0,0.0,0.0,0.0,0.0,0.0,0.0,0.0,0.0,0.0,0.0,0.0,0.0,0.0,0.0,0.0,0.0,0.0,0.0,0.0,0.0,0.0,0.0,0.0,0.0,0.0,0.0,0.0,0.0,0.0,0.0,0.0,0.0,0.0,0.0,0.0,0.0,0.0,42
0763_12_Diethenylcyclobut_1_ene.xyz,149.03917283019788,53.06699627107535,40.573898753923736,21.767477468573347,17.67020666569738,11.515821851662148,7.675342571464349,2.6531105979485434,0.011941640435792116,-0.028842011702102616,-0.04998292879549449,-0.13721610231291134,-0.2570103001459095,-0.39069037837424425,-0.45712843151624577,-0.7987159839228204,-0.8984732354074234,-1.091067683393912,0.0,0.0,0.0,0.0,0.0,0.0,0.0,0.0,0.0,0.0,0.0,0.0,0.0,0.0,0.0,0.0,0.0,0.0,0.0,0.0,0.0,0.0,0.0,0.0,0.0,0.0,0.0,0.0,0.0,0.0,0.0,0.0,0.0,0.0,0.0,0.0,0.0,0.0,42
0764_23_Dimethylidenebicyclo220hexane.xyz,156.16691794027707,46.08909784636468,37.91296885770913,21.417256282108863,19.85044563636819,10.266370154094917,9.001413492464351,3.184231879298535,0.0158484844778151,-0.006440802151067475,-0.08446575898564751,-0.1422112161418611,-0.20260799641624197,-0.4685248369221501,-0.5234214125195941,-0.7339669636932348,-0.8296214908814699,-1.0484485000446495,0.0,0.0,0.0,0.0,0.0,0.0,0.0,0.0,0.0,0.0,0.0,0.0,0.0,0.0,0.0,0.0,0.0,0.0,0.0,0.0,0.0,0.0,0.0,0.0,0.0,0.0,0.0,0.0,0.0,0.0,0.0,0.0,0.0,0.0,0.0,0.0,0.0,0.0,42
0765_2_Methyl_5_propan_2_ylcyclohexa_13_diene.xyz,170.46373814984577,61.26282596164536,37.28226191592396,35.67033463429315,23.36500586847843,20.852781870762687,12.97587145184141,9.858432897103778,7.3624088276607615,3.4775715150064213,0.026028795961379195,0.008465160373531636,-0.05519434713432662,-0.06897630394087238,-0.08473202963473109,-0.13261163480155305,-0.1573628560391595,-0.16872613163496422,-0.2867655300734559,-0.33706714069478105,-0.4554007363909278,-0.6531948741276046,-0.7908281647968558,-0.8123151189253629,-0.949325684747129,-1.072174501695341,0.0,0.0,0.0,0.0,0.0,0.0,0.0,0.0,0.0,0.0,0.0,0.0,0.0,0.0,0.0,0.0,0.0,0.0,0.0,0.0,0.0,0.0,0.0,0.0,0.0,0.0,0.0,0.0,0.0,0.0,56
0766_1_Methyl_4_propan_2_ylcyclohexa_13_diene.xyz,168.69667651546308,64.35414527363199,36.497378441412636,34.29731854427861,24.23810611589389,20.86993422616955,12.595247122791783,11.300502181321894,6.3848054374658565,3.2654215613877855,0.043821664217060276,-0.004248789990221056,-0.027998626115900094,-0.06544008110217098,-0.09334925678970456,-0.10728215549185122,-0.13398094266173713,-0.16189934957283728,-0.2845582234721906,-0.3390480170431659,-0.4585436483284413,-0.6470698343415585,-0.7997959985772971,-0.8100758164083046,-0.948751805290768,-1.080262544588692,0.0,0.0,0.0,0.0,0.0,0.0,0.0,0.0,0.0,0.0,0.0,0.0,0.0,0.0,0.0,0.0,0.0,0.0,0.0,0.0,0.0,0.0,0.0,0.0,0.0,0.0,0.0,0.0,0.0,0.0,56
0767_Perhydroquinacene.xyz,180.5113208902245,50.54435948629447,46.86542541668861,26.25516781299812,22.461474693270038,21.856035732245882,12.05832021993432,7.885783976831003,7.629906074194344,6.27308267998456,0.15027249150331623,-0.023940789684514845,-0.045332566188197865,-0.06964230650096524,-0.09942563186031719,-0.1574380801017611,-0.1627311414690188,-0.27993126916203503,-0.3178011930312256,-0.4025402962465852,-0.5028204180022665,-0.5126634162387603,-0.7363985548713216,-0.7793342966427868,-0.9040609185451873,-0.9160366013648652,0.0,0.0,0.0,0.0,0.0,0.0,0.0,0.0,0.0,0.0,0.0,0.0,0.0,0.0,0.0,0.0,0.0,0.0,0.0,0.0,0.0,0.0,0.0,0.0,0.0,0.0,0.0,0.0,0.0,0.0,56
0768_Hexa_15_diene.xyz,120.58507535915561,49.72497303057834,29.043671120665902,15.28009867597731,8.60636424509095,6.815599617335346,0.018894241503428614,-0.018111140565364066,-0.09841152047426394,-0.12135685036327776,-0.21630491490222395,-0.30294435441745377,-0.49374923861052616,-0.7104343480497523,-0.9139261911592571,-1.0508065352091063,0.0,0.0,0.0,0.0,0.0,0.0,0.0,0.0,0.0,0.0,0.0,0.0,0.0,0.0,0.0,0.0,0.0,0.0,0.0,0.0,0.0,0.0,0.0,0.0,0.0,0.0,0.0,0.0,0.0,0.0,0.0,0.0,0.0,0.0,0.0,0.0,0.0,0.0,0.0,0.0,34
0769_Methylenecyclohexane.xyz,140.73478023025731,44.19272114184119,35.147664588127085,20.650373000495872,12.422627128538274,9.871341514422634,5.386236448655092,0.06091503609220144,-0.0030661479843592885,-0.08635746407472256,-0.10399671388314154,-0.11573266253962447,-0.16226701234670712,-0.2881310804133284,-0.4683149535192939,-0.6117266337804785,-0.7646495460251375,-0.8019128788117202,-1.0537675990695325,0.0,0.0,0.0,0.0,0.0,0.0,0.0,0.0,0.0,0.0,0.0,0.0,0.0,0.0,0.0,0.0,0.0,0.0,0.0,0.0,0.0,0.0,0.0,0.0,0.0,0.0,0.0,0.0,0.0,0.0,0.0,0.0,0.0,0.0,0.0,0.0,0.0,40
0770_5_Methylhex_1_ene.xyz,129.63178684286282,56.25472180457898,28.418225403456756,24.184110303982507,15.401521245345796,8.724765442014961,7.408924877664384,0.08836915305576636,-0.004872219814085622,-0.023463011394728145,-0.0694404481007266,-0.12605092732899584,-0.1467722662683023,-0.16265336411152406,-0.218679395005041,-0.31329406662965087,-0.531051147021479,-0.7202288618668286,-0.808268705167025,-0.9410202094709528,-1.0398940548009843,0.0,0.0,0.0,0.0,0.0,0.0,0.0,0.0,0.0,0.0,0.0,0.0,0.0,0.0,0.0,0.0,0.0,0.0,0.0,0.0,0.0,0.0,0.0,0.0,0.0,0.0,0.0,0.0,0.0,0.0,0.0,0.0,0.0,0.0,0.0,42
0771_2Z_44_dimethylpent_2_ene.xyz,136.84955914688783,46.360020345419684,25.241891484536232,24.199718224854355,22.179537103142515,9.811330332735263,5.294020061790507,0.056768418996284827,0.033862873124303076,-0.027930603599774076,-0.060984125698437364,-0.11571994703677833,-0.13719188138135327,-0.15631290288750116,-0.15768033130089976,-0.2206530158866237,-0.5640452041115778,-0.8103795656439721,-0.8122881985469492,-0.9371166896014181,-1.019669129810074,0.0,0.0,0.0,0.0,0.0,0.0,0.0,0.0,0.0,0.0,0.0,0.0,0.0,0.0,0.0,0.0,0.0,0.0,0.0,0.0,0.0,0.0,0.0,0.0,0.0,0.0,0.0,0.0,0.0,0.0,0.0,0.0,0.0,0.0,0.0,42
0772_Ethylidenecyclohexane.xyz,149.54362262097044,51.71579453305905,35.2665655048857,28.721806188638247,15.606908355527704,12.363995079775956,9.18126627750945,4.497126601059321,0.0695581759495888,-0.010212128419001893,-0.07015166551321766,-0.08488278294446959,-0.10559409982935745,-0.11971500974195992,-0.1703824048027303,-0.28672956317525317,-0.3958824916769984,-0.4706394701148011,-0.6458408579093394,-0.7642823868244482,-0.9136026885575124,-1.0638861924588472,0.0,0.0,0.0,0.0,0.0,0.0,0.0,0.0,0.0,0.0,0.0,0.0,0.0,0.0,0.0,0.0,0.0,0.0,0.0,0.0,0.0,0.0,0.0,0.0,0.0,0.0,0.0,0.0,0.0,0.0,0.0,0.0,0.0,0.0,46
0773_Formaldehyde.xyz,99.99854914540141,12.132843391570184,-0.03323073689565745,-0.7233618808397517,0.0,0.0,0.0,0.0,0.0,0.0,0.0,0.0,0.0,0.0,0.0,0.0,0.0,0.0,0.0,0.0,0.0,0.0,0.0,0.0,0.0,0.0,0.0,0.0,0.0,0.0,0.0,0.0,0.0,0.0,0.0,0.0,0.0,0.0,0.0,0.0,0.0,0.0,0.0,0.0,0.0,0.0,0.0,0.0,0.0,0.0,0.0,0.0,0.0,0.0,0.0,0.0,12
0774_Methanol.xyz,95.77047319343617,18.01578187856725,-0.051248494659017034,-0.06054016520284588,-0.42099232674480247,-0.878674166160508,0.0,0.0,0.0,0.0,0.0,0.0,0.0,0.0,0.0,0.0,0.0,0.0,0.0,0.0,0.0,0.0,0.0,0.0,0.0,0.0,0.0,0.0,0.0,0.0,0.0,0.0,0.0,0.0,0.0,0.0,0.0,0.0,0.0,0.0,0.0,0.0,0.0,0.0,0.0,0.0,0.0,0.0,0.0,0.0,0.0,0.0,0.0,0.0,0.0,0.0,14
0775_Methylchloride.xyz,456.8698477593018,31.211146605214,-0.05847266922118974,-0.058472672080998676,-0.811557842915867,0.0,0.0,0.0,0.0,0.0,0.0,0.0,0.0,0.0,0.0,0.0,0.0,0.0,0.0,0.0,0.0,0.0,0.0,0.0,0.0,0.0,0.0,0.0,0.0,0.0,0.0,0.0,0.0,0.0,0.0,0.0,0.0,0.0,0.0,0.0,0.0,0.0,0.0,0.0,0.0,0.0,0.0,0.0,0.0,0.0,0.0,0.0,0.0,0.0,0.0,0.0,14
0776_Methanethiol.xyz,396.4864174971714,31.206605272142152,0.12799074831192692,-0.05813348731268735,-0.08416504290605786,-0.7971687613186518,0.0,0.0,0.0,0.0,0.0,0.0,0.0,0.0,0.0,0.0,0.0,0.0,0.0,0.0,0.0,0.0,0.0,0.0,0.0,0.0,0.0,0.0,0.0,0.0,0.0,0.0,0.0,0.0,0.0,0.0,0.0,0.0,0.0,0.0,0.0,0.0,0.0,0.0,0.0,0.0,0.0,0.0,0.0,0.0,0.0,0.0,0.0,0.0,0.0,0.0,14
0777_Difluoromethane.xyz,161.0508235704188,60.71253296715567,11.890660847997479,-0.049743889165124955,-0.6799687892448589,0.0,0.0,0.0,0.0,0.0,0.0,0.0,0.0,0.0,0.0,0.0,0.0,0.0,0.0,0.0,0.0,0.0,0.0,0.0,0.0,0.0,0.0,0.0,0.0,0.0,0.0,0.0,0.0,0.0,0.0,0.0,0.0,0.0,0.0,0.0,0.0,0.0,0.0,0.0,0.0,0.0,0.0,0.0,0.0,0.0,0.0,0.0,0.0,0.0,0.0,0.0,20
0778_Trifluoromethane.xyz,202.51799784699256,60.13911539075921,60.138812353079025,7.616052353863598,-0.45457348366434236,0.0,0.0,0.0,0.0,0.0,0.0,0.0,0.0,0.0,0.0,0.0,0.0,0.0,0.0,0.0,0.0,0.0,0.0,0.0,0.0,0.0,0.0,0.0,0.0,0.0,0.0,0.0,0.0,0.0,0.0,0.0,0.0,0.0,0.0,0.0,0.0,0.0,0.0,0.0,0.0,0.0,0.0,0.0,0.0,0.0,0.0,0.0,0.0,0.0,0.0,0.0,26
0779_Dichloromethane.xyz,558.8947927408601,351.65020702411107,25.54648618567488,-0.05532106198174347,-0.5892877274942534,0.0,0.0,0.0,0.0,0.0,0.0,0.0,0.0,0.0,0.0,0.0,0.0,0.0,0.0,0.0,0.0,0.0,0.0,0.0,0.0,0.0,0.0,0.0,0.0,0.0,0.0,0.0,0.0,0.0,0.0,0.0,0.0,0.0,0.0,0.0,0.0,0.0,0.0,0.0,0.0,0.0,0.0,0.0,0.0,0.0,0.0,0.0,0.0,0.0,0.0,0.0,20
0780_Chloroform.xyz,661.6352577781897,350.39587343229886,350.3946172761894,21.651034574496837,-0.3355199191320832,0.0,0.0,0.0,0.0,0.0,0.0,0.0,0.0,0.0,0.0,0.0,0.0,0.0,0.0,0.0,0.0,0.0,0.0,0.0,0.0,0.0,0.0,0.0,0.0,0.0,0.0,0.0,0.0,0.0,0.0,0.0,0.0,0.0,0.0,0.0,0.0,0.0,0.0,0.0,0.0,0.0,0.0,0.0,0.0,0.0,0.0,0.0,0.0,0.0,0.0,0.0,26
0781_Methylamine.xyz,77.75175823113172,16.71256287190818,-0.013020598796381583,-0.05818103845878007,-0.17158518343806844,-0.5447182634365086,-0.9600034196561048,0.0,0.0,0.0,0.0,0.0,0.0,0.0,0.0,0.0,0.0,0.0,0.0,0.0,0.0,0.0,0.0,0.0,0.0,0.0,0.0,0.0,0.0,0.0,0.0,0.0,0.0,0.0,0.0,0.0,0.0,0.0,0.0,0.0,0.0,0.0,0.0,0.0,0.0,0.0,0.0,0.0,0.0,0.0,0.0,0.0,0.0,0.0,0.0,0.0,14
0782_Acetonitrile.xyz,96.84596551178782,28.36727997436305,4.4277918844740425,-0.06286782822735609,-0.06286865777334258,-0.9403830859442388,0.0,0.0,0.0,0.0,0.0,0.0,0.0,0.0,0.0,0.0,0.0,0.0,0.0,0.0,0.0,0.0,0.0,0.0,0.0,0.0,0.0,0.0,0.0,0.0,0.0,0.0,0.0,0.0,0.0,0.0,0.0,0.0,0.0,0.0,0.0,0.0,0.0,0.0,0.0,0.0,0.0,0.0,0.0,0.0,0.0,0.0,0.0,0.0,0.0,0.0,16
0783_Nitromethane.xyz,161.44747852465616,44.0906527228894,27.525093356001474,6.73468342440741,-0.06153976920140288,-0.06313406661107916,-0.9230321532674226,0.0,0.0,0.0,0.0,0.0,0.0,0.0,0.0,0.0,0.0,0.0,0.0,0.0,0.0,0.0,0.0,0.0,0.0,0.0,0.0,0.0,0.0,0.0,0.0,0.0,0.0,0.0,0.0,0.0,0.0,0.0,0.0,0.0,0.0,0.0,0.0,0.0,0.0,0.0,0.0,0.0,0.0,0.0,0.0,0.0,0.0,0.0,0.0,0.0,24
0784_Methylnitrite.xyz,159.44029629884827,49.65971082300175,21.484505260205832,9.160872788034991,-0.061838856391299976,-0.06609954021121547,-0.8672447346137996,0.0,0.0,0.0,0.0,0.0,0.0,0.0,0.0,0.0,0.0,0.0,0.0,0.0,0.0,0.0,0.0,0.0,0.0,0.0,0.0,0.0,0.0,0.0,0.0,0.0,0.0,0.0,0.0,0.0,0.0,0.0,0.0,0.0,0.0,0.0,0.0,0.0,0.0,0.0,0.0,0.0,0.0,0.0,0.0,0.0,0.0,0.0,0.0,0.0,24
0785_Methylsilane.xyz,290.92427909263563,30.961884031358807,0.34183909707790755,0.1029696593264153,0.10296951149534214,-0.0834347154379681,-0.08343530517369192,-0.7800200810990364,0.0,0.0,0.0,0.0,0.0,0.0,0.0,0.0,0.0,0.0,0.0,0.0,0.0,0.0,0.0,0.0,0.0,0.0,0.0,0.0,0.0,0.0,0.0,0.0,0.0,0.0,0.0,0.0,0.0,0.0,0.0,0.0,0.0,0.0,0.0,0.0,0.0,0.0,0.0,0.0,0.0,0.0,0.0,0.0,0.0,0.0,0.0,0.0,14
0786_Formic_acid.xyz,133.07186170641899,45.620561075562925,7.20367591042359,-0.3611878479084684,-0.6434162054506297,0.0,0.0,0.0,0.0,0.0,0.0,0.0,0.0,0.0,0.0,0.0,0.0,0.0,0.0,0.0,0.0,0.0,0.0,0.0,0.0,0.0,0.0,0.0,0.0,0.0,0.0,0.0,0.0,0.0,0.0,0.0,0.0,0.0,0.0,0.0,0.0,0.0,0.0,0.0,0.0,0.0,0.0,0.0,0.0,0.0,0.0,0.0,0.0,0.0,0.0,0.0,18
0787_Methyl_formate.xyz,147.5210453530542,50.12465629689697,20.4119119747815,6.2135598533168555,-0.06245619658371257,-0.06368631927170264,-0.5173427477233775,-0.878088375998421,0.0,0.0,0.0,0.0,0.0,0.0,0.0,0.0,0.0,0.0,0.0,0.0,0.0,0.0,0.0,0.0,0.0,0.0,0.0,0.0,0.0,0.0,0.0,0.0,0.0,0.0,0.0,0.0,0.0,0.0,0.0,0.0,0.0,0.0,0.0,0.0,0.0,0.0,0.0,0.0,0.0,0.0,0.0,0.0,0.0,0.0,0.0,0.0,24
0788_Acetamide.xyz,134.3787620791415,38.45155349753605,27.083666877850767,5.214229998157936,-0.0362452539744892,-0.0660108042224019,-0.12261222189671858,-0.7923477405109898,-1.0193839135913747,0.0,0.0,0.0,0.0,0.0,0.0,0.0,0.0,0.0,0.0,0.0,0.0,0.0,0.0,0.0,0.0,0.0,0.0,0.0,0.0,0.0,0.0,0.0,0.0,0.0,0.0,0.0,0.0,0.0,0.0,0.0,0.0,0.0,0.0,0.0,0.0,0.0,0.0,0.0,0.0,0.0,0.0,0.0,0.0,0.0,0.0,0.0,24
0789_Aziridine.xyz,100.1187694117312,17.52492725552047,13.776407727669369,0.04933454899624044,-0.12146558224040531,-0.29427381573363803,-0.6267656207943644,-0.8520161264688184,0.0,0.0,0.0,0.0,0.0,0.0,0.0,0.0,0.0,0.0,0.0,0.0,0.0,0.0,0.0,0.0,0.0,0.0,0.0,0.0,0.0,0.0,0.0,0.0,0.0,0.0,0.0,0.0,0.0,0.0,0.0,0.0,0.0,0.0,0.0,0.0,0.0,0.0,0.0,0.0,0.0,0.0,0.0,0.0,0.0,0.0,0.0,0.0,18
0790_Dimethylamine.xyz,96.39984735294557,23.540437691225563,12.99956145200717,0.021002167455764185,-0.026354008989817313,-0.10797583837780388,-0.13395933189670603,-0.3466553056559168,-0.8028325982469872,-0.9681537817867878,0.0,0.0,0.0,0.0,0.0,0.0,0.0,0.0,0.0,0.0,0.0,0.0,0.0,0.0,0.0,0.0,0.0,0.0,0.0,0.0,0.0,0.0,0.0,0.0,0.0,0.0,0.0,0.0,0.0,0.0,0.0,0.0,0.0,0.0,0.0,0.0,0.0,0.0,0.0,0.0,0.0,0.0,0.0,0.0,0.0,0.0,20
0791_Ketene.xyz,113.93042558870158,31.319364403761213,3.9386123624717384,-0.032714293753705936,-0.9227829425187087,0.0,0.0,0.0,0.0,0.0,0.0,0.0,0.0,0.0,0.0,0.0,0.0,0.0,0.0,0.0,0.0,0.0,0.0,0.0,0.0,0.0,0.0,0.0,0.0,0.0,0.0,0.0,0.0,0.0,0.0,0.0,0.0,0.0,0.0,0.0,0.0,0.0,0.0,0.0,0.0,0.0,0.0,0.0,0.0,0.0,0.0,0.0,0.0,0.0,0.0,0.0,16
0792_Oxirane.xyz,117.03790116440902,20.103409143311282,13.519921655340651,0.031111319936729102,-0.11801001748373652,-0.4817535221732364,-0.8596746246786969,0.0,0.0,0.0,0.0,0.0,0.0,0.0,0.0,0.0,0.0,0.0,0.0,0.0,0.0,0.0,0.0,0.0,0.0,0.0,0.0,0.0,0.0,0.0,0.0,0.0,0.0,0.0,0.0,0.0,0.0,0.0,0.0,0.0,0.0,0.0,0.0,0.0,0.0,0.0,0.0,0.0,0.0,0.0,0.0,0.0,0.0,0.0,0.0,0.0,18
0793_Oxaldehyde.xyz,139.08474762696736,63.01086091553547,14.468653094765319,6.150723369004681,-0.2972038875946221,-0.6681812802058592,0.0,0.0,0.0,0.0,0.0,0.0,0.0,0.0,0.0,0.0,0.0,0.0,0.0,0.0,0.0,0.0,0.0,0.0,0.0,0.0,0.0,0.0,0.0,0.0,0.0,0.0,0.0,0.0,0.0,0.0,0.0,0.0,0.0,0.0,0.0,0.0,0.0,0.0,0.0,0.0,0.0,0.0,0.0,0.0,0.0,0.0,0.0,0.0,0.0,0.0,22
0794_Ethanol.xyz,108.85219715951567,31.839949307532898,11.638663549506058,0.009067483490327384,-0.06103864479274809,-0.13725249455529864,-0.3329912652422539,-0.5962652969053523,-0.9794246798871988,0.0,0.0,0.0,0.0,0.0,0.0,0.0,0.0,0.0,0.0,0.0,0.0,0.0,0.0,0.0,0.0,0.0,0.0,0.0,0.0,0.0,0.0,0.0,0.0,0.0,0.0,0.0,0.0,0.0,0.0,0.0,0.0,0.0,0.0,0.0,0.0,0.0,0.0,0.0,0.0,0.0,0.0,0.0,0.0,0.0,0.0,0.0,20
0795_Methoxymethane.xyz,114.55501502186684,22.95248674328801,14.678840531193343,0.01653193663622703,-0.02556974368768341,-0.10915156298281566,-0.1379819257821579,-0.813127255892728,-0.8841386259769376,0.0,0.0,0.0,0.0,0.0,0.0,0.0,0.0,0.0,0.0,0.0,0.0,0.0,0.0,0.0,0.0,0.0,0.0,0.0,0.0,0.0,0.0,0.0,0.0,0.0,0.0,0.0,0.0,0.0,0.0,0.0,0.0,0.0,0.0,0.0,0.0,0.0,0.0,0.0,0.0,0.0,0.0,0.0,0.0,0.0,0.0,0.0,20
0796_Thiirane.xyz,404.6462432027912,46.73333275637467,13.752441248621363,0.029458484273407498,-0.1229689371398261,-0.4423680499044613,-0.8564872795024149,0.0,0.0,0.0,0.0,0.0,0.0,0.0,0.0,0.0,0.0,0.0,0.0,0.0,0.0,0.0,0.0,0.0,0.0,0.0,0.0,0.0,0.0,0.0,0.0,0.0,0.0,0.0,0.0,0.0,0.0,0.0,0.0,0.0,0.0,0.0,0.0,0.0,0.0,0.0,0.0,0.0,0.0,0.0,0.0,0.0,0.0,0.0,0.0,0.0,18
0797_Dimethylsulfoxide.xyz,427.175683557871,53.860883564168134,33.914624770030706,25.154170150588907,0.00914443290040711,-0.03151481730884882,-0.10303114466164945,-0.12417748047682192,-0.7768743121603251,-0.822562575627803,0.0,0.0,0.0,0.0,0.0,0.0,0.0,0.0,0.0,0.0,0.0,0.0,0.0,0.0,0.0,0.0,0.0,0.0,0.0,0.0,0.0,0.0,0.0,0.0,0.0,0.0,0.0,0.0,0.0,0.0,0.0,0.0,0.0,0.0,0.0,0.0,0.0,0.0,0.0,0.0,0.0,0.0,0.0,0.0,0.0,0.0,26
0798_Methylsulfanylmethane.xyz,404.62985142258697,36.45539778472239,25.49134210687021,-0.00027287348282519847,-0.0351308716631477,-0.10091839527100589,-0.11793831046875797,-0.7704809867527984,-0.812198451027435,0.0,0.0,0.0,0.0,0.0,0.0,0.0,0.0,0.0,0.0,0.0,0.0,0.0,0.0,0.0,0.0,0.0,0.0,0.0,0.0,0.0,0.0,0.0,0.0,0.0,0.0,0.0,0.0,0.0,0.0,0.0,0.0,0.0,0.0,0.0,0.0,0.0,0.0,0.0,0.0,0.0,0.0,0.0,0.0,0.0,0.0,0.0,20
0799_Fluoroethene.xyz,130.52497686595558,35.57638101771304,7.929035816621699,-0.036930645947597256,-0.2963237177013396,-0.9478291839213767,0.0,0.0,0.0,0.0,0.0,0.0,0.0,0.0,0.0,0.0,0.0,0.0,0.0,0.0,0.0,0.0,0.0,0.0,0.0,0.0,0.0,0.0,0.0,0.0,0.0,0.0,0.0,0.0,0.0,0.0,0.0,0.0,0.0,0.0,0.0,0.0,0.0,0.0,0.0,0.0,0.0,0.0,0.0,0.0,0.0,0.0,0.0,0.0,0.0,0.0,18
0800_Chloroethene.xyz,461.2250925041211,53.884903691662636,10.094876396500148,-0.0320703408625341,-0.2881563776634358,-0.8740494940339293,0.0,0.0,0.0,0.0,0.0,0.0,0.0,0.0,0.0,0.0,0.0,0.0,0.0,0.0,0.0,0.0,0.0,0.0,0.0,0.0,0.0,0.0,0.0,0.0,0.0,0.0,0.0,0.0,0.0,0.0,0.0,0.0,0.0,0.0,0.0,0.0,0.0,0.0,0.0,0.0,0.0,0.0,0.0,0.0,0.0,0.0,0.0,0.0,0.0,0.0,18
0801_Prop_2_enenitrile.xyz,109.22946674478351,41.368134491755875,12.903239653570989,3.2916910397773727,-0.04351522512914824,-0.33013946890459595,-0.9858542377480147,0.0,0.0,0.0,0.0,0.0,0.0,0.0,0.0,0.0,0.0,0.0,0.0,0.0,0.0,0.0,0.0,0.0,0.0,0.0,0.0,0.0,0.0,0.0,0.0,0.0,0.0,0.0,0.0,0.0,0.0,0.0,0.0,0.0,0.0,0.0,0.0,0.0,0.0,0.0,0.0,0.0,0.0,0.0,0.0,0.0,0.0,0.0,0.0,0.0,20
0802_Acetone.xyz,125.40081336256779,33.50104644508383,24.473102480652113,5.763690407504399,-0.006482558532989153,-0.03449272874362295,-0.09765541273557486,-0.13036867073902894,-0.8138747321201714,-0.9647682748487244,0.0,0.0,0.0,0.0,0.0,0.0,0.0,0.0,0.0,0.0,0.0,0.0,0.0,0.0,0.0,0.0,0.0,0.0,0.0,0.0,0.0,0.0,0.0,0.0,0.0,0.0,0.0,0.0,0.0,0.0,0.0,0.0,0.0,0.0,0.0,0.0,0.0,0.0,0.0,0.0,0.0,0.0,0.0,0.0,0.0,0.0,24
0803_Acetic_acid.xyz,145.6767525309708,45.475326546409384,28.188381832142436,4.971923248976878,-0.06442227055520118,-0.06776416634474898,-0.4985637002584754,-0.9320341828688535,0.0,0.0,0.0,0.0,0.0,0.0,0.0,0.0,0.0,0.0,0.0,0.0,0.0,0.0,0.0,0.0,0.0,0.0,0.0,0.0,0.0,0.0,0.0,0.0,0.0,0.0,0.0,0.0,0.0,0.0,0.0,0.0,0.0,0.0,0.0,0.0,0.0,0.0,0.0,0.0,0.0,0.0,0.0,0.0,0.0,0.0,0.0,0.0,24
0804_Acetyl_fluoride.xyz,161.0884271271969,52.75646033488033,28.779756383508712,4.699906154942235,-0.06434040962382842,-0.0677280454128825,-0.926476672961285,0.0,0.0,0.0,0.0,0.0,0.0,0.0,0.0,0.0,0.0,0.0,0.0,0.0,0.0,0.0,0.0,0.0,0.0,0.0,0.0,0.0,0.0,0.0,0.0,0.0,0.0,0.0,0.0,0.0,0.0,0.0,0.0,0.0,0.0,0.0,0.0,0.0,0.0,0.0,0.0,0.0,0.0,0.0,0.0,0.0,0.0,0.0,0.0,0.0,24
0805_Acetyl_chloride.xyz,468.9127930494951,93.2743219609135,29.990604250242086,6.374961905010454,-0.06148874828365334,-0.06735112587313044,-0.8965501919700971,0.0,0.0,0.0,0.0,0.0,0.0,0.0,0.0,0.0,0.0,0.0,0.0,0.0,0.0,0.0,0.0,0.0,0.0,0.0,0.0,0.0,0.0,0.0,0.0,0.0,0.0,0.0,0.0,0.0,0.0,0.0,0.0,0.0,0.0,0.0,0.0,0.0,0.0,0.0,0.0,0.0,0.0,0.0,0.0,0.0,0.0,0.0,0.0,0.0,24
0806_Propan_2_ol.xyz,122.30847610098073,35.30011863228692,24.223315088145174,9.059922436737489,0.02178953695241052,-0.034620635186481785,-0.10022782459404574,-0.12839593314081282,-0.2497907512465525,-0.5117152413006714,-0.8117804807129293,-0.98608061083313,0.0,0.0,0.0,0.0,0.0,0.0,0.0,0.0,0.0,0.0,0.0,0.0,0.0,0.0,0.0,0.0,0.0,0.0,0.0,0.0,0.0,0.0,0.0,0.0,0.0,0.0,0.0,0.0,0.0,0.0,0.0,0.0,0.0,0.0,0.0,0.0,0.0,0.0,0.0,0.0,0.0,0.0,0.0,0.0,26
0807_Methoxyethane.xyz,125.85603390118033,35.74024894153811,18.032447139006155,11.108579962476874,0.053659993412737375,-0.061130623809614155,-0.07384977512808961,-0.0811526660047436,-0.16167684910267038,-0.5046210560070983,-0.8380897072160401,-0.9794389422578973,0.0,0.0,0.0,0.0,0.0,0.0,0.0,0.0,0.0,0.0,0.0,0.0,0.0,0.0,0.0,0.0,0.0,0.0,0.0,0.0,0.0,0.0,0.0,0.0,0.0,0.0,0.0,0.0,0.0,0.0,0.0,0.0,0.0,0.0,0.0,0.0,0.0,0.0,0.0,0.0,0.0,0.0,0.0,0.0,26
0808_Trimethylamine.xyz,113.93933317831386,23.40661917199297,23.40625347466425,10.660056590128846,0.05837823178692265,-0.021552690112390027,-0.021552923745662762,-0.12976408040701376,-0.12980339759957674,-0.16900702045876542,-0.8047581772244361,-0.8047842297941175,-0.9563951294389557,0.0,0.0,0.0,0.0,0.0,0.0,0.0,0.0,0.0,0.0,0.0,0.0,0.0,0.0,0.0,0.0,0.0,0.0,0.0,0.0,0.0,0.0,0.0,0.0,0.0,0.0,0.0,0.0,0.0,0.0,0.0,0.0,0.0,0.0,0.0,0.0,0.0,0.0,0.0,0.0,0.0,0.0,0.0,26
0809_Furan.xyz,146.7699046974256,37.24588664598983,27.945742740270358,7.176737879207675,5.790958711801523,-0.1341079828659234,-0.3162573294180666,-0.6397898823611646,-0.8899599625358023,0.0,0.0,0.0,0.0,0.0,0.0,0.0,0.0,0.0,0.0,0.0,0.0,0.0,0.0,0.0,0.0,0.0,0.0,0.0,0.0,0.0,0.0,0.0,0.0,0.0,0.0,0.0,0.0,0.0,0.0,0.0,0.0,0.0,0.0,0.0,0.0,0.0,0.0,0.0,0.0,0.0,0.0,0.0,0.0,0.0,0.0,0.0,26
0810_Thiophene.xyz,416.4864980611332,74.0800122802423,29.762522988540717,13.15394456446274,5.763331871730078,-0.11534226231783583,-0.2994881546549257,-0.5147843184975643,-0.8608332062728391,0.0,0.0,0.0,0.0,0.0,0.0,0.0,0.0,0.0,0.0,0.0,0.0,0.0,0.0,0.0,0.0,0.0,0.0,0.0,0.0,0.0,0.0,0.0,0.0,0.0,0.0,0.0,0.0,0.0,0.0,0.0,0.0,0.0,0.0,0.0,0.0,0.0,0.0,0.0,0.0,0.0,0.0,0.0,0.0,0.0,0.0,0.0,26
0811_Pyrrole.xyz,133.02084368811592,32.049916495799415,28.078911186152453,6.734652437905141,5.909185890863022,-0.07324031871296184,-0.3154630698207604,-0.352632586661179,-0.8676756610033668,-0.8933698651058325,0.0,0.0,0.0,0.0,0.0,0.0,0.0,0.0,0.0,0.0,0.0,0.0,0.0,0.0,0.0,0.0,0.0,0.0,0.0,0.0,0.0,0.0,0.0,0.0,0.0,0.0,0.0,0.0,0.0,0.0,0.0,0.0,0.0,0.0,0.0,0.0,0.0,0.0,0.0,0.0,0.0,0.0,0.0,0.0,0.0,0.0,26
0812_Pyridine.xyz,143.61177118387633,41.19096710596078,34.74334056969704,10.460348181705418,9.505371069125289,3.1025478449288832,-0.08003116635582169,-0.24632648215619724,-0.4339715796956802,-0.6007557941368218,-1.1040275359914877,0.0,0.0,0.0,0.0,0.0,0.0,0.0,0.0,0.0,0.0,0.0,0.0,0.0,0.0,0.0,0.0,0.0,0.0,0.0,0.0,0.0,0.0,0.0,0.0,0.0,0.0,0.0,0.0,0.0,0.0,0.0,0.0,0.0,0.0,0.0,0.0,0.0,0.0,0.0,0.0,0.0,0.0,0.0,0.0,0.0,30
0813_Methyl_acetate.xyz,159.5133006271086,50.22153740352328,29.90639276239568,18.708367548443924,4.311851249284374,-0.04700023303013408,-0.06206518071620078,-0.06919038917631253,-0.08382514368610855,-0.8492118345939625,-0.9424517716547872,0.0,0.0,0.0,0.0,0.0,0.0,0.0,0.0,0.0,0.0,0.0,0.0,0.0,0.0,0.0,0.0,0.0,0.0,0.0,0.0,0.0,0.0,0.0,0.0,0.0,0.0,0.0,0.0,0.0,0.0,0.0,0.0,0.0,0.0,0.0,0.0,0.0,0.0,0.0,0.0,0.0,0.0,0.0,0.0,0.0,30
0814_2_Methylpropan_2_ol.xyz,136.18090446804848,37.42572661336764,24.17360303576281,24.135809292884073,7.541206798511993,0.03195939294985614,-0.017010814036063693,-0.026750671983178802,-0.1257187870596008,-0.12806129278935346,-0.15649046023835242,-0.4846855432968981,-0.8102495786773597,-0.8147202541533187,-0.9764066817768583,0.0,0.0,0.0,0.0,0.0,0.0,0.0,0.0,0.0,0.0,0.0,0.0,0.0,0.0,0.0,0.0,0.0,0.0,0.0,0.0,0.0,0.0,0.0,0.0,0.0,0.0,0.0,0.0,0.0,0.0,0.0,0.0,0.0,0.0,0.0,0.0,0.0,0.0,0.0,0.0,0.0,32
0815_Aniline.xyz,150.3753381814772,51.183338690740094,35.550826799831015,23.796244300288173,9.629215946896723,8.091402063676155,2.843705681167799,-0.09359329883404234,-0.09924514945920648,-0.25879243238117217,-0.454231090938126,-0.5972690698574423,-0.7791815075726252,-1.1804205186508536,0.0,0.0,0.0,0.0,0.0,0.0,0.0,0.0,0.0,0.0,0.0,0.0,0.0,0.0,0.0,0.0,0.0,0.0,0.0,0.0,0.0,0.0,0.0,0.0,0.0,0.0,0.0,0.0,0.0,0.0,0.0,0.0,0.0,0.0,0.0,0.0,0.0,0.0,0.0,0.0,0.0,0.0,36
0816_Butan_2_one.xyz,135.84573852160315,41.51884651027605,29.96348995105139,15.196918436244331,5.144956533459845,0.032068184259789974,-0.06103972520082893,-0.07029574091883212,-0.08382121520960806,-0.1589908732411355,-0.5165748937362563,-0.8645842358682784,-0.9975959352056829,0.0,0.0,0.0,0.0,0.0,0.0,0.0,0.0,0.0,0.0,0.0,0.0,0.0,0.0,0.0,0.0,0.0,0.0,0.0,0.0,0.0,0.0,0.0,0.0,0.0,0.0,0.0,0.0,0.0,0.0,0.0,0.0,0.0,0.0,0.0,0.0,0.0,0.0,0.0,0.0,0.0,0.0,0.0,30
0817_14_Dioxane.xyz,171.16226027620786,60.04349559728682,33.35840794636011,17.09958639445901,11.72766085713538,7.915997353582414,0.03479016094576138,-0.07627722319587421,-0.08369275431070158,-0.1452641275668161,-0.3885160602499052,-0.47773703828983816,-0.7910022178305501,-0.9138989272095136,0.0,0.0,0.0,0.0,0.0,0.0,0.0,0.0,0.0,0.0,0.0,0.0,0.0,0.0,0.0,0.0,0.0,0.0,0.0,0.0,0.0,0.0,0.0,0.0,0.0,0.0,0.0,0.0,0.0,0.0,0.0,0.0,0.0,0.0,0.0,0.0,0.0,0.0,0.0,0.0,0.0,0.0,36
0818_Thiolane.xyz,413.56463967349555,73.30574922145114,29.85331006990255,16.049790848225655,9.383428539857682,0.06939494519186079,-0.07198271290425366,-0.12376725820750188,-0.13563374154401242,-0.2928413195696314,-0.5159607775974293,-0.7005335062350873,-0.9297321577009611,0.0,0.0,0.0,0.0,0.0,0.0,0.0,0.0,0.0,0.0,0.0,0.0,0.0,0.0,0.0,0.0,0.0,0.0,0.0,0.0,0.0,0.0,0.0,0.0,0.0,0.0,0.0,0.0,0.0,0.0,0.0,0.0,0.0,0.0,0.0,0.0,0.0,0.0,0.0,0.0,0.0,0.0,0.0,30
0819_2_Chloro_2_methylpropane.xyz,468.9680536173463,77.85332078030726,24.182276616336917,24.181929247610384,8.547149101631199,0.04255746987205009,-0.026867510320893722,-0.026876848524201972,-0.12848467703977645,-0.12848603747156387,-0.15595545437866448,-0.8157768981023987,-0.8158080405884297,-0.9502245881024781,0.0,0.0,0.0,0.0,0.0,0.0,0.0,0.0,0.0,0.0,0.0,0.0,0.0,0.0,0.0,0.0,0.0,0.0,0.0,0.0,0.0,0.0,0.0,0.0,0.0,0.0,0.0,0.0,0.0,0.0,0.0,0.0,0.0,0.0,0.0,0.0,0.0,0.0,0.0,0.0,0.0,0.0,32
0820_Pyrrolidine.xyz,128.087143254583,32.97447837030134,28.162185230421816,10.082822472944613,9.172152009733617,0.10070041369241448,-0.07721626982352629,-0.10381001831439639,-0.17953651136654195,-0.18475759487782287,-0.4472061302971652,-0.516497833334953,-0.8524866004665328,-0.9268425956638868,0.0,0.0,0.0,0.0,0.0,0.0,0.0,0.0,0.0,0.0,0.0,0.0,0.0,0.0,0.0,0.0,0.0,0.0,0.0,0.0,0.0,0.0,0.0,0.0,0.0,0.0,0.0,0.0,0.0,0.0,0.0,0.0,0.0,0.0,0.0,0.0,0.0,0.0,0.0,0.0,0.0,0.0,30
0821_Ethoxyethane.xyz,136.30391693558443,41.596313551407185,28.592257750696536,12.134128946056736,10.66014927030453,0.07999991937825504,-0.04803319429612116,-0.06474271987474146,-0.07082241866323716,-0.11412884956622736,-0.1747902164424347,-0.47666560015087084,-0.5295764602318697,-0.9446031983756245,-0.9942881983125966,0.0,0.0,0.0,0.0,0.0,0.0,0.0,0.0,0.0,0.0,0.0,0.0,0.0,0.0,0.0,0.0,0.0,0.0,0.0,0.0,0.0,0.0,0.0,0.0,0.0,0.0,0.0,0.0,0.0,0.0,0.0,0.0,0.0,0.0,0.0,0.0,0.0,0.0,0.0,0.0,0.0,32
0822_11_Dimethoxyethane.xyz,169.28735050422608,56.85027450894815,31.635792230863746,20.228213980576115,17.50936423388107,7.3579395769322264,-0.010431001471872895,-0.025756998869400426,-0.06150149751132769,-0.07117583426197657,-0.10339620326960304,-0.12740018482151572,-0.3610474472749437,-0.819189932416391,-0.8699860845726972,-0.9532396136333906,0.0,0.0,0.0,0.0,0.0,0.0,0.0,0.0,0.0,0.0,0.0,0.0,0.0,0.0,0.0,0.0,0.0,0.0,0.0,0.0,0.0,0.0,0.0,0.0,0.0,0.0,0.0,0.0,0.0,0.0,0.0,0.0,0.0,0.0,0.0,0.0,0.0,0.0,0.0,0.0,38
0823_2_Methylpropan_2_thiol.xyz,409.30305134469256,77.04373831987306,24.149289357182553,24.129891489982537,8.727785295375908,0.1583899081311894,0.022256883133007,-0.02719312763739963,-0.06956310472832632,-0.1305150451144126,-0.1339203398905863,-0.15523498375179687,-0.8113167942514928,-0.8125870228493391,-0.9382103557819613,0.0,0.0,0.0,0.0,0.0,0.0,0.0,0.0,0.0,0.0,0.0,0.0,0.0,0.0,0.0,0.0,0.0,0.0,0.0,0.0,0.0,0.0,0.0,0.0,0.0,0.0,0.0,0.0,0.0,0.0,0.0,0.0,0.0,0.0,0.0,0.0,0.0,0.0,0.0,0.0,0.0,32
0824_Ethyldisulfanylethane.xyz,535.4559223313472,266.5665964495326,56.12329951891722,45.516448114062854,14.276565387402998,13.78425424974826,0.023374274301522106,-0.005711844010418684,-0.06554322744635394,-0.06596437323826697,-0.12619663055150693,-0.14743164360565408,-0.46049271554672383,-0.5310379036339051,-0.9312632616774894,-0.9335158745756149,0.0,0.0,0.0,0.0,0.0,0.0,0.0,0.0,0.0,0.0,0.0,0.0,0.0,0.0,0.0,0.0,0.0,0.0,0.0,0.0,0.0,0.0,0.0,0.0,0.0,0.0,0.0,0.0,0.0,0.0,0.0,0.0,0.0,0.0,0.0,0.0,0.0,0.0,0.0,0.0,38
0825_2_Methylpropan_2_amine.xyz,123.3592296607556,30.8726380869946,24.11331421389693,24.111461916654335,7.689965856921773,0.033431614406409946,0.016082881333449858,-0.02344744702111511,-0.11712734051339556,-0.12961341650256628,-0.15582743567383617,-0.18215821950127192,-0.6946946235626172,-0.8080129413856177,-0.8122953725172983,-0.9818192367535594,0.0,0.0,0.0,0.0,0.0,0.0,0.0,0.0,0.0,0.0,0.0,0.0,0.0,0.0,0.0,0.0,0.0,0.0,0.0,0.0,0.0,0.0,0.0,0.0,0.0,0.0,0.0,0.0,0.0,0.0,0.0,0.0,0.0,0.0,0.0,0.0,0.0,0.0,0.0,0.0,32
0826_Tetramethylsilane.xyz,316.2199743079374,41.9907265667173,26.83692229600584,26.834888591772785,26.834498555203783,-0.004330878786588745,-0.0043511200383478214,-0.004354405088806591,-0.09000959224006748,-0.09005889799361969,-0.12335769262913607,-0.12336409091160454,-0.12337850607163241,-0.739519067735617,-0.7842953287369082,-0.7843116358652196,-0.7843122130784195,0.0,0.0,0.0,0.0,0.0,0.0,0.0,0.0,0.0,0.0,0.0,0.0,0.0,0.0,0.0,0.0,0.0,0.0,0.0,0.0,0.0,0.0,0.0,0.0,0.0,0.0,0.0,0.0,0.0,0.0,0.0,0.0,0.0,0.0,0.0,0.0,0.0,0.0,0.0,32
0827_2_Methylthiophene.xyz,420.81044310896505,80.67963671179388,39.57414551936014,21.080564401304454,10.455079444816226,5.130718879982458,-0.06670274334108207,-0.06718536276303545,-0.1755493996797467,-0.4252981170001841,-0.76359654931962,-0.9182888703269589,0.0,0.0,0.0,0.0,0.0,0.0,0.0,0.0,0.0,0.0,0.0,0.0,0.0,0.0,0.0,0.0,0.0,0.0,0.0,0.0,0.0,0.0,0.0,0.0,0.0,0.0,0.0,0.0,0.0,0.0,0.0,0.0,0.0,0.0,0.0,0.0,0.0,0.0,0.0,0.0,0.0,0.0,0.0,0.0,32
0828_1_Methyl_1H_pyrrole.xyz,145.69469388467536,40.28616614647943,27.984122663279095,18.630348962679776,5.906731147588608,5.718141774028662,-0.061083870318536626,-0.06667407310680429,-0.16015912954852635,-0.3242193131177735,-0.6377717729994359,-0.8678142158209411,-0.9532488068611034,0.0,0.0,0.0,0.0,0.0,0.0,0.0,0.0,0.0,0.0,0.0,0.0,0.0,0.0,0.0,0.0,0.0,0.0,0.0,0.0,0.0,0.0,0.0,0.0,0.0,0.0,0.0,0.0,0.0,0.0,0.0,0.0,0.0,0.0,0.0,0.0,0.0,0.0,0.0,0.0,0.0,0.0,0.0,32
0829_Oxane.xyz,152.1463462314647,45.94202417171728,34.29579207371673,14.214922925085508,12.021801658386401,7.672557865056757,0.07023696867927624,-0.07698763100706525,-0.08374359855938206,-0.11529243118157022,-0.14268525678451366,-0.26228338273274643,-0.46979998044262855,-0.6256903829670404,-0.7782275929516662,-1.0017509205401485,0.0,0.0,0.0,0.0,0.0,0.0,0.0,0.0,0.0,0.0,0.0,0.0,0.0,0.0,0.0,0.0,0.0,0.0,0.0,0.0,0.0,0.0,0.0,0.0,0.0,0.0,0.0,0.0,0.0,0.0,0.0,0.0,0.0,0.0,0.0,0.0,0.0,0.0,0.0,0.0,36
0830_Pentan_3_one.xyz,145.6682182192456,43.036109391143206,40.789030836801594,19.318931865541312,12.679004275905864,4.71035612735192,0.057130359751856624,-0.048286339477744994,-0.0662746495817458,-0.0677368130468973,-0.12084366984100323,-0.17262843071448922,-0.505645170504853,-0.5264939047189012,-0.9384113517440705,-1.005240029171619,0.0,0.0,0.0,0.0,0.0,0.0,0.0,0.0,0.0,0.0,0.0,0.0,0.0,0.0,0.0,0.0,0.0,0.0,0.0,0.0,0.0,0.0,0.0,0.0,0.0,0.0,0.0,0.0,0.0,0.0,0.0,0.0,0.0,0.0,0.0,0.0,0.0,0.0,0.0,0.0,36
0831_Propan_2_yl_acetate.xyz,177.9768915481364,59.02622698166377,37.48686174096334,27.56063138633042,24.078710533875753,9.36501612948895,4.282791357365843,0.004703919813082215,-0.03876891171153115,-0.06483908073599505,-0.06817049278757432,-0.11125861786212818,-0.12996491107142874,-0.3192564417581797,-0.8152825732785636,-0.9157566354196192,-0.994620496262455,0.0,0.0,0.0,0.0,0.0,0.0,0.0,0.0,0.0,0.0,0.0,0.0,0.0,0.0,0.0,0.0,0.0,0.0,0.0,0.0,0.0,0.0,0.0,0.0,0.0,0.0,0.0,0.0,0.0,0.0,0.0,0.0,0.0,0.0,0.0,0.0,0.0,0.0,0.0,42
0832_Thiane.xyz,416.8942934993838,84.1104979430402,36.4199151515925,22.063185719313736,12.503346898684617,8.701054135579065,0.057177085250057956,-0.0719856495682417,-0.08066663874389066,-0.1162229559757162,-0.13246731880567178,-0.2658417504588069,-0.46236503526972644,-0.5843087268625481,-0.7701243107776122,-0.9515210225904733,0.0,0.0,0.0,0.0,0.0,0.0,0.0,0.0,0.0,0.0,0.0,0.0,0.0,0.0,0.0,0.0,0.0,0.0,0.0,0.0,0.0,0.0,0.0,0.0,0.0,0.0,0.0,0.0,0.0,0.0,0.0,0.0,0.0,0.0,0.0,0.0,0.0,0.0,0.0,0.0,36
0833_2_Methoxy_2_methylpropane.xyz,151.17560741744774,42.79768423878347,24.76981718577003,24.20345049660175,18.050319729290003,6.851758439451924,0.0432443422848784,0.0008725960346084306,-0.02447914145651297,-0.03623916893915924,-0.1060003721764817,-0.14278693572976325,-0.1462683123600006,-0.17517319900796238,-0.8097651620845371,-0.8137031071466443,-0.8378340447723682,-0.993284285051078,0.0,0.0,0.0,0.0,0.0,0.0,0.0,0.0,0.0,0.0,0.0,0.0,0.0,0.0,0.0,0.0,0.0,0.0,0.0,0.0,0.0,0.0,0.0,0.0,0.0,0.0,0.0,0.0,0.0,0.0,0.0,0.0,0.0,0.0,0.0,0.0,0.0,0.0,38
0834_13_Difluorobenzene.xyz,200.31984055531694,92.51969981447037,54.886412489534806,29.342401356386873,25.359574433973833,8.925920682613295,6.808385038108294,2.331613782429109,-0.18214928192034105,-0.46262617783683596,-0.5284900003290516,-1.1057519884555658,0.0,0.0,0.0,0.0,0.0,0.0,0.0,0.0,0.0,0.0,0.0,0.0,0.0,0.0,0.0,0.0,0.0,0.0,0.0,0.0,0.0,0.0,0.0,0.0,0.0,0.0,0.0,0.0,0.0,0.0,0.0,0.0,0.0,0.0,0.0,0.0,0.0,0.0,0.0,0.0,0.0,0.0,0.0,0.0,42
0835_14_Difluororbenzene.xyz,198.79879497451418,96.48195632181944,49.135168882640485,35.70984079093074,21.82616699034955,9.713132171349507,6.567778191476805,2.2515878442904023,-0.24686405702649103,-0.3197886985577309,-0.6007814207332243,-1.1021612867619808,0.0,0.0,0.0,0.0,0.0,0.0,0.0,0.0,0.0,0.0,0.0,0.0,0.0,0.0,0.0,0.0,0.0,0.0,0.0,0.0,0.0,0.0,0.0,0.0,0.0,0.0,0.0,0.0,0.0,0.0,0.0,0.0,0.0,0.0,0.0,0.0,0.0,0.0,0.0,0.0,0.0,0.0,0.0,0.0,42
0836_Fluorobenzene.xyz,172.54921517161696,68.26190913033604,35.64254814840295,26.918807597064998,9.706336845083827,8.005078869704718,2.675247490395114,-0.10355044873106517,-0.24518309169968916,-0.48354143211288947,-0.598173530950796,-1.1469637986863908,0.0,0.0,0.0,0.0,0.0,0.0,0.0,0.0,0.0,0.0,0.0,0.0,0.0,0.0,0.0,0.0,0.0,0.0,0.0,0.0,0.0,0.0,0.0,0.0,0.0,0.0,0.0,0.0,0.0,0.0,0.0,0.0,0.0,0.0,0.0,0.0,0.0,0.0,0.0,0.0,0.0,0.0,0.0,0.0,36
0837_2_propan_2_yloxypropane.xyz,159.11236645840717,49.251934989986175,31.90872961717866,24.934154524095607,23.481101996750997,9.799659173853225,7.932533900114696,0.021456078837057403,0.011379758248349579,-0.015570006772501569,-0.04623407316526268,-0.09644705018642089,-0.11570452728250798,-0.1320950498924963,-0.13239810891294101,-0.2995102898418346,-0.3601553598466943,-0.8101693719198668,-0.8171211192108204,-0.9578176188844346,-1.0047680051903947,0.0,0.0,0.0,0.0,0.0,0.0,0.0,0.0,0.0,0.0,0.0,0.0,0.0,0.0,0.0,0.0,0.0,0.0,0.0,0.0,0.0,0.0,0.0,0.0,0.0,0.0,0.0,0.0,0.0,0.0,0.0,0.0,0.0,0.0,0.0,44
0838_Bromoethene.xyz,2546.6687970637595,58.75993464428992,10.384118360660382,-0.031344623356137795,-0.28774374533235864,-0.8647136393981889,0.0,0.0,0.0,0.0,0.0,0.0,0.0,0.0,0.0,0.0,0.0,0.0,0.0,0.0,0.0,0.0,0.0,0.0,0.0,0.0,0.0,0.0,0.0,0.0,0.0,0.0,0.0,0.0,0.0,0.0,0.0,0.0,0.0,0.0,0.0,0.0,0.0,0.0,0.0,0.0,0.0,0.0,0.0,0.0,0.0,0.0,0.0,0.0,0.0,0.0,18
0839_Bromoethane.xyz,2546.3539349903717,56.72181216848912,14.173938219996241,0.008763500670081123,-0.06255612902234561,-0.13512992656816117,-0.490856738262727,-0.9408580250529622,0.0,0.0,0.0,0.0,0.0,0.0,0.0,0.0,0.0,0.0,0.0,0.0,0.0,0.0,0.0,0.0,0.0,0.0,0.0,0.0,0.0,0.0,0.0,0.0,0.0,0.0,0.0,0.0,0.0,0.0,0.0,0.0,0.0,0.0,0.0,0.0,0.0,0.0,0.0,0.0,0.0,0.0,0.0,0.0,0.0,0.0,0.0,0.0,20
0840_2_Bromopropane.xyz,2548.5486714186636,72.31087887278179,24.287740905417575,10.648892140258857,0.01563985875394585,-0.03010612999026327,-0.10579442281705437,-0.1298213957512166,-0.2926354403302398,-0.8133461046063463,-0.952966442331691,0.0,0.0,0.0,0.0,0.0,0.0,0.0,0.0,0.0,0.0,0.0,0.0,0.0,0.0,0.0,0.0,0.0,0.0,0.0,0.0,0.0,0.0,0.0,0.0,0.0,0.0,0.0,0.0,0.0,0.0,0.0,0.0,0.0,0.0,0.0,0.0,0.0,0.0,0.0,0.0,0.0,0.0,0.0,0.0,0.0,26
0841_Bromobenzene.xyz,2551.922809741469,121.81007055887378,35.63014191825182,34.11247049664138,9.711286189074496,9.294476758886072,3.0528166634702254,-0.08963884435411301,-0.24497415597484545,-0.44826714643256477,-0.5979962397934134,-1.091727081784895,0.0,0.0,0.0,0.0,0.0,0.0,0.0,0.0,0.0,0.0,0.0,0.0,0.0,0.0,0.0,0.0,0.0,0.0,0.0,0.0,0.0,0.0,0.0,0.0,0.0,0.0,0.0,0.0,0.0,0.0,0.0,0.0,0.0,0.0,0.0,0.0,0.0,0.0,0.0,0.0,0.0,0.0,0.0,0.0,36
0842_Bromohexane.xyz,2548.7666532023745,109.62646335590443,49.060145284355976,27.44251599627464,16.176908895384912,10.997908438438634,9.428248975504822,0.1740900598733595,-0.003048262212229647,-0.06907048651748679,-0.11481436524166785,-0.11583277855812063,-0.16989813810335289,-0.176344824475389,-0.30145321111861895,-0.4725303282462464,-0.5822276544760754,-0.7107394041888234,-0.8820271497960522,-1.0134787468488105,0.0,0.0,0.0,0.0,0.0,0.0,0.0,0.0,0.0,0.0,0.0,0.0,0.0,0.0,0.0,0.0,0.0,0.0,0.0,0.0,0.0,0.0,0.0,0.0,0.0,0.0,0.0,0.0,0.0,0.0,0.0,0.0,0.0,0.0,0.0,0.0,44
0843_12_Dibromopropane.xyz,2817.5973422316847,2277.32767338861,65.49892473476906,23.706654616544792,10.30897547511672,-0.007591719155459669,-0.06788505206434935,-0.11059188056264016,-0.2947183829416661,-0.6485952805224334,-0.9101972096584078,0.0,0.0,0.0,0.0,0.0,0.0,0.0,0.0,0.0,0.0,0.0,0.0,0.0,0.0,0.0,0.0,0.0,0.0,0.0,0.0,0.0,0.0,0.0,0.0,0.0,0.0,0.0,0.0,0.0,0.0,0.0,0.0,0.0,0.0,0.0,0.0,0.0,0.0,0.0,0.0,0.0,0.0,0.0,0.0,0.0,32
0844_1R2R_12_dibromocyclopentane.xyz,2824.755862335893,2276.1568511519417,95.22709015805357,28.42845227244608,27.724500399546027,9.143007440181622,8.535909139828993,0.0533922514192469,-0.09203632659220044,-0.1664053769766459,-0.172866670554978,-0.3937767963074926,-0.4286857034404369,-0.7417665737603018,-0.9133263810069833,0.0,0.0,0.0,0.0,0.0,0.0,0.0,0.0,0.0,0.0,0.0,0.0,0.0,0.0,0.0,0.0,0.0,0.0,0.0,0.0,0.0,0.0,0.0,0.0,0.0,0.0,0.0,0.0,0.0,0.0,0.0,0.0,0.0,0.0,0.0,0.0,0.0,0.0,0.0,0.0,0.0,42
0845_Bromodifluoromethane.xyz,2555.486538176473,146.07561535835947,60.156712121818806,10.524631895228936,-0.406355182947298,0.0,0.0,0.0,0.0,0.0,0.0,0.0,0.0,0.0,0.0,0.0,0.0,0.0,0.0,0.0,0.0,0.0,0.0,0.0,0.0,0.0,0.0,0.0,0.0,0.0,0.0,0.0,0.0,0.0,0.0,0.0,0.0,0.0,0.0,0.0,0.0,0.0,0.0,0.0,0.0,0.0,0.0,0.0,0.0,0.0,0.0,0.0,0.0,0.0,0.0,0.0,26
0846_Phenol.xyz,159.48989573861073,59.480539635876866,35.58789661776778,25.693396132521368,9.663203287848228,8.052303408812445,2.7625043305680506,-0.10099546623558447,-0.23619851806765343,-0.44011343241307593,-0.5387265279517255,-0.598733700051265,-1.1496455909200527,0.0,0.0,0.0,0.0,0.0,0.0,0.0,0.0,0.0,0.0,0.0,0.0,0.0,0.0,0.0,0.0,0.0,0.0,0.0,0.0,0.0,0.0,0.0,0.0,0.0,0.0,0.0,0.0,0.0,0.0,0.0,0.0,0.0,0.0,0.0,0.0,0.0,0.0,0.0,0.0,0.0,0.0,0.0,36
0847_Ethenyloxyethene.xyz,138.5728630303738,43.878160173526936,28.364871619896356,8.775532777283559,6.981883301308118,-0.037164546101392214,-0.0434291918683277,-0.27431255226130213,-0.36706748111945053,-0.8930848820316499,-1.009136731492707,0.0,0.0,0.0,0.0,0.0,0.0,0.0,0.0,0.0,0.0,0.0,0.0,0.0,0.0,0.0,0.0,0.0,0.0,0.0,0.0,0.0,0.0,0.0,0.0,0.0,0.0,0.0,0.0,0.0,0.0,0.0,0.0,0.0,0.0,0.0,0.0,0.0,0.0,0.0,0.0,0.0,0.0,0.0,0.0,0.0,28
0848_Oxolane.xyz,142.10851635599732,38.420753283281215,27.874794296164524,9.996753573296118,9.325109118635625,0.08621333012163902,-0.07378286858236789,-0.12918228756716077,-0.14292215009378798,-0.29185495243249787,-0.5203914874104707,-0.7704235197869704,-0.9344671741092293,0.0,0.0,0.0,0.0,0.0,0.0,0.0,0.0,0.0,0.0,0.0,0.0,0.0,0.0,0.0,0.0,0.0,0.0,0.0,0.0,0.0,0.0,0.0,0.0,0.0,0.0,0.0,0.0,0.0,0.0,0.0,0.0,0.0,0.0,0.0,0.0,0.0,0.0,0.0,0.0,0.0,0.0,0.0,30
0849_Cyclopentanone.xyz,148.37070642332026,53.89571134534502,28.8390821904796,19.037704947166088,9.434188694454573,5.089366711488022,0.07479984027433659,-0.07865032773390293,-0.13100358305652537,-0.14114336019244794,-0.3259530280614717,-0.5148047691365427,-0.8176780188466608,-0.9251063485604415,0.0,0.0,0.0,0.0,0.0,0.0,0.0,0.0,0.0,0.0,0.0,0.0,0.0,0.0,0.0,0.0,0.0,0.0,0.0,0.0,0.0,0.0,0.0,0.0,0.0,0.0,0.0,0.0,0.0,0.0,0.0,0.0,0.0,0.0,0.0,0.0,0.0,0.0,0.0,0.0,0.0,0.0,34
0850_Quinone.xyz,180.3635216779677,79.75978052403653,40.387688939102944,37.675544730055634,16.43034904297936,9.046364606075477,6.183439207756914,2.483704736853711,-0.23119439657218757,-0.27516523299259754,-0.6342629160107949,-1.0077502830765055,0.0,0.0,0.0,0.0,0.0,0.0,0.0,0.0,0.0,0.0,0.0,0.0,0.0,0.0,0.0,0.0,0.0,0.0,0.0,0.0,0.0,0.0,0.0,0.0,0.0,0.0,0.0,0.0,0.0,0.0,0.0,0.0,0.0,0.0,0.0,0.0,0.0,0.0,0.0,0.0,0.0,0.0,0.0,0.0,40
0851_Pyrimidine.xyz,153.32369364242803,44.52368271188214,36.991170216366655,10.671183433114532,9.740746538426789,2.9440433840250555,-0.15569699275162607,-0.4264680791408173,-0.47316656595750295,-0.9893526910332058,0.0,0.0,0.0,0.0,0.0,0.0,0.0,0.0,0.0,0.0,0.0,0.0,0.0,0.0,0.0,0.0,0.0,0.0,0.0,0.0,0.0,0.0,0.0,0.0,0.0,0.0,0.0,0.0,0.0,0.0,0.0,0.0,0.0,0.0,0.0,0.0,0.0,0.0,0.0,0.0,0.0,0.0,0.0,0.0,0.0,0.0,30
0852_Methanesulfonylmethane.xyz,452.99987615271596,55.43795094823538,48.06423101838679,31.46954405945144,25.673035335110463,-0.00966004236903333,-0.03627520323259897,-0.09675568152966715,-0.11253213729293196,-0.7922269909722796,-0.824146593369268,0.0,0.0,0.0,0.0,0.0,0.0,0.0,0.0,0.0,0.0,0.0,0.0,0.0,0.0,0.0,0.0,0.0,0.0,0.0,0.0,0.0,0.0,0.0,0.0,0.0,0.0,0.0,0.0,0.0,0.0,0.0,0.0,0.0,0.0,0.0,0.0,0.0,0.0,0.0,0.0,0.0,0.0,0.0,0.0,0.0,32
0853_Chlorobenzene.xyz,472.0892598183907,112.25264158875322,35.6371294893439,33.07032071190644,9.70318749163222,9.153395559451537,3.0237319583492104,-0.09264583627194081,-0.2450170324941431,-0.45320872909006776,-0.5984281712519607,-1.0973496712909445,0.0,0.0,0.0,0.0,0.0,0.0,0.0,0.0,0.0,0.0,0.0,0.0,0.0,0.0,0.0,0.0,0.0,0.0,0.0,0.0,0.0,0.0,0.0,0.0,0.0,0.0,0.0,0.0,0.0,0.0,0.0,0.0,0.0,0.0,0.0,0.0,0.0,0.0,0.0,0.0,0.0,0.0,0.0,0.0,36
0854_Butanedinitrile.xyz,132.4685504617209,66.96631296901535,33.55930854329368,16.552520042644495,4.33540956607207,3.852613906993481,0.0028859160137368156,-0.13840554515393086,-0.5157784308764353,-0.9335818323633202,0.0,0.0,0.0,0.0,0.0,0.0,0.0,0.0,0.0,0.0,0.0,0.0,0.0,0.0,0.0,0.0,0.0,0.0,0.0,0.0,0.0,0.0,0.0,0.0,0.0,0.0,0.0,0.0,0.0,0.0,0.0,0.0,0.0,0.0,0.0,0.0,0.0,0.0,0.0,0.0,0.0,0.0,0.0,0.0,0.0,0.0,30
0855_Pyrazine.xyz,152.9696334366011,47.50493602481912,33.90757429447602,11.522352098478844,9.346671192068994,2.945517965964645,-0.20974042521689218,-0.25006688216440875,-0.6053425974071206,-0.9816995102603744,0.0,0.0,0.0,0.0,0.0,0.0,0.0,0.0,0.0,0.0,0.0,0.0,0.0,0.0,0.0,0.0,0.0,0.0,0.0,0.0,0.0,0.0,0.0,0.0,0.0,0.0,0.0,0.0,0.0,0.0,0.0,0.0,0.0,0.0,0.0,0.0,0.0,0.0,0.0,0.0,0.0,0.0,0.0,0.0,0.0,0.0,30
0856_25_Dihydrothiophene.xyz,413.73541275524224,75.11176416018662,29.17370715459383,16.501876268369962,6.170963908901987,-0.043977906751560505,-0.08753613280500798,-0.13958961932432412,-0.4510046959835781,-0.6194363370767945,-0.8963177309877939,0.0,0.0,0.0,0.0,0.0,0.0,0.0,0.0,0.0,0.0,0.0,0.0,0.0,0.0,0.0,0.0,0.0,0.0,0.0,0.0,0.0,0.0,0.0,0.0,0.0,0.0,0.0,0.0,0.0,0.0,0.0,0.0,0.0,0.0,0.0,0.0,0.0,0.0,0.0,0.0,0.0,0.0,0.0,0.0,0.0,28
0857_But_3_yn_2_one.xyz,135.64587225917217,46.70235353107828,29.016117051959718,10.65249295149717,2.7209703632467632,-0.06413040498062791,-0.06799432196441434,-0.691636805813743,-0.9649291066812413,0.0,0.0,0.0,0.0,0.0,0.0,0.0,0.0,0.0,0.0,0.0,0.0,0.0,0.0,0.0,0.0,0.0,0.0,0.0,0.0,0.0,0.0,0.0,0.0,0.0,0.0,0.0,0.0,0.0,0.0,0.0,0.0,0.0,0.0,0.0,0.0,0.0,0.0,0.0,0.0,0.0,0.0,0.0,0.0,0.0,0.0,0.0,26
0858_2E_but_2_enal.xyz,130.137556513773,56.201825503513994,24.037840418920343,10.29537905607546,5.721049894541551,-0.06480051083427944,-0.06953246442118534,-0.20478847514978926,-0.41738613623293463,-0.6741749374586168,-1.0138533452135463,0.0,0.0,0.0,0.0,0.0,0.0,0.0,0.0,0.0,0.0,0.0,0.0,0.0,0.0,0.0,0.0,0.0,0.0,0.0,0.0,0.0,0.0,0.0,0.0,0.0,0.0,0.0,0.0,0.0,0.0,0.0,0.0,0.0,0.0,0.0,0.0,0.0,0.0,0.0,0.0,0.0,0.0,0.0,0.0,0.0,28
0859_Hydrogen_cyanide.xyz,82.92810525387475,8.420166581107935,-0.6314592357286123,0.0,0.0,0.0,0.0,0.0,0.0,0.0,0.0,0.0,0.0,0.0,0.0,0.0,0.0,0.0,0.0,0.0,0.0,0.0,0.0,0.0,0.0,0.0,0.0,0.0,0.0,0.0,0.0,0.0,0.0,0.0,0.0,0.0,0.0,0.0,0.0,0.0,0.0,0.0,0.0,0.0,0.0,0.0,0.0,0.0,0.0,0.0,0.0,0.0,0.0,0.0,0.0,0.0,10
0860_1235_Tetrafluorobenzene.xyz,254.320423894393,101.76275650610869,92.67405869831225,66.25052829054562,39.7078214447446,25.415362880034465,19.889993850653948,6.758019262743748,5.75101629611744,1.1780083804325248,-0.46601189170568863,-0.9609474003528614,0.0,0.0,0.0,0.0,0.0,0.0,0.0,0.0,0.0,0.0,0.0,0.0,0.0,0.0,0.0,0.0,0.0,0.0,0.0,0.0,0.0,0.0,0.0,0.0,0.0,0.0,0.0,0.0,0.0,0.0,0.0,0.0,0.0,0.0,0.0,0.0,0.0,0.0,0.0,0.0,0.0,0.0,0.0,0.0,54
0861_1112333_Heptafluoropropane.xyz,328.07495642465165,123.10999525023558,80.76855987395395,65.65945373677181,59.226953042202055,55.69306630453231,53.68723645971405,18.271074368546127,6.17055670488977,3.6414107485920844,-0.49724903873565995,0.0,0.0,0.0,0.0,0.0,0.0,0.0,0.0,0.0,0.0,0.0,0.0,0.0,0.0,0.0,0.0,0.0,0.0,0.0,0.0,0.0,0.0,0.0,0.0,0.0,0.0,0.0,0.0,0.0,0.0,0.0,0.0,0.0,0.0,0.0,0.0,0.0,0.0,0.0,0.0,0.0,0.0,0.0,0.0,0.0,62
0862_111233_Hexafluoropropane.xyz,298.04362119908535,114.49553326968967,74.81091561966137,64.43154683025112,58.282153604055765,55.34210614062562,19.78194669023488,8.396769797951723,4.093451424975963,-0.2946146367978298,-0.6105158182477216,0.0,0.0,0.0,0.0,0.0,0.0,0.0,0.0,0.0,0.0,0.0,0.0,0.0,0.0,0.0,0.0,0.0,0.0,0.0,0.0,0.0,0.0,0.0,0.0,0.0,0.0,0.0,0.0,0.0,0.0,0.0,0.0,0.0,0.0,0.0,0.0,0.0,0.0,0.0,0.0,0.0,0.0,0.0,0.0,0.0,56
0863_1112_Tetrachloroethane.xyz,744.1894112773485,385.3592986164981,349.86754213383347,344.15703596792287,35.26220820166613,11.74318189125311,-0.06370027815026963,-0.6212234880304939,0.0,0.0,0.0,0.0,0.0,0.0,0.0,0.0,0.0,0.0,0.0,0.0,0.0,0.0,0.0,0.0,0.0,0.0,0.0,0.0,0.0,0.0,0.0,0.0,0.0,0.0,0.0,0.0,0.0,0.0,0.0,0.0,0.0,0.0,0.0,0.0,0.0,0.0,0.0,0.0,0.0,0.0,0.0,0.0,0.0,0.0,0.0,0.0,38
0864_1112_Tetrafluoroethane.xyz,240.76354034618538,82.27970142496912,60.05192468904184,59.56485211308652,17.91752324917177,5.05994228574223,-0.0657165686194195,-0.7231581252534265,0.0,0.0,0.0,0.0,0.0,0.0,0.0,0.0,0.0,0.0,0.0,0.0,0.0,0.0,0.0,0.0,0.0,0.0,0.0,0.0,0.0,0.0,0.0,0.0,0.0,0.0,0.0,0.0,0.0,0.0,0.0,0.0,0.0,0.0,0.0,0.0,0.0,0.0,0.0,0.0,0.0,0.0,0.0,0.0,0.0,0.0,0.0,0.0,38
0865_1236_Tetrahydrobenzaldehyde.xyz,162.62999474372901,71.7390720938882,35.21325946566259,33.1231448541717,13.445956401078869,12.087045923649718,7.106663822088449,5.079949158967757,0.005973635581475251,-0.07533349883119021,-0.11493656116463581,-0.13926870188575624,-0.27097072513199844,-0.4046766094989671,-0.4770418220799963,-0.6551483085007916,-0.7267883275254643,-1.0434644284069936,0.0,0.0,0.0,0.0,0.0,0.0,0.0,0.0,0.0,0.0,0.0,0.0,0.0,0.0,0.0,0.0,0.0,0.0,0.0,0.0,0.0,0.0,0.0,0.0,0.0,0.0,0.0,0.0,0.0,0.0,0.0,0.0,0.0,0.0,0.0,0.0,0.0,0.0,44
0866_111333_Hexafluoropropane.xyz,298.83283744543,123.17639999614113,66.407182785529,63.30569169505523,55.80091505701363,53.72446543689804,25.59404009921834,6.3124699120386625,4.453060191328524,-0.07697522093557826,-0.7571732762313503,0.0,0.0,0.0,0.0,0.0,0.0,0.0,0.0,0.0,0.0,0.0,0.0,0.0,0.0,0.0,0.0,0.0,0.0,0.0,0.0,0.0,0.0,0.0,0.0,0.0,0.0,0.0,0.0,0.0,0.0,0.0,0.0,0.0,0.0,0.0,0.0,0.0,0.0,0.0,0.0,0.0,0.0,0.0,0.0,0.0,56
0867_123_Propanetriol.xyz,175.48625412149494,60.46528877802216,54.4468927323298,25.72815409005503,14.936987270626028,7.286378214294595,-0.014012376955271268,-0.10799775772788339,-0.2131094864260409,-0.42124568564064524,-0.44710167196063283,-0.4938367842643584,-0.6678541169598534,-0.8603975691792433,0.0,0.0,0.0,0.0,0.0,0.0,0.0,0.0,0.0,0.0,0.0,0.0,0.0,0.0,0.0,0.0,0.0,0.0,0.0,0.0,0.0,0.0,0.0,0.0,0.0,0.0,0.0,0.0,0.0,0.0,0.0,0.0,0.0,0.0,0.0,0.0,0.0,0.0,0.0,0.0,0.0,0.0,38
0868_11133_Pentafluoropropane.xyz,267.1951662762218,113.39957375238887,64.47066266145872,60.08067637936228,55.42501208845314,26.554123786547354,8.896134348751222,4.951133937639736,-0.07197932533583125,-0.36003114688728743,-0.8006583909820167,0.0,0.0,0.0,0.0,0.0,0.0,0.0,0.0,0.0,0.0,0.0,0.0,0.0,0.0,0.0,0.0,0.0,0.0,0.0,0.0,0.0,0.0,0.0,0.0,0.0,0.0,0.0,0.0,0.0,0.0,0.0,0.0,0.0,0.0,0.0,0.0,0.0,0.0,0.0,0.0,0.0,0.0,0.0,0.0,0.0,50
0869_123_Trichlorobenzene.xyz,649.8313417463833,399.6104961802862,345.2903194168875,91.54573673621546,32.02206369922736,31.93689193609139,8.95666877802341,8.852607877578805,2.535973575331624,-0.17243142109307252,-0.4385042831777874,-0.9393751025812258,0.0,0.0,0.0,0.0,0.0,0.0,0.0,0.0,0.0,0.0,0.0,0.0,0.0,0.0,0.0,0.0,0.0,0.0,0.0,0.0,0.0,0.0,0.0,0.0,0.0,0.0,0.0,0.0,0.0,0.0,0.0,0.0,0.0,0.0,0.0,0.0,0.0,0.0,0.0,0.0,0.0,0.0,0.0,0.0,48
0870_111_Trichloroethane.xyz,669.7671175757686,349.9115933167172,349.90992932741415,40.79090221575014,12.207606605419153,-0.06514912461763722,-0.06515721146129466,-0.8574743635218441,0.0,0.0,0.0,0.0,0.0,0.0,0.0,0.0,0.0,0.0,0.0,0.0,0.0,0.0,0.0,0.0,0.0,0.0,0.0,0.0,0.0,0.0,0.0,0.0,0.0,0.0,0.0,0.0,0.0,0.0,0.0,0.0,0.0,0.0,0.0,0.0,0.0,0.0,0.0,0.0,0.0,0.0,0.0,0.0,0.0,0.0,0.0,0.0,32
0871_123_Trichloropropane.xyz,627.2816576319536,386.8247864284532,365.3575191730257,49.92311547086257,22.201672314194095,9.609646415535192,-0.04854017442898902,-0.07546237414762932,-0.26967190874055924,-0.5936700498803983,-0.7535793859323647,0.0,0.0,0.0,0.0,0.0,0.0,0.0,0.0,0.0,0.0,0.0,0.0,0.0,0.0,0.0,0.0,0.0,0.0,0.0,0.0,0.0,0.0,0.0,0.0,0.0,0.0,0.0,0.0,0.0,0.0,0.0,0.0,0.0,0.0,0.0,0.0,0.0,0.0,0.0,0.0,0.0,0.0,0.0,0.0,0.0,38
0872_111_Trichlorofluoroethane.xyz,682.6572342862161,350.64075106609,349.74712311144344,100.47924305023444,25.730007947925973,10.108172114672875,-0.06125445423599135,-0.6688090270104934,0.0,0.0,0.0,0.0,0.0,0.0,0.0,0.0,0.0,0.0,0.0,0.0,0.0,0.0,0.0,0.0,0.0,0.0,0.0,0.0,0.0,0.0,0.0,0.0,0.0,0.0,0.0,0.0,0.0,0.0,0.0,0.0,0.0,0.0,0.0,0.0,0.0,0.0,0.0,0.0,0.0,0.0,0.0,0.0,0.0,0.0,0.0,0.0,38
0873_111_Trifluoroethane.xyz,214.47584360525573,60.088622328126135,60.088228339229495,28.54604960330201,5.667867808300794,-0.06869282377762581,-0.06869753308119715,-0.9137116668993681,0.0,0.0,0.0,0.0,0.0,0.0,0.0,0.0,0.0,0.0,0.0,0.0,0.0,0.0,0.0,0.0,0.0,0.0,0.0,0.0,0.0,0.0,0.0,0.0,0.0,0.0,0.0,0.0,0.0,0.0,0.0,0.0,0.0,0.0,0.0,0.0,0.0,0.0,0.0,0.0,0.0,0.0,0.0,0.0,0.0,0.0,0.0,0.0,32
0874_1245_Tetrafluorobenzene.xyz,252.99156456518978,111.75694902291542,80.26824491201259,69.38699988528872,40.260954600759,26.549528610334836,18.38849586015758,8.048977812508296,4.826270105226726,1.244241284086993,-0.49106091044383693,-0.9501355360082329,0.0,0.0,0.0,0.0,0.0,0.0,0.0,0.0,0.0,0.0,0.0,0.0,0.0,0.0,0.0,0.0,0.0,0.0,0.0,0.0,0.0,0.0,0.0,0.0,0.0,0.0,0.0,0.0,0.0,0.0,0.0,0.0,0.0,0.0,0.0,0.0,0.0,0.0,0.0,0.0,0.0,0.0,0.0,0.0,54
0875_11223_Pentafluoropropane.xyz,272.18105474870725,90.56140451220041,82.04240861191931,65.79622649914442,54.097375256152645,19.301016302728662,12.291681227284068,4.715512482165254,-0.07107596574887828,-0.45488404566271656,-0.7209052612723159,0.0,0.0,0.0,0.0,0.0,0.0,0.0,0.0,0.0,0.0,0.0,0.0,0.0,0.0,0.0,0.0,0.0,0.0,0.0,0.0,0.0,0.0,0.0,0.0,0.0,0.0,0.0,0.0,0.0,0.0,0.0,0.0,0.0,0.0,0.0,0.0,0.0,0.0,0.0,0.0,0.0,0.0,0.0,0.0,0.0,50
0876_124_Trichlorobenzene.xyz,621.9752738093867,415.6084834592566,360.20697461497787,88.29363783023713,33.93958790195697,30.25501341134132,9.349777819817392,8.444947626688279,2.5716825885409107,-0.2527500527500889,-0.4885238796446243,-0.8723159906364625,0.0,0.0,0.0,0.0,0.0,0.0,0.0,0.0,0.0,0.0,0.0,0.0,0.0,0.0,0.0,0.0,0.0,0.0,0.0,0.0,0.0,0.0,0.0,0.0,0.0,0.0,0.0,0.0,0.0,0.0,0.0,0.0,0.0,0.0,0.0,0.0,0.0,0.0,0.0,0.0,0.0,0.0,0.0,0.0,48
0877_1122_Tetrabromoethane.xyz,3579.1276486089223,2294.0417824539145,2178.5664071669253,2125.8272665103073,42.798857856068025,12.699914510764627,-0.24179558939184234,-0.452520471573869,0.0,0.0,0.0,0.0,0.0,0.0,0.0,0.0,0.0,0.0,0.0,0.0,0.0,0.0,0.0,0.0,0.0,0.0,0.0,0.0,0.0,0.0,0.0,0.0,0.0,0.0,0.0,0.0,0.0,0.0,0.0,0.0,0.0,0.0,0.0,0.0,0.0,0.0,0.0,0.0,0.0,0.0,0.0,0.0,0.0,0.0,0.0,0.0,38
0878_124_Trifluorobenzene.xyz,228.5253905444134,101.04350115534446,75.00787626376948,46.824303974212796,28.942963860289495,20.670842243695823,8.549069963117923,5.893529994503996,1.6433739754354517,-0.2836406459316687,-0.5245300398898526,-1.044750830801503,0.0,0.0,0.0,0.0,0.0,0.0,0.0,0.0,0.0,0.0,0.0,0.0,0.0,0.0,0.0,0.0,0.0,0.0,0.0,0.0,0.0,0.0,0.0,0.0,0.0,0.0,0.0,0.0,0.0,0.0,0.0,0.0,0.0,0.0,0.0,0.0,0.0,0.0,0.0,0.0,0.0,0.0,0.0,0.0,48
0879_1122_Tetrachloroethane.xyz,730.3819252512502,394.12242296536164,372.9481087687449,326.8657011630865,34.32067584187332,11.971295452636925,-0.3047358773302449,-0.41163924328262913,0.0,0.0,0.0,0.0,0.0,0.0,0.0,0.0,0.0,0.0,0.0,0.0,0.0,0.0,0.0,0.0,0.0,0.0,0.0,0.0,0.0,0.0,0.0,0.0,0.0,0.0,0.0,0.0,0.0,0.0,0.0,0.0,0.0,0.0,0.0,0.0,0.0,0.0,0.0,0.0,0.0,0.0,0.0,0.0,0.0,0.0,0.0,0.0,38
0880_12_Benzenediol.xyz,184.90047884529514,59.73699069840395,58.94533886829819,29.72259862986331,22.80311483427708,8.65489266962752,7.5417260085578945,2.035305052292074,-0.12242177614568761,-0.3354492966411247,-0.4940886564634557,-0.5140032829528984,-0.5799417739883548,-1.112520184247602,0.0,0.0,0.0,0.0,0.0,0.0,0.0,0.0,0.0,0.0,0.0,0.0,0.0,0.0,0.0,0.0,0.0,0.0,0.0,0.0,0.0,0.0,0.0,0.0,0.0,0.0,0.0,0.0,0.0,0.0,0.0,0.0,0.0,0.0,0.0,0.0,0.0,0.0,0.0,0.0,0.0,0.0,42
0881_1122_Tetrafluoroethane.xyz,234.1376447023937,89.23578227367511,67.1641673606545,54.05622183253073,14.69256579216192,6.466275235434982,-0.3029189941543076,-0.6011287883726096,0.0,0.0,0.0,0.0,0.0,0.0,0.0,0.0,0.0,0.0,0.0,0.0,0.0,0.0,0.0,0.0,0.0,0.0,0.0,0.0,0.0,0.0,0.0,0.0,0.0,0.0,0.0,0.0,0.0,0.0,0.0,0.0,0.0,0.0,0.0,0.0,0.0,0.0,0.0,0.0,0.0,0.0,0.0,0.0,0.0,0.0,0.0,0.0,38
0882_222hydroxyethoxyethoxyethanol.xyz,212.33284269742512,94.91563322199687,67.91781661733332,53.4798316294421,27.72015206838616,23.45081861073093,19.449608456292104,11.10683128997877,9.309396201410362,7.7733855579896085,0.004058666957092132,-0.016466916196140303,-0.03693730032604606,-0.07770522100219238,-0.12376427450885025,-0.1548686636799086,-0.30563882486588645,-0.39797374085068493,-0.4762980386339051,-0.511192284357992,-0.5431882973463936,-0.8055890539375202,-0.8756214219375941,-0.9197209045027039,0.0,0.0,0.0,0.0,0.0,0.0,0.0,0.0,0.0,0.0,0.0,0.0,0.0,0.0,0.0,0.0,0.0,0.0,0.0,0.0,0.0,0.0,0.0,0.0,0.0,0.0,0.0,0.0,0.0,0.0,0.0,0.0,62
0883_25811_Tetraoxadodecane.xyz,208.26795244693835,116.64429805909482,82.30824420829511,63.04701002510416,29.374088387073378,24.358914062367855,19.449680992611967,15.920873754713194,14.850289725533594,10.195560585319706,9.988308382353479,9.840951882007895,0.12632300502551097,0.05283531081182112,-0.012310898846975936,-0.06003190431667813,-0.06774064114649866,-0.06809902194860673,-0.11497573874647582,-0.1406027908478493,-0.1659923102864946,-0.18403929902221997,-0.4245360053438549,-0.4862945837714569,-0.5105431052610404,-0.7795269456413089,-0.8046923445414482,-0.8551232527498215,-0.8970125108784596,-0.9221889992534555,0.0,0.0,0.0,0.0,0.0,0.0,0.0,0.0,0.0,0.0,0.0,0.0,0.0,0.0,0.0,0.0,0.0,0.0,0.0,0.0,0.0,0.0,0.0,0.0,0.0,0.0,74
0884_112_Trichlorethane.xyz,639.6048150086336,384.77118047840577,347.2185205725782,38.577781440805815,12.46474485321535,-0.05575560926282916,-0.3203485047710461,-0.6615698981362234,0.0,0.0,0.0,0.0,0.0,0.0,0.0,0.0,0.0,0.0,0.0,0.0,0.0,0.0,0.0,0.0,0.0,0.0,0.0,0.0,0.0,0.0,0.0,0.0,0.0,0.0,0.0,0.0,0.0,0.0,0.0,0.0,0.0,0.0,0.0,0.0,0.0,0.0,0.0,0.0,0.0,0.0,0.0,0.0,0.0,0.0,0.0,0.0,32
0885_12_Dibromobenzene.xyz,2918.173293932127,2182.592004524193,113.39073841439097,34.8108598734082,33.50794588005024,9.497428651379066,9.162249952480105,2.8406743680491378,-0.11381247127161703,-0.3309204996134059,-0.538950801521986,-1.0172053035727102,0.0,0.0,0.0,0.0,0.0,0.0,0.0,0.0,0.0,0.0,0.0,0.0,0.0,0.0,0.0,0.0,0.0,0.0,0.0,0.0,0.0,0.0,0.0,0.0,0.0,0.0,0.0,0.0,0.0,0.0,0.0,0.0,0.0,0.0,0.0,0.0,0.0,0.0,0.0,0.0,0.0,0.0,0.0,0.0,42
0886_112_Trichloroethene.xyz,643.496405458191,384.0465733898166,345.17881606236017,39.890386800791646,8.423093872322832,-0.43590724201398595,0.0,0.0,0.0,0.0,0.0,0.0,0.0,0.0,0.0,0.0,0.0,0.0,0.0,0.0,0.0,0.0,0.0,0.0,0.0,0.0,0.0,0.0,0.0,0.0,0.0,0.0,0.0,0.0,0.0,0.0,0.0,0.0,0.0,0.0,0.0,0.0,0.0,0.0,0.0,0.0,0.0,0.0,0.0,0.0,0.0,0.0,0.0,0.0,0.0,0.0,30
0887_12_Dibromoethane.xyz,2814.3362604347976,2277.213102763404,50.69217336827136,13.654720298934922,0.013234840881031409,-0.1331856114290024,-0.45971782350105317,-0.774702548966191,0.0,0.0,0.0,0.0,0.0,0.0,0.0,0.0,0.0,0.0,0.0,0.0,0.0,0.0,0.0,0.0,0.0,0.0,0.0,0.0,0.0,0.0,0.0,0.0,0.0,0.0,0.0,0.0,0.0,0.0,0.0,0.0,0.0,0.0,0.0,0.0,0.0,0.0,0.0,0.0,0.0,0.0,0.0,0.0,0.0,0.0,0.0,0.0,26
0888_112_Trifluoroethane.xyz,204.17892770204304,76.57653945869346,60.55293490287843,20.442843946641258,7.2033971595354656,-0.06649783565577536,-0.2955358007537892,-0.7770998729261949,0.0,0.0,0.0,0.0,0.0,0.0,0.0,0.0,0.0,0.0,0.0,0.0,0.0,0.0,0.0,0.0,0.0,0.0,0.0,0.0,0.0,0.0,0.0,0.0,0.0,0.0,0.0,0.0,0.0,0.0,0.0,0.0,0.0,0.0,0.0,0.0,0.0,0.0,0.0,0.0,0.0,0.0,0.0,0.0,0.0,0.0,0.0,0.0,32
0889_12_Dichloro_112_trifluoroethane.xyz,585.8753158017311,383.79231990738026,131.8129464517916,80.44342744124211,59.5328183709495,17.154725447599176,6.201939206691373,-0.4092110051848256,0.0,0.0,0.0,0.0,0.0,0.0,0.0,0.0,0.0,0.0,0.0,0.0,0.0,0.0,0.0,0.0,0.0,0.0,0.0,0.0,0.0,0.0,0.0,0.0,0.0,0.0,0.0,0.0,0.0,0.0,0.0,0.0,0.0,0.0,0.0,0.0,0.0,0.0,0.0,0.0,0.0,0.0,0.0,0.0,0.0,0.0,0.0,0.0,44
0890_12_Dichlorobenzene.xyz,573.6518109065598,360.65893129106206,101.10310031684017,34.268795407329506,31.979705417100735,9.409793186878648,8.927187225715263,2.755944561062866,-0.11691976328845206,-0.33475011123165477,-0.5420121405268133,-1.0241831392026306,0.0,0.0,0.0,0.0,0.0,0.0,0.0,0.0,0.0,0.0,0.0,0.0,0.0,0.0,0.0,0.0,0.0,0.0,0.0,0.0,0.0,0.0,0.0,0.0,0.0,0.0,0.0,0.0,0.0,0.0,0.0,0.0,0.0,0.0,0.0,0.0,0.0,0.0,0.0,0.0,0.0,0.0,0.0,0.0,42
0891_1133_Tetraethylurea.xyz,219.6883791791288,70.7654480535031,56.416144358860016,38.303610568331685,38.105542239985986,30.638997260358515,25.34997756845991,13.972426249935658,12.872495369295892,11.857495291319566,8.349271161450197,2.6092250555285954,0.06957503339803965,0.04495180398540409,-0.007051259474469279,-0.04016106000137316,-0.06637580183062684,-0.08831009386174889,-0.10013291473972086,-0.10812326074042063,-0.12946106956408734,-0.14446653273054844,-0.1544749401991627,-0.1824250879649171,-0.48781997728883053,-0.5360069845233731,-0.5409582811284819,-0.5903524516285562,-0.9331839310330621,-0.9462480045271785,-0.9961294209539033,-1.034801807050984,0.0,0.0,0.0,0.0,0.0,0.0,0.0,0.0,0.0,0.0,0.0,0.0,0.0,0.0,0.0,0.0,0.0,0.0,0.0,0.0,0.0,0.0,0.0,0.0,72
0892_12_Dichlorethane.xyz,534.5730143591243,383.4223169183946,43.393047882486364,13.271138568838639,0.012210066413588721,-0.13447123502627295,-0.4584354704699734,-0.7738387291648506,0.0,0.0,0.0,0.0,0.0,0.0,0.0,0.0,0.0,0.0,0.0,0.0,0.0,0.0,0.0,0.0,0.0,0.0,0.0,0.0,0.0,0.0,0.0,0.0,0.0,0.0,0.0,0.0,0.0,0.0,0.0,0.0,0.0,0.0,0.0,0.0,0.0,0.0,0.0,0.0,0.0,0.0,0.0,0.0,0.0,0.0,0.0,0.0,26
0893_1133_Tetramethylurea.xyz,187.9221161256089,57.107681913701796,51.03518293398167,23.85935354603313,22.178331601018183,18.294519678459295,11.535725650219089,2.739639154658949,0.026414217099616846,0.006677355631475292,-0.04628447907824574,-0.054751591549840724,-0.10851597735974808,-0.11761867592665638,-0.13766223420546359,-0.1516152355903077,-0.8147108721012069,-0.8208320660155048,-0.9406629572676384,-0.988352570721433,0.0,0.0,0.0,0.0,0.0,0.0,0.0,0.0,0.0,0.0,0.0,0.0,0.0,0.0,0.0,0.0,0.0,0.0,0.0,0.0,0.0,0.0,0.0,0.0,0.0,0.0,0.0,0.0,0.0,0.0,0.0,0.0,0.0,0.0,0.0,0.0,48
0894_12_Dichloropropane.xyz,540.1529432522341,383.4375415275712,56.342568959739644,23.160369256207833,10.112717799958219,-0.00801213780111029,-0.06987207700604607,-0.1112878388964271,-0.29475658087321693,-0.6479736861436121,-0.911150914968259,0.0,0.0,0.0,0.0,0.0,0.0,0.0,0.0,0.0,0.0,0.0,0.0,0.0,0.0,0.0,0.0,0.0,0.0,0.0,0.0,0.0,0.0,0.0,0.0,0.0,0.0,0.0,0.0,0.0,0.0,0.0,0.0,0.0,0.0,0.0,0.0,0.0,0.0,0.0,0.0,0.0,0.0,0.0,0.0,0.0,32
0895_12_Difluorobenzene.xyz,207.04746413005563,75.10165046049434,65.67243030919427,30.839664042994684,23.718234621547396,8.653623389990285,7.4947634035400705,1.839770971602391,-0.12571395103324226,-0.3664408879975251,-0.5548083047753422,-1.1058074813210825,0.0,0.0,0.0,0.0,0.0,0.0,0.0,0.0,0.0,0.0,0.0,0.0,0.0,0.0,0.0,0.0,0.0,0.0,0.0,0.0,0.0,0.0,0.0,0.0,0.0,0.0,0.0,0.0,0.0,0.0,0.0,0.0,0.0,0.0,0.0,0.0,0.0,0.0,0.0,0.0,0.0,0.0,0.0,0.0,42
0896_12_Difluoroethane.xyz,160.93566228350946,78.81239250898514,22.18093390678984,10.2841787928026,0.013045281233705934,-0.1348922182325466,-0.45413754660308175,-0.8547731018971553,0.0,0.0,0.0,0.0,0.0,0.0,0.0,0.0,0.0,0.0,0.0,0.0,0.0,0.0,0.0,0.0,0.0,0.0,0.0,0.0,0.0,0.0,0.0,0.0,0.0,0.0,0.0,0.0,0.0,0.0,0.0,0.0,0.0,0.0,0.0,0.0,0.0,0.0,0.0,0.0,0.0,0.0,0.0,0.0,0.0,0.0,0.0,0.0,26
0897_11_Dibromoethane.xyz,2930.1487105505967,2160.7413683799764,51.39773362306787,13.568364826259083,-0.05240622685941006,-0.06425754972111611,-0.3184988330178854,-0.8791290479071255,0.0,0.0,0.0,0.0,0.0,0.0,0.0,0.0,0.0,0.0,0.0,0.0,0.0,0.0,0.0,0.0,0.0,0.0,0.0,0.0,0.0,0.0,0.0,0.0,0.0,0.0,0.0,0.0,0.0,0.0,0.0,0.0,0.0,0.0,0.0,0.0,0.0,0.0,0.0,0.0,0.0,0.0,0.0,0.0,0.0,0.0,0.0,0.0,26
0898_11_Dichloro_1_fluoroethane.xyz,583.183117897018,350.3756576847312,95.99079402661879,32.24987926395195,9.543690184601822,-0.06460366712206492,-0.06793855912896657,-0.872514716205813,0.0,0.0,0.0,0.0,0.0,0.0,0.0,0.0,0.0,0.0,0.0,0.0,0.0,0.0,0.0,0.0,0.0,0.0,0.0,0.0,0.0,0.0,0.0,0.0,0.0,0.0,0.0,0.0,0.0,0.0,0.0,0.0,0.0,0.0,0.0,0.0,0.0,0.0,0.0,0.0,0.0,0.0,0.0,0.0,0.0,0.0,0.0,0.0,32
0899_12_Dimethoxybenzene.xyz,206.16385177045294,70.02521039392302,64.13797113849031,30.805511969351738,27.633437071517776,18.70602313421338,16.345485762240003,8.011564574397749,7.347500009661147,1.8613276625922743,-0.04103717255576592,-0.05316998979850822,-0.07095888979112494,-0.08559752058509448,-0.138067485825722,-0.3633984224973941,-0.5501170243565425,-0.8537837309651185,-0.8733296375059335,-1.110192577931104,0.0,0.0,0.0,0.0,0.0,0.0,0.0,0.0,0.0,0.0,0.0,0.0,0.0,0.0,0.0,0.0,0.0,0.0,0.0,0.0,0.0,0.0,0.0,0.0,0.0,0.0,0.0,0.0,0.0,0.0,0.0,0.0,0.0,0.0,0.0,0.0,54
0900_12_Dimethoxyethane.xyz,158.31173020388098,74.62966954126084,26.965727932446576,18.243009127852094,14.69737355759926,10.0257865981513,0.07950178856226475,-0.033283635238663976,-0.06783449892947614,-0.0680158543371549,-0.12389564754798776,-0.16961022129503478,-0.47323422575803087,-0.7892789539072619,-0.8449295372636235,-0.9169059381516323,0.0,0.0,0.0,0.0,0.0,0.0,0.0,0.0,0.0,0.0,0.0,0.0,0.0,0.0,0.0,0.0,0.0,0.0,0.0,0.0,0.0,0.0,0.0,0.0,0.0,0.0,0.0,0.0,0.0,0.0,0.0,0.0,0.0,0.0,0.0,0.0,0.0,0.0,0.0,0.0,38
0901_11_Dichloroethane.xyz,565.3452534208845,351.03310367745047,45.24546731731636,13.003645933268208,-0.052376338343846196,-0.06566347259141038,-0.318013775059347,-0.8864344023289753,0.0,0.0,0.0,0.0,0.0,0.0,0.0,0.0,0.0,0.0,0.0,0.0,0.0,0.0,0.0,0.0,0.0,0.0,0.0,0.0,0.0,0.0,0.0,0.0,0.0,0.0,0.0,0.0,0.0,0.0,0.0,0.0,0.0,0.0,0.0,0.0,0.0,0.0,0.0,0.0,0.0,0.0,0.0,0.0,0.0,0.0,0.0,0.0,26
0902_11_Dichloroethene.xyz,567.4541939407596,349.7008629300883,46.80186979226984,9.159741609237027,-0.04131501962724507,-0.7703708921315364,0.0,0.0,0.0,0.0,0.0,0.0,0.0,0.0,0.0,0.0,0.0,0.0,0.0,0.0,0.0,0.0,0.0,0.0,0.0,0.0,0.0,0.0,0.0,0.0,0.0,0.0,0.0,0.0,0.0,0.0,0.0,0.0,0.0,0.0,0.0,0.0,0.0,0.0,0.0,0.0,0.0,0.0,0.0,0.0,0.0,0.0,0.0,0.0,0.0,0.0,24
0903_22_Dimethyloxirane.xyz,141.5075029702527,36.827052090384356,24.405036556267103,17.523542384756254,7.474136459132839,-0.006306168372986126,-0.01040015601243741,-0.04217794960356428,-0.12468144271163364,-0.1519896113082719,-0.6876266849102415,-0.8105127254500422,-0.9544602049099001,0.0,0.0,0.0,0.0,0.0,0.0,0.0,0.0,0.0,0.0,0.0,0.0,0.0,0.0,0.0,0.0,0.0,0.0,0.0,0.0,0.0,0.0,0.0,0.0,0.0,0.0,0.0,0.0,0.0,0.0,0.0,0.0,0.0,0.0,0.0,0.0,0.0,0.0,0.0,0.0,0.0,0.0,0.0,30
0904_2_Ethyloxirane.xyz,138.05679218357585,45.118837624063815,20.6888285475461,15.279490811197116,8.619794320920704,0.026623415624394752,-0.058504910476503864,-0.07088229446880477,-0.14375421041153513,-0.2754465401346456,-0.5574200020376332,-0.7472208038409351,-0.9880226240437935,0.0,0.0,0.0,0.0,0.0,0.0,0.0,0.0,0.0,0.0,0.0,0.0,0.0,0.0,0.0,0.0,0.0,0.0,0.0,0.0,0.0,0.0,0.0,0.0,0.0,0.0,0.0,0.0,0.0,0.0,0.0,0.0,0.0,0.0,0.0,0.0,0.0,0.0,0.0,0.0,0.0,0.0,0.0,30
0905_12_Ethanediamine.xyz,111.96459216531065,46.61435040659834,18.794373229959657,10.08299185444669,0.0984908173564834,-0.12276373204719959,-0.14963837963069157,-0.19780577235512592,-0.3693509501904137,-0.5918766305303844,-0.7490061942220512,-0.940731616187878,0.0,0.0,0.0,0.0,0.0,0.0,0.0,0.0,0.0,0.0,0.0,0.0,0.0,0.0,0.0,0.0,0.0,0.0,0.0,0.0,0.0,0.0,0.0,0.0,0.0,0.0,0.0,0.0,0.0,0.0,0.0,0.0,0.0,0.0,0.0,0.0,0.0,0.0,0.0,0.0,0.0,0.0,0.0,0.0,26
0906_11_Difluoroethane.xyz,172.81882656566137,60.58773371542703,30.315315945805246,8.461581678737433,-0.05806343808312955,-0.06951295390914047,-0.33688491938313603,-0.9365866876678257,0.0,0.0,0.0,0.0,0.0,0.0,0.0,0.0,0.0,0.0,0.0,0.0,0.0,0.0,0.0,0.0,0.0,0.0,0.0,0.0,0.0,0.0,0.0,0.0,0.0,0.0,0.0,0.0,0.0,0.0,0.0,0.0,0.0,0.0,0.0,0.0,0.0,0.0,0.0,0.0,0.0,0.0,0.0,0.0,0.0,0.0,0.0,0.0,26
0907_12_Ethanedithiol.xyz,478.24734866345625,318.2863284150256,44.142301866280114,13.211935259018945,0.23999403544395734,0.013411239910019374,-0.08589189233713333,-0.10891703852775225,-0.4192940243704409,-0.7641240717246081,0.0,0.0,0.0,0.0,0.0,0.0,0.0,0.0,0.0,0.0,0.0,0.0,0.0,0.0,0.0,0.0,0.0,0.0,0.0,0.0,0.0,0.0,0.0,0.0,0.0,0.0,0.0,0.0,0.0,0.0,0.0,0.0,0.0,0.0,0.0,0.0,0.0,0.0,0.0,0.0,0.0,0.0,0.0,0.0,0.0,0.0,26
0908_12345_Pentafluoro_6_methylbenzene.xyz,288.02131853460054,111.73770409959276,99.2812057888637,69.38054139687881,63.44386924159639,41.60051469159609,29.401652404706738,18.384538705664337,17.152808843594105,5.070811058911366,4.800531946489994,0.003146346982939318,-0.06780205981153571,-0.08228125425978447,-0.9563245800848057,0.0,0.0,0.0,0.0,0.0,0.0,0.0,0.0,0.0,0.0,0.0,0.0,0.0,0.0,0.0,0.0,0.0,0.0,0.0,0.0,0.0,0.0,0.0,0.0,0.0,0.0,0.0,0.0,0.0,0.0,0.0,0.0,0.0,0.0,0.0,0.0,0.0,0.0,0.0,0.0,0.0,66
0909_12345_Pentafluorobenzene.xyz,280.0523152362008,111.73914344646694,96.16097683981074,69.53704103040045,62.95666655301172,37.75585634945197,21.952506444989087,18.377467745726786,6.294899258928983,4.794674309551332,0.5214559992968356,-0.8288732479397647,0.0,0.0,0.0,0.0,0.0,0.0,0.0,0.0,0.0,0.0,0.0,0.0,0.0,0.0,0.0,0.0,0.0,0.0,0.0,0.0,0.0,0.0,0.0,0.0,0.0,0.0,0.0,0.0,0.0,0.0,0.0,0.0,0.0,0.0,0.0,0.0,0.0,0.0,0.0,0.0,0.0,0.0,0.0,0.0,60
0910_1234_Tetrafluorobenzene.xyz,258.0658284322467,105.14765227784089,83.17665628178666,63.56278281430031,46.395301719552016,23.146276698897754,20.451420229386628,7.270731920482172,5.5048190679065065,0.8198822115755665,-0.28541166253207584,-0.9749097794154975,0.0,0.0,0.0,0.0,0.0,0.0,0.0,0.0,0.0,0.0,0.0,0.0,0.0,0.0,0.0,0.0,0.0,0.0,0.0,0.0,0.0,0.0,0.0,0.0,0.0,0.0,0.0,0.0,0.0,0.0,0.0,0.0,0.0,0.0,0.0,0.0,0.0,0.0,0.0,0.0,0.0,0.0,0.0,0.0,54
0911_135_Trichlorobenzene.xyz,602.0166710575256,398.9629098985468,398.9623565623208,86.20442962322292,32.11159938078456,32.11109723066652,8.843906201393807,8.84365610946637,2.669801955766672,-0.4419198766974848,-0.44192171022179466,-0.8107972936027882,0.0,0.0,0.0,0.0,0.0,0.0,0.0,0.0,0.0,0.0,0.0,0.0,0.0,0.0,0.0,0.0,0.0,0.0,0.0,0.0,0.0,0.0,0.0,0.0,0.0,0.0,0.0,0.0,0.0,0.0,0.0,0.0,0.0,0.0,0.0,0.0,0.0,0.0,0.0,0.0,0.0,0.0,0.0,0.0,48
0912_135_Trifluorobenzene.xyz,224.74584554071444,92.59002883275161,92.58991227489861,40.9013904828892,25.34998746440482,25.349389610398703,6.8013713191867815,6.801347934575998,2.0981751395173847,-0.4665242958693975,-0.4665314724706824,-1.046462372837835,0.0,0.0,0.0,0.0,0.0,0.0,0.0,0.0,0.0,0.0,0.0,0.0,0.0,0.0,0.0,0.0,0.0,0.0,0.0,0.0,0.0,0.0,0.0,0.0,0.0,0.0,0.0,0.0,0.0,0.0,0.0,0.0,0.0,0.0,0.0,0.0,0.0,0.0,0.0,0.0,0.0,0.0,0.0,0.0,48
0913_135_Trioxane.xyz,191.55960576967715,54.47543070778531,54.47462738718071,13.833607995436928,13.83265362991091,8.173492068493777,0.034213879177033446,-0.11459709679005005,-0.114661304512018,-0.655748628516979,-0.6558073542295896,-0.7184172959046065,0.0,0.0,0.0,0.0,0.0,0.0,0.0,0.0,0.0,0.0,0.0,0.0,0.0,0.0,0.0,0.0,0.0,0.0,0.0,0.0,0.0,0.0,0.0,0.0,0.0,0.0,0.0,0.0,0.0,0.0,0.0,0.0,0.0,0.0,0.0,0.0,0.0,0.0,0.0,0.0,0.0,0.0,0.0,0.0,36
0914_13_Dibromobenzene.xyz,2776.2820691399,2325.8001666298596,112.10437114129849,34.878595855581004,33.491070772888364,9.522094704511906,9.079854945632535,2.8799694132149116,-0.16656205874039146,-0.43508670338190725,-0.4844894902647681,-0.9777478304031542,0.0,0.0,0.0,0.0,0.0,0.0,0.0,0.0,0.0,0.0,0.0,0.0,0.0,0.0,0.0,0.0,0.0,0.0,0.0,0.0,0.0,0.0,0.0,0.0,0.0,0.0,0.0,0.0,0.0,0.0,0.0,0.0,0.0,0.0,0.0,0.0,0.0,0.0,0.0,0.0,0.0,0.0,0.0,0.0,42
0915_13_Dichloro_2_propanol.xyz,533.5195302114308,399.2702704610239,91.51536382097524,33.50114558289075,20.55898901689564,8.568629637089428,0.014515588107361019,-0.13386544577090295,-0.28255849898758745,-0.48959889297646464,-0.6107493662295421,-0.7518898346162699,0.0,0.0,0.0,0.0,0.0,0.0,0.0,0.0,0.0,0.0,0.0,0.0,0.0,0.0,0.0,0.0,0.0,0.0,0.0,0.0,0.0,0.0,0.0,0.0,0.0,0.0,0.0,0.0,0.0,0.0,0.0,0.0,0.0,0.0,0.0,0.0,0.0,0.0,0.0,0.0,0.0,0.0,0.0,0.0,38
0916_13_Dichlorobenzene.xyz,538.7560302331266,398.95241776420335,97.63347928906637,34.28691677084386,32.087318097506646,9.444616669315417,8.836627361815518,2.8322291524691856,-0.1700561608211767,-0.4388248654515755,-0.49203593780761246,-0.9913152159660958,0.0,0.0,0.0,0.0,0.0,0.0,0.0,0.0,0.0,0.0,0.0,0.0,0.0,0.0,0.0,0.0,0.0,0.0,0.0,0.0,0.0,0.0,0.0,0.0,0.0,0.0,0.0,0.0,0.0,0.0,0.0,0.0,0.0,0.0,0.0,0.0,0.0,0.0,0.0,0.0,0.0,0.0,0.0,0.0,42
0917_13_Dichloropropane.xyz,523.2431120631645,399.001885925466,59.40512134817698,20.72997432401854,10.84324497024945,0.07537134610125489,-0.1284589587219024,-0.14025779616851716,-0.39446079453165617,-0.6095904949184494,-0.8628543728138744,0.0,0.0,0.0,0.0,0.0,0.0,0.0,0.0,0.0,0.0,0.0,0.0,0.0,0.0,0.0,0.0,0.0,0.0,0.0,0.0,0.0,0.0,0.0,0.0,0.0,0.0,0.0,0.0,0.0,0.0,0.0,0.0,0.0,0.0,0.0,0.0,0.0,0.0,0.0,0.0,0.0,0.0,0.0,0.0,0.0,32
0918_13_Dioxane.xyz,172.57614961627246,55.050684377008885,38.584520282885194,14.612635899412073,12.60113830551008,7.894955875526351,0.05138297712650816,-0.07885873777892184,-0.10961134620551781,-0.13468989634662792,-0.3509419640618433,-0.6303030086613904,-0.6654424983821002,-0.9358096449808698,0.0,0.0,0.0,0.0,0.0,0.0,0.0,0.0,0.0,0.0,0.0,0.0,0.0,0.0,0.0,0.0,0.0,0.0,0.0,0.0,0.0,0.0,0.0,0.0,0.0,0.0,0.0,0.0,0.0,0.0,0.0,0.0,0.0,0.0,0.0,0.0,0.0,0.0,0.0,0.0,0.0,0.0,36
0919_13_Dioxolane.xyz,163.48599891627427,50.18522481252902,28.803766574694702,10.537818136342912,9.719034226126903,0.04340719445491775,-0.08414856032938682,-0.14221160691958123,-0.43598853726257053,-0.6644095049282284,-0.8407866130845381,0.0,0.0,0.0,0.0,0.0,0.0,0.0,0.0,0.0,0.0,0.0,0.0,0.0,0.0,0.0,0.0,0.0,0.0,0.0,0.0,0.0,0.0,0.0,0.0,0.0,0.0,0.0,0.0,0.0,0.0,0.0,0.0,0.0,0.0,0.0,0.0,0.0,0.0,0.0,0.0,0.0,0.0,0.0,0.0,0.0,30
0920_13_Dithiolane.xyz,504.64600426293407,303.9513882096613,44.7561790199496,24.93767145469656,13.281265671505087,0.010044733066393172,-0.07769879066705519,-0.11889379373618329,-0.4090261665303374,-0.5771684803422568,-0.7785684689356671,0.0,0.0,0.0,0.0,0.0,0.0,0.0,0.0,0.0,0.0,0.0,0.0,0.0,0.0,0.0,0.0,0.0,0.0,0.0,0.0,0.0,0.0,0.0,0.0,0.0,0.0,0.0,0.0,0.0,0.0,0.0,0.0,0.0,0.0,0.0,0.0,0.0,0.0,0.0,0.0,0.0,0.0,0.0,0.0,0.0,30
0921_13_Oxazole.xyz,156.1242261579984,42.60792263914474,28.771316068220525,7.108539784683591,5.879163853422313,-0.24695153566818384,-0.5280898208449412,-0.7664094290403174,0.0,0.0,0.0,0.0,0.0,0.0,0.0,0.0,0.0,0.0,0.0,0.0,0.0,0.0,0.0,0.0,0.0,0.0,0.0,0.0,0.0,0.0,0.0,0.0,0.0,0.0,0.0,0.0,0.0,0.0,0.0,0.0,0.0,0.0,0.0,0.0,0.0,0.0,0.0,0.0,0.0,0.0,0.0,0.0,0.0,0.0,0.0,0.0,26
0922_13_Propanediamine.xyz,121.25376278073321,55.06436661133369,26.504513252719704,13.540446186588614,9.630209451134435,0.10191833600494972,-0.09580463979275854,-0.13004691853628247,-0.14774388493916749,-0.15882370077757246,-0.32325960766884143,-0.49414401577465594,-0.6364769411836795,-0.83259059165615,-0.9845959202514935,0.0,0.0,0.0,0.0,0.0,0.0,0.0,0.0,0.0,0.0,0.0,0.0,0.0,0.0,0.0,0.0,0.0,0.0,0.0,0.0,0.0,0.0,0.0,0.0,0.0,0.0,0.0,0.0,0.0,0.0,0.0,0.0,0.0,0.0,0.0,0.0,0.0,0.0,0.0,0.0,0.0,32
0923_14_Butanediol.xyz,145.3036520983826,78.2388010481344,39.01604725074366,19.651789684750618,11.579710472905058,9.400556864443942,0.12154168486699551,-0.07974522121474865,-0.13976784308575632,-0.16661243522424973,-0.28452678689589644,-0.3702288438053473,-0.4447128536495682,-0.6076737466244069,-0.7859442464412978,-0.9670768899617288,0.0,0.0,0.0,0.0,0.0,0.0,0.0,0.0,0.0,0.0,0.0,0.0,0.0,0.0,0.0,0.0,0.0,0.0,0.0,0.0,0.0,0.0,0.0,0.0,0.0,0.0,0.0,0.0,0.0,0.0,0.0,0.0,0.0,0.0,0.0,0.0,0.0,0.0,0.0,0.0,38
0924_14_Butanedithiol.xyz,449.87737832879327,355.3036643898195,71.71510135667499,29.339693060490596,14.775825962105435,9.998049783962253,0.13043575485114936,0.12122759630842131,0.09692346977813454,-0.0792798821383096,-0.1401622592005116,-0.16499975529693522,-0.3632914946448722,-0.543681929089167,-0.6869222803351417,-0.9006592510514877,0.0,0.0,0.0,0.0,0.0,0.0,0.0,0.0,0.0,0.0,0.0,0.0,0.0,0.0,0.0,0.0,0.0,0.0,0.0,0.0,0.0,0.0,0.0,0.0,0.0,0.0,0.0,0.0,0.0,0.0,0.0,0.0,0.0,0.0,0.0,0.0,0.0,0.0,0.0,0.0,38
0925_14_Dichlorobenzene.xyz,531.588245975783,406.8544184430049,96.67189033211503,35.70470571806476,30.85324233991264,9.697523846228657,8.648531916899374,2.803857212728262,-0.246325534533362,-0.26172273120097495,-0.6012799076574106,-0.9756844530452539,0.0,0.0,0.0,0.0,0.0,0.0,0.0,0.0,0.0,0.0,0.0,0.0,0.0,0.0,0.0,0.0,0.0,0.0,0.0,0.0,0.0,0.0,0.0,0.0,0.0,0.0,0.0,0.0,0.0,0.0,0.0,0.0,0.0,0.0,0.0,0.0,0.0,0.0,0.0,0.0,0.0,0.0,0.0,0.0,42
0926_14_Dichlorobutane.xyz,514.281404845767,410.94706645339363,72.66773320984987,29.32490740630419,14.575290681269175,9.992155998956719,0.11952029076161678,-0.07857592101783956,-0.13950687123211428,-0.1637173067642452,-0.35319619021485965,-0.5414339392917221,-0.6957272337143469,-0.914728664619117,0.0,0.0,0.0,0.0,0.0,0.0,0.0,0.0,0.0,0.0,0.0,0.0,0.0,0.0,0.0,0.0,0.0,0.0,0.0,0.0,0.0,0.0,0.0,0.0,0.0,0.0,0.0,0.0,0.0,0.0,0.0,0.0,0.0,0.0,0.0,0.0,0.0,0.0,0.0,0.0,0.0,0.0,38
0927_2E_14_dichlorobut_2_ene.xyz,522.7599114022548,402.56685548267103,74.10948756254888,29.198145598790322,15.149284768206364,6.603957232566788,-0.058483558302452554,-0.07064209651918671,-0.2274073815417153,-0.46551803322580426,-0.640898012784709,-0.9035002052158672,0.0,0.0,0.0,0.0,0.0,0.0,0.0,0.0,0.0,0.0,0.0,0.0,0.0,0.0,0.0,0.0,0.0,0.0,0.0,0.0,0.0,0.0,0.0,0.0,0.0,0.0,0.0,0.0,0.0,0.0,0.0,0.0,0.0,0.0,0.0,0.0,0.0,0.0,0.0,0.0,0.0,0.0,0.0,0.0,36
0928_15_Pentanediamine.xyz,135.3228389269932,69.20235412420458,40.564651656348886,23.69530796708531,14.62664691973593,10.410323188546796,9.294024878802368,0.16630311350143948,-0.016825772215310838,-0.11602870530155096,-0.11930094409135926,-0.14047256746364636,-0.17138240008772845,-0.1728343877478502,-0.28209913347067933,-0.434858837381466,-0.5279816613867137,-0.6280507232654592,-0.7620410310193466,-0.9020387720404736,-1.000595042961089,0.0,0.0,0.0,0.0,0.0,0.0,0.0,0.0,0.0,0.0,0.0,0.0,0.0,0.0,0.0,0.0,0.0,0.0,0.0,0.0,0.0,0.0,0.0,0.0,0.0,0.0,0.0,0.0,0.0,0.0,0.0,0.0,0.0,0.0,0.0,44
0929_1_Amino_2_propanol.xyz,140.46620626603578,48.13072874894938,30.91930413440272,17.990918665007044,7.79488909382941,-0.016548393765805077,-0.03583192172235831,-0.09951347785847911,-0.13858327408638757,-0.23145366709082413,-0.464023032574406,-0.5743218293291457,-0.8310096092676181,-0.9610439846132256,0.0,0.0,0.0,0.0,0.0,0.0,0.0,0.0,0.0,0.0,0.0,0.0,0.0,0.0,0.0,0.0,0.0,0.0,0.0,0.0,0.0,0.0,0.0,0.0,0.0,0.0,0.0,0.0,0.0,0.0,0.0,0.0,0.0,0.0,0.0,0.0,0.0,0.0,0.0,0.0,0.0,0.0,32
0930_1_Bromo_22_dimethylpropane.xyz,2550.6279005623064,103.63716159768316,24.275065236798792,24.156765638674404,22.612815903107126,7.621359594632521,0.04093231973819049,0.03427001255441493,-0.03058862199064866,-0.11393580866297498,-0.13302651986255182,-0.15434356701598087,-0.15632733967676446,-0.6216117059498297,-0.8112264348548022,-0.8120163733412629,-0.9698308352405105,0.0,0.0,0.0,0.0,0.0,0.0,0.0,0.0,0.0,0.0,0.0,0.0,0.0,0.0,0.0,0.0,0.0,0.0,0.0,0.0,0.0,0.0,0.0,0.0,0.0,0.0,0.0,0.0,0.0,0.0,0.0,0.0,0.0,0.0,0.0,0.0,0.0,0.0,0.0,38
0931_1_Bromo_2_methylpropane.xyz,2548.985491939169,89.2623246666342,24.288825499314893,22.81549417194775,9.019400976044846,0.057957537577563514,-0.027139515217576307,-0.08622477539506465,-0.12802523821892856,-0.14617817288265597,-0.2687504252716596,-0.6357077551105221,-0.8099896223642404,-0.9822208267525732,0.0,0.0,0.0,0.0,0.0,0.0,0.0,0.0,0.0,0.0,0.0,0.0,0.0,0.0,0.0,0.0,0.0,0.0,0.0,0.0,0.0,0.0,0.0,0.0,0.0,0.0,0.0,0.0,0.0,0.0,0.0,0.0,0.0,0.0,0.0,0.0,0.0,0.0,0.0,0.0,0.0,0.0,32
0932_1_Bromo_3_methylbutane.xyz,2548.846923349127,102.89810583632212,33.81273974113266,24.210500093917243,14.851109109678706,8.324605381565053,0.08280786699093132,-0.020487164296551504,-0.038529967144446196,-0.12191423538923243,-0.1411507128449851,-0.16234319014438314,-0.2610566533551004,-0.5105962972536278,-0.7598403091550742,-0.810417572068838,-0.9970916181809435,0.0,0.0,0.0,0.0,0.0,0.0,0.0,0.0,0.0,0.0,0.0,0.0,0.0,0.0,0.0,0.0,0.0,0.0,0.0,0.0,0.0,0.0,0.0,0.0,0.0,0.0,0.0,0.0,0.0,0.0,0.0,0.0,0.0,0.0,0.0,0.0,0.0,0.0,0.0,38
0933_1_Bromo_4_methylbenzene.xyz,2552.430195816313,132.22661189525613,42.55548286573938,35.54436069842272,20.947290070754505,9.671859739391184,7.934916755388754,2.728176697904601,-0.06064925476024241,-0.067371229775422,-0.2580227354806458,-0.2683385134636345,-0.5986251094795687,-0.783216368253316,-1.0830972702046295,0.0,0.0,0.0,0.0,0.0,0.0,0.0,0.0,0.0,0.0,0.0,0.0,0.0,0.0,0.0,0.0,0.0,0.0,0.0,0.0,0.0,0.0,0.0,0.0,0.0,0.0,0.0,0.0,0.0,0.0,0.0,0.0,0.0,0.0,0.0,0.0,0.0,0.0,0.0,0.0,0.0,42
0934_1_Bromobutane.xyz,2548.0351270127494,88.18456671026817,32.564492757029036,15.544212272971851,10.04783659657858,0.11736832842368683,-0.06910720059090253,-0.07934215378118366,-0.14084862787468966,-0.16327263292969685,-0.35864600037414357,-0.5660308149675164,-0.7738469898466116,-0.9972507981808529,0.0,0.0,0.0,0.0,0.0,0.0,0.0,0.0,0.0,0.0,0.0,0.0,0.0,0.0,0.0,0.0,0.0,0.0,0.0,0.0,0.0,0.0,0.0,0.0,0.0,0.0,0.0,0.0,0.0,0.0,0.0,0.0,0.0,0.0,0.0,0.0,0.0,0.0,0.0,0.0,0.0,0.0,32
0935_1_Bromodecane.xyz,2549.4423071421234,138.59867509583995,73.76355386795748,48.67021358901489,33.2041436656409,23.395344127744988,16.85511394944805,12.761761429907176,10.43907508090933,9.38434563678781,9.230739160610492,0.22708933329793382,0.10484456125170798,-0.006523608095007805,-0.06898097057151002,-0.08815420933564903,-0.10664163022761995,-0.12641567929637867,-0.15366164762948173,-0.1604998314933487,-0.18740404229258634,-0.188187829337729,-0.2474900976173825,-0.37752879847882254,-0.4638210563158812,-0.5348935235240414,-0.5963326327918865,-0.665917079883553,-0.7570288436076066,-0.8657958692375196,-0.9648296596515492,-1.0232099751155213,0.0,0.0,0.0,0.0,0.0,0.0,0.0,0.0,0.0,0.0,0.0,0.0,0.0,0.0,0.0,0.0,0.0,0.0,0.0,0.0,0.0,0.0,0.0,0.0,68
0936_1_Bromododecane.xyz,2549.626306083689,149.27903439128664,83.33478779076974,57.40452411997934,40.97312722253089,30.13316088338486,22.419089381125676,17.061806402542977,13.377736458428135,11.049909310031461,9.77374344582945,9.233899845192777,9.201819422887608,0.24085302213256568,0.13835905734234422,0.03719738091040303,-0.04713801398770603,-0.06896978603242043,-0.10112693686154983,-0.10639784952492615,-0.12764230243978553,-0.14235140868121532,-0.16461276330734512,-0.17097810582597733,-0.19017846345024983,-0.1914526389937737,-0.23234114367755282,-0.34884947803027483,-0.4279916653741645,-0.4943142981117405,-0.5486836339612794,-0.5998501228761512,-0.6559778567663325,-0.7274055974346927,-0.8148299082540827,-0.9066022664769786,-0.9825953388009359,-1.0249645843129431,0.0,0.0,0.0,0.0,0.0,0.0,0.0,0.0,0.0,0.0,0.0,0.0,0.0,0.0,0.0,0.0,0.0,0.0,80
0937_1_Bromoheptane.xyz,2548.997307673526,118.18444043225603,56.12296531148561,33.251893300164966,20.411911470130484,13.534957059394246,10.22841773337554,9.328776110795516,0.19236384620977953,0.030370565187449634,-0.06906356831974629,-0.08505887791179058,-0.11637484434939308,-0.14055975181469216,-0.17478633080373274,-0.1817896789700685,-0.28332037769327717,-0.4417494059445848,-0.5421546647033281,-0.6363277129343003,-0.7623431011888637,-0.9128485977937042,-1.0174525323448953,0.0,0.0,0.0,0.0,0.0,0.0,0.0,0.0,0.0,0.0,0.0,0.0,0.0,0.0,0.0,0.0,0.0,0.0,0.0,0.0,0.0,0.0,0.0,0.0,0.0,0.0,0.0,0.0,0.0,0.0,0.0,0.0,0.0,50
0938_1_Bromohexadecane.xyz,2549.864651345286,166.35543328669047,99.0034292333105,72.06216414447216,54.473082870136224,42.426864520823365,33.361054212126966,26.558607736393824,21.293970287889728,17.302448007618338,14.2908269474916,12.120125905697618,10.636603757325027,9.727138894050924,9.349841539621666,9.170407365262303,9.11958789105891,0.25780002117617046,0.18290007842530176,0.10148681835218387,0.0252170032304202,-0.0402160656055704,-0.06892724637157045,-0.09118215985177074,-0.09928884411871015,-0.11093699489311112,-0.13197734120718332,-0.13315638720144543,-0.15614411499940456,-0.16135423039000688,-0.17852613274036858,-0.18172441386232538,-0.19368917183556772,-0.1945291603113222,-0.2119723557893389,-0.3093683529635207,-0.3769529810804342,-0.4356743465513001,-0.48442272536029135,-0.5275636994957114,-0.5659762627833939,-0.6037781630634667,-0.6445662190916369,-0.693405298211978,-0.7524508252568344,-0.8203151576115982,-0.8905870100718194,-0.9541555021917761,-1.0016635769677302,-1.0266162739741045,0.0,0.0,0.0,0.0,0.0,0.0,104
0939_1_Bromonaphthalene.xyz,2555.9582992035075,162.36931219029896,62.73334728335274,41.93186793763127,30.93058430980575,26.315905760836674,11.640718947070265,9.355878440875658,7.300812149230882,4.925839122246526,1.6993984402716347,-0.11080868055144417,-0.188456343639795,-0.3381123016512062,-0.43815767310006276,-0.5665945194191125,-0.8404428019526478,-1.1855018087810782,0.0,0.0,0.0,0.0,0.0,0.0,0.0,0.0,0.0,0.0,0.0,0.0,0.0,0.0,0.0,0.0,0.0,0.0,0.0,0.0,0.0,0.0,0.0,0.0,0.0,0.0,0.0,0.0,0.0,0.0,0.0,0.0,0.0,0.0,0.0,0.0,0.0,0.0,54
0940_1_Bromononane.xyz,2549.3228264830514,132.49398061087658,68.38793743885873,43.86383837173273,29.05594119059159,19.974524652754454,14.249226591327657,11.046643565781077,9.542249146814415,9.246607929206798,0.21792735179169345,0.08382222467601452,-0.031662274109280436,-0.06898369402335901,-0.10586875604584439,-0.10946296011090989,-0.14324788304572808,-0.15642132831901157,-0.1833252426788215,-0.18744745784266428,-0.2571749831804907,-0.39540969312705765,-0.48572522911890914,-0.5602689759719709,-0.6306845498351281,-0.7217705716955783,-0.8383182739999998,-0.9520579101589894,-1.0219113175938828,0.0,0.0,0.0,0.0,0.0,0.0,0.0,0.0,0.0,0.0,0.0,0.0,0.0,0.0,0.0,0.0,0.0,0.0,0.0,0.0,0.0,0.0,0.0,0.0,0.0,0.0,0.0,62
0941_1_Bromooctane.xyz,2549.178864814061,125.73891549920097,62.5366724354651,38.72777964296221,24.769598056406235,16.620036974503652,11.974437865626145,9.80218009837084,9.273526657586139,0.2065880978518193,0.05921907047040167,-0.05888364036862521,-0.06902253285368476,-0.1059150870544921,-0.13813873728941517,-0.143229675571448,-0.1821993486051246,-0.18325080575952243,-0.26879971452279533,-0.4164592358493879,-0.511217729360904,-0.5918826212562348,-0.6813210762290097,-0.8044041023526808,-0.9353501576093897,-1.0200654906431332,0.0,0.0,0.0,0.0,0.0,0.0,0.0,0.0,0.0,0.0,0.0,0.0,0.0,0.0,0.0,0.0,0.0,0.0,0.0,0.0,0.0,0.0,0.0,0.0,0.0,0.0,0.0,0.0,0.0,0.0,56
0942_1_Bromopentane.xyz,2548.4569928579917,99.77879996217106,41.22538233800666,21.438187304733628,12.406835687619477,9.631200255831653,0.14998263030821946,-0.0418606873212263,-0.06925259163512987,-0.11504181684302718,-0.15910501155900017,-0.16995123561521824,-0.32565594172288764,-0.511296392737457,-0.6459946384800974,-0.8383236692098728,-1.0075353926380897,0.0,0.0,0.0,0.0,0.0,0.0,0.0,0.0,0.0,0.0,0.0,0.0,0.0,0.0,0.0,0.0,0.0,0.0,0.0,0.0,0.0,0.0,0.0,0.0,0.0,0.0,0.0,0.0,0.0,0.0,0.0,0.0,0.0,0.0,0.0,0.0,0.0,0.0,0.0,38
0943_1_Butanethiol.xyz,404.1036197492428,82.30513186886914,31.534840100843322,15.409726011985507,10.01477732717455,0.1181899752086412,0.11447143051416667,-0.0691509716325112,-0.08019066227307375,-0.14116814622972462,-0.16434543735920315,-0.36348443880774106,-0.5665820222192453,-0.7648521346689596,-0.9951208262819677,0.0,0.0,0.0,0.0,0.0,0.0,0.0,0.0,0.0,0.0,0.0,0.0,0.0,0.0,0.0,0.0,0.0,0.0,0.0,0.0,0.0,0.0,0.0,0.0,0.0,0.0,0.0,0.0,0.0,0.0,0.0,0.0,0.0,0.0,0.0,0.0,0.0,0.0,0.0,0.0,0.0,32
0944_1_Butanol.xyz,126.32187334004624,54.99561818301039,25.263444574239223,13.272146308708551,9.604128176559453,0.11826539713585937,-0.06893888619740893,-0.08047966965776747,-0.14096664926420183,-0.16520921290885676,-0.3080362016514403,-0.4223648842235374,-0.6068077242796502,-0.8242831347736218,-1.0092740992292426,0.0,0.0,0.0,0.0,0.0,0.0,0.0,0.0,0.0,0.0,0.0,0.0,0.0,0.0,0.0,0.0,0.0,0.0,0.0,0.0,0.0,0.0,0.0,0.0,0.0,0.0,0.0,0.0,0.0,0.0,0.0,0.0,0.0,0.0,0.0,0.0,0.0,0.0,0.0,0.0,0.0,32
0945_1_Chloro_11_difluoroethane.xyz,486.09535167650574,136.84867441564444,60.04887332727585,29.763673499624037,7.34646574995809,-0.06608529692961795,-0.06873373082024237,-0.8914237537981189,0.0,0.0,0.0,0.0,0.0,0.0,0.0,0.0,0.0,0.0,0.0,0.0,0.0,0.0,0.0,0.0,0.0,0.0,0.0,0.0,0.0,0.0,0.0,0.0,0.0,0.0,0.0,0.0,0.0,0.0,0.0,0.0,0.0,0.0,0.0,0.0,0.0,0.0,0.0,0.0,0.0,0.0,0.0,0.0,0.0,0.0,0.0,0.0,32
0946_1_Chloro_1_fluoroethane.xyz,472.2503623498675,107.25911474869098,33.402311148174626,10.493821884394224,-0.054634732052223335,-0.06806678332441911,-0.3287190267446965,-0.910493455413625,0.0,0.0,0.0,0.0,0.0,0.0,0.0,0.0,0.0,0.0,0.0,0.0,0.0,0.0,0.0,0.0,0.0,0.0,0.0,0.0,0.0,0.0,0.0,0.0,0.0,0.0,0.0,0.0,0.0,0.0,0.0,0.0,0.0,0.0,0.0,0.0,0.0,0.0,0.0,0.0,0.0,0.0,0.0,0.0,0.0,0.0,0.0,0.0,26
0947_1_Chloro_2_ethoxyethane.xyz,467.6932263605405,121.60027901795729,39.167159791176424,26.28704542050655,11.904941809602189,10.664229697211644,0.08048632628162332,-0.0461537929941967,-0.06805294719450984,-0.11383927462799293,-0.17293159659466967,-0.44870082916418624,-0.5215057077478459,-0.8063919339491323,-0.9762908426175088,0.0,0.0,0.0,0.0,0.0,0.0,0.0,0.0,0.0,0.0,0.0,0.0,0.0,0.0,0.0,0.0,0.0,0.0,0.0,0.0,0.0,0.0,0.0,0.0,0.0,0.0,0.0,0.0,0.0,0.0,0.0,0.0,0.0,0.0,0.0,0.0,0.0,0.0,0.0,0.0,0.0,38
0948_1_Chloro_2_methylpropane.xyz,465.681604073951,82.79079715148451,24.27866747696969,22.066099120404544,8.938630836759435,0.05771733199143743,-0.027809846411462395,-0.08746914959828557,-0.12847654831950814,-0.1458728940493254,-0.26912667047578287,-0.6359459623340143,-0.8097051504988804,-0.9823029912977134,0.0,0.0,0.0,0.0,0.0,0.0,0.0,0.0,0.0,0.0,0.0,0.0,0.0,0.0,0.0,0.0,0.0,0.0,0.0,0.0,0.0,0.0,0.0,0.0,0.0,0.0,0.0,0.0,0.0,0.0,0.0,0.0,0.0,0.0,0.0,0.0,0.0,0.0,0.0,0.0,0.0,0.0,32
0949_1_Chloro_2_nitrobenzene.xyz,491.2724553287553,165.261602397246,80.29274026515746,44.340493139226325,33.226377909941654,31.45509843178036,11.535587965342899,9.191702921380074,5.893392695373827,1.9472045306388939,-0.12341410871113859,-0.3466567159586714,-0.5502645460789887,-1.0612061972181417,0.0,0.0,0.0,0.0,0.0,0.0,0.0,0.0,0.0,0.0,0.0,0.0,0.0,0.0,0.0,0.0,0.0,0.0,0.0,0.0,0.0,0.0,0.0,0.0,0.0,0.0,0.0,0.0,0.0,0.0,0.0,0.0,0.0,0.0,0.0,0.0,0.0,0.0,0.0,0.0,0.0,0.0,52
0950_1_Chloro_2_propanol.xyz,467.8666440995876,106.30988898992106,32.958932730216596,22.928507170416147,8.85338981972816,0.004812194972533697,-0.07055550091580265,-0.11137335470070424,-0.24542503722054132,-0.5137626459797874,-0.654950615866177,-0.9407115511988596,0.0,0.0,0.0,0.0,0.0,0.0,0.0,0.0,0.0,0.0,0.0,0.0,0.0,0.0,0.0,0.0,0.0,0.0,0.0,0.0,0.0,0.0,0.0,0.0,0.0,0.0,0.0,0.0,0.0,0.0,0.0,0.0,0.0,0.0,0.0,0.0,0.0,0.0,0.0,0.0,0.0,0.0,0.0,0.0,32
0951_1_Chloro_3_methylbutane.xyz,467.41840037213785,94.529394284233,33.327838044183736,24.205532498906333,14.722196291854694,8.11552334166498,0.055394247666906156,-0.00304432130542069,-0.03853282798705739,-0.1277274399263024,-0.14390780295789696,-0.152420358146297,-0.26787170234352814,-0.4721903769324299,-0.7727244485929818,-0.8097483653901256,-1.0011994590638185,0.0,0.0,0.0,0.0,0.0,0.0,0.0,0.0,0.0,0.0,0.0,0.0,0.0,0.0,0.0,0.0,0.0,0.0,0.0,0.0,0.0,0.0,0.0,0.0,0.0,0.0,0.0,0.0,0.0,0.0,0.0,0.0,0.0,0.0,0.0,0.0,0.0,0.0,0.0,38
0952_1_Chloro_3_nitrobenzene.xyz,481.14614001755785,179.31933889546755,75.97270540308647,45.46074866800312,32.92786285203382,30.96061783280955,11.808750118232187,9.17327182329442,5.728261448690215,2.0277091670273135,-0.17866181219854482,-0.4482493756623285,-0.5147227612122859,-1.0486582602533616,0.0,0.0,0.0,0.0,0.0,0.0,0.0,0.0,0.0,0.0,0.0,0.0,0.0,0.0,0.0,0.0,0.0,0.0,0.0,0.0,0.0,0.0,0.0,0.0,0.0,0.0,0.0,0.0,0.0,0.0,0.0,0.0,0.0,0.0,0.0,0.0,0.0,0.0,0.0,0.0,0.0,0.0,52
0953_1_Chloro_4_nitrobenzene.xyz,479.42296944340325,182.21365671395682,74.2370196575786,45.855514157559966,34.150593589658385,29.868057731913524,11.60018885728499,9.55450731178249,5.606340907293979,2.017996800977021,-0.2537193236276129,-0.2863438594396413,-0.6063785967236516,-1.0452893747416303,0.0,0.0,0.0,0.0,0.0,0.0,0.0,0.0,0.0,0.0,0.0,0.0,0.0,0.0,0.0,0.0,0.0,0.0,0.0,0.0,0.0,0.0,0.0,0.0,0.0,0.0,0.0,0.0,0.0,0.0,0.0,0.0,0.0,0.0,0.0,0.0,0.0,0.0,0.0,0.0,0.0,0.0,52
0954_1_Chloronaphthalene.xyz,481.7065352778667,147.82605967735935,62.34285331135642,40.94243560322234,30.93528256482357,26.078921262885366,11.590298524387682,9.346848255601403,7.203019583972848,4.913225885291929,1.668058246868709,-0.11247347124354376,-0.18975053869199265,-0.33840913745752427,-0.440086634541497,-0.56644644689252,-0.8418245820516185,-1.1891094076259496,0.0,0.0,0.0,0.0,0.0,0.0,0.0,0.0,0.0,0.0,0.0,0.0,0.0,0.0,0.0,0.0,0.0,0.0,0.0,0.0,0.0,0.0,0.0,0.0,0.0,0.0,0.0,0.0,0.0,0.0,0.0,0.0,0.0,0.0,0.0,0.0,0.0,0.0,54
0955_1_Chlorooctane.xyz,466.5047094894128,120.67387276115582,61.02651782201566,37.95364557961448,24.41746854442326,16.461752365216167,11.917572073872432,9.780928267398885,9.268158390390466,0.20663617016927277,0.059283193606302714,-0.059094561103282914,-0.0690073704623513,-0.10601610166122859,-0.13855401720411015,-0.14324680065867743,-0.18211753527727229,-0.18344991428767274,-0.2686972352587381,-0.4159843611255362,-0.5109270030434218,-0.5918775004898922,-0.6812717306842901,-0.8048621364376195,-0.9360199741810887,-1.0201908391205023,0.0,0.0,0.0,0.0,0.0,0.0,0.0,0.0,0.0,0.0,0.0,0.0,0.0,0.0,0.0,0.0,0.0,0.0,0.0,0.0,0.0,0.0,0.0,0.0,0.0,0.0,0.0,0.0,0.0,0.0,56
0956_1_Chloropentane.xyz,464.82306103870576,94.55478343945416,40.00367468783756,21.017268910540007,12.311748630087502,9.609756886694852,0.15007308503687383,-0.04208108502770485,-0.06919144263870151,-0.11527200530157956,-0.15955573100151252,-0.1699873560334553,-0.32523969556109106,-0.5108742654130459,-0.6459298522145082,-0.8394161710801135,-1.007907096083085,0.0,0.0,0.0,0.0,0.0,0.0,0.0,0.0,0.0,0.0,0.0,0.0,0.0,0.0,0.0,0.0,0.0,0.0,0.0,0.0,0.0,0.0,0.0,0.0,0.0,0.0,0.0,0.0,0.0,0.0,0.0,0.0,0.0,0.0,0.0,0.0,0.0,0.0,0.0,38
0957_1E_1_chlorobut_1_ene.xyz,464.6558383501632,83.77229600432321,31.94580688208198,14.643176838304388,7.291857848414838,0.002281830456228271,-0.06822522619297626,-0.1375923449631067,-0.2403882507433461,-0.4690091017358009,-0.6723617442415027,-0.9968743072910108,0.0,0.0,0.0,0.0,0.0,0.0,0.0,0.0,0.0,0.0,0.0,0.0,0.0,0.0,0.0,0.0,0.0,0.0,0.0,0.0,0.0,0.0,0.0,0.0,0.0,0.0,0.0,0.0,0.0,0.0,0.0,0.0,0.0,0.0,0.0,0.0,0.0,0.0,0.0,0.0,0.0,0.0,0.0,0.0,30
0958_1ethoxy22ethoxyethoxyethane.xyz,206.3392863673372,98.56284761113362,68.86471199702207,37.23887221087623,34.558967507234684,24.053638593182622,19.387131088292758,11.466851481721232,11.466562330085706,9.595199579972428,9.120545054601825,0.06798206924017099,0.03766597577985117,0.005836962975371922,-0.06412359284951001,-0.0715562149107106,-0.08073249366003574,-0.08702159755134056,-0.14354491348304504,-0.1626724126629393,-0.16410754557464266,-0.4101027744801947,-0.4795300782609808,-0.5101466978469914,-0.5255803030919299,-0.8135742636749823,-0.8819903051438899,-0.9773256741871047,-0.9791642072391803,0.0,0.0,0.0,0.0,0.0,0.0,0.0,0.0,0.0,0.0,0.0,0.0,0.0,0.0,0.0,0.0,0.0,0.0,0.0,0.0,0.0,0.0,0.0,0.0,0.0,0.0,0.0,68
0959_1_Ethoxypropane.xyz,143.7698520233937,51.78017227333295,33.429659249739764,17.64293156243412,11.23713020063202,9.990941073519235,0.11553852435318548,-0.016425202292612167,-0.06765896785883918,-0.07097082383730284,-0.11060378575579978,-0.13830935963022922,-0.17730810241817987,-0.3918189716686294,-0.5172268113083353,-0.7043265283688358,-0.9609396515082639,-1.0034159858180058,0.0,0.0,0.0,0.0,0.0,0.0,0.0,0.0,0.0,0.0,0.0,0.0,0.0,0.0,0.0,0.0,0.0,0.0,0.0,0.0,0.0,0.0,0.0,0.0,0.0,0.0,0.0,0.0,0.0,0.0,0.0,0.0,0.0,0.0,0.0,0.0,0.0,0.0,38
0960_Ethylpropylamine.xyz,128.4354081192379,51.15417519988504,30.90913141067699,17.20347741730887,11.15261381574262,9.762893854717063,0.12573641497975985,-0.01301210108742211,-0.0682546560461427,-0.06980883547210945,-0.11371404542825561,-0.13649923153255747,-0.17489270224740627,-0.2927987239159535,-0.4658457555921841,-0.5564312100312988,-0.7295002854410837,-0.9562873501099697,-1.0171579386860305,0.0,0.0,0.0,0.0,0.0,0.0,0.0,0.0,0.0,0.0,0.0,0.0,0.0,0.0,0.0,0.0,0.0,0.0,0.0,0.0,0.0,0.0,0.0,0.0,0.0,0.0,0.0,0.0,0.0,0.0,0.0,0.0,0.0,0.0,0.0,0.0,0.0,38
0961_1_Fluoro_2_methylbutane.xyz,154.8522650610111,61.999269763348664,33.47648935343982,19.026000719625127,14.009044655120451,7.742772757785076,0.06041573345928007,-0.01596432149581626,-0.056211267936871014,-0.10390256234256359,-0.1379966751130889,-0.16196367087359134,-0.26444658175532015,-0.5377793367750144,-0.6889909648677501,-0.8595277102061442,-1.0158492014256015,0.0,0.0,0.0,0.0,0.0,0.0,0.0,0.0,0.0,0.0,0.0,0.0,0.0,0.0,0.0,0.0,0.0,0.0,0.0,0.0,0.0,0.0,0.0,0.0,0.0,0.0,0.0,0.0,0.0,0.0,0.0,0.0,0.0,0.0,0.0,0.0,0.0,0.0,0.0,38
0962_1_Fluorodecane.xyz,168.0216236012921,100.98707502892833,64.11470048640516,43.25454736618031,29.996714544669988,21.33434149454874,15.616587156588354,12.041055033711709,10.06932640899761,9.245708509030388,9.219894648230083,0.22720895497235458,0.10532895083215883,-0.006027923408992557,-0.0689707603245138,-0.08834644140226772,-0.10671765466115013,-0.12668128646473809,-0.1541700637806722,-0.16037299217749243,-0.18770326903332143,-0.18802835748510333,-0.2451645428725558,-0.37495362034843654,-0.4622204163293177,-0.5354590899497055,-0.5993382728917114,-0.6723123252283449,-0.7672262122427174,-0.878536321346117,-0.973275501317004,-1.0244553849956728,0.0,0.0,0.0,0.0,0.0,0.0,0.0,0.0,0.0,0.0,0.0,0.0,0.0,0.0,0.0,0.0,0.0,0.0,0.0,0.0,0.0,0.0,0.0,0.0,68
0963_1_Fluorododecane.xyz,174.51869288646617,108.81584861015838,73.02903557960391,51.57756387512417,37.38918131356651,27.674021246149206,20.78680861439815,15.966242739409772,12.694067138268608,10.640479746251277,9.565393440645575,9.219344818139808,9.148437987354312,0.24093302646838835,0.13871719045607597,0.037692312319097275,-0.04689686458763656,-0.06894209196348826,-0.10121980236028198,-0.10678950123435271,-0.12769052732003816,-0.1425881138962445,-0.16495870883834993,-0.17087373189954536,-0.19040317675590215,-0.191325891012867,-0.230520931371786,-0.34663017616139075,-0.4261630861371315,-0.4936470418877445,-0.5494896620814239,-0.602608768699356,-0.6606086047220034,-0.7350793203004925,-0.8248592598722067,-0.9167247203654771,-0.9883883194761989,-1.0256900768564328,0.0,0.0,0.0,0.0,0.0,0.0,0.0,0.0,0.0,0.0,0.0,0.0,0.0,0.0,0.0,0.0,0.0,0.0,80
0964_1_Fluoroheptane.xyz,156.82323137727167,85.32695906516022,47.61296821828155,28.799946192470834,18.169150282203493,12.43582872581903,9.806750113871372,9.24171158983725,0.1927086246451238,0.031128358480466276,-0.06904567761561556,-0.0852627517298627,-0.11645736726209342,-0.14094511970245588,-0.17518021711920972,-0.18169072080433116,-0.2795365476764847,-0.43895117306256415,-0.5431229243134527,-0.6439745186828626,-0.7769448799218907,-0.9291511809296458,-1.0202833193708185,0.0,0.0,0.0,0.0,0.0,0.0,0.0,0.0,0.0,0.0,0.0,0.0,0.0,0.0,0.0,0.0,0.0,0.0,0.0,0.0,0.0,0.0,0.0,0.0,0.0,0.0,0.0,0.0,0.0,0.0,0.0,0.0,0.0,50
0965_1_Fluorohexane.xyz,152.545720704145,78.4901064943223,41.05204514322643,23.51557896959382,14.442647874351627,10.328707401289645,9.280253909952952,0.1745218348420866,-0.002247279411939613,-0.06906249874752836,-0.11543459933631411,-0.11612397065868621,-0.16955241678043523,-0.1769271072153139,-0.2969661553506378,-0.4702697206974461,-0.5864879712871628,-0.7256612298056393,-0.90113121370928,-1.01798721829978,0.0,0.0,0.0,0.0,0.0,0.0,0.0,0.0,0.0,0.0,0.0,0.0,0.0,0.0,0.0,0.0,0.0,0.0,0.0,0.0,0.0,0.0,0.0,0.0,0.0,0.0,0.0,0.0,0.0,0.0,0.0,0.0,0.0,0.0,0.0,0.0,44
0966_1_Fluorononane.xyz,164.51269680457239,96.40264050972526,59.08618287516623,38.704053245352455,26.100080298735797,18.17479367366357,13.2587137074567,10.534173798040271,9.346238392530756,9.220138809655367,0.21813170314415997,0.08441842826087026,-0.031224232435243936,-0.06895770628391319,-0.10600480042371015,-0.10995309924624154,-0.1431954739449066,-0.15680645495022713,-0.18343191287434316,-0.18745892986519477,-0.2544582485467788,-0.3926481799158715,-0.48446653885525254,-0.5620320948049956,-0.635726512858153,-0.731905511796595,-0.8517895874344951,-0.9627460098094188,-1.0234104035571412,0.0,0.0,0.0,0.0,0.0,0.0,0.0,0.0,0.0,0.0,0.0,0.0,0.0,0.0,0.0,0.0,0.0,0.0,0.0,0.0,0.0,0.0,0.0,0.0,0.0,0.0,0.0,62
0967_1_Fluorooctane.xyz,160.7923594279204,91.22966199233478,53.60816919888953,33.87970757439952,22.127798294385897,15.141663689258273,11.255323704524065,9.517847916740651,9.225753055917473,0.2068656553074515,0.05994614715617098,-0.05867984772498667,-0.06898158855483337,-0.10615759205604132,-0.1388551086676338,-0.1431604616640204,-0.18188016505663612,-0.18373169245742835,-0.26571774408706494,-0.41366612159247357,-0.5107820959630512,-0.5957744027409133,-0.6900257523541575,-0.8194891096039598,-0.9479741809171872,-1.022279444118271,0.0,0.0,0.0,0.0,0.0,0.0,0.0,0.0,0.0,0.0,0.0,0.0,0.0,0.0,0.0,0.0,0.0,0.0,0.0,0.0,0.0,0.0,0.0,0.0,0.0,0.0,0.0,0.0,0.0,0.0,56
0968_1_Fluoropentane.xyz,147.8556943632452,70.46751085957939,33.87138574216955,18.22889318317779,11.300304270463759,9.369772485051932,0.15070170978637276,-0.0413329061897427,-0.06914907510757484,-0.11548286030315286,-0.1600334607927713,-0.1696708571596104,-0.3202436573863103,-0.5108611488743269,-0.657222123280709,-0.8630830480723157,-1.0135577253097898,0.0,0.0,0.0,0.0,0.0,0.0,0.0,0.0,0.0,0.0,0.0,0.0,0.0,0.0,0.0,0.0,0.0,0.0,0.0,0.0,0.0,0.0,0.0,0.0,0.0,0.0,0.0,0.0,0.0,0.0,0.0,0.0,0.0,0.0,0.0,0.0,0.0,0.0,0.0,38
0969_1_Fluoropropane.xyz,138.22099072331923,46.391302979716,19.817001313076076,9.535205301501486,0.02562258457404234,-0.05033527084398088,-0.10866727742487445,-0.13812743698044333,-0.377896276228731,-0.711395504858602,-0.9962857837043212,0.0,0.0,0.0,0.0,0.0,0.0,0.0,0.0,0.0,0.0,0.0,0.0,0.0,0.0,0.0,0.0,0.0,0.0,0.0,0.0,0.0,0.0,0.0,0.0,0.0,0.0,0.0,0.0,0.0,0.0,0.0,0.0,0.0,0.0,0.0,0.0,0.0,0.0,0.0,0.0,0.0,0.0,0.0,0.0,0.0,26
0970_1_Fluorotetradecane.xyz,180.44220187585938,115.33428971632806,80.70904898481056,58.97135481499228,44.18290366277946,33.75725842815233,26.07914237609946,20.409208553912162,16.228069428267766,13.233566661092183,11.19360465927651,9.936136043921593,9.362102707049846,9.193424447507294,9.116270735468383,0.25066009279185286,0.16378841290869792,0.07311422396536019,-0.008057409214780925,-0.06895204757634148,-0.07369680567834781,-0.09873610437332737,-0.1170124171808938,-0.1217297083031232,-0.1440113697002065,-0.15377086132050807,-0.17271389494302866,-0.1775111571226935,-0.19226099263346752,-0.19332394996689772,-0.2194475108489687,-0.32492422344276106,-0.39797896651804376,-0.46098693549644354,-0.5130738162987092,-0.5599603316601923,-0.6041752731485119,-0.6533264928913655,-0.7130782679024198,-0.7867345733151225,-0.8671666540895152,-0.9424164336740476,-0.9980889833674534,-1.0264380986847481,0.0,0.0,0.0,0.0,0.0,0.0,0.0,0.0,0.0,0.0,0.0,0.0,92
0971_1_Fluoroundecane.xyz,171.350605783153,105.09744207814126,68.74553350165922,47.54161422771676,33.76474123934191,24.521830796176225,18.157160418317456,13.90004622331061,11.212846113308773,9.76656914043575,9.220629405901503,9.184238958533122,0.2347036435755376,0.1232562616692216,0.016953660242936767,-0.06801644218449134,-0.06898402633035164,-0.10140050205120343,-0.12689313839308272,-0.12817323329527308,-0.1601783760101519,-0.1667570988909357,-0.18832964968211394,-0.19059706885934252,-0.2372754667223786,-0.35976829453899956,-0.442997471507719,-0.5130822380342593,-0.5719543877059324,-0.6319049446338247,-0.7046684840781733,-0.7986374026461196,-0.899277162049133,-0.9819295596976946,-1.0250895566186329,0.0,0.0,0.0,0.0,0.0,0.0,0.0,0.0,0.0,0.0,0.0,0.0,0.0,0.0,0.0,0.0,0.0,0.0,0.0,0.0,0.0,74
0972_1_Methyl_2_nitrobenzene.xyz,213.4651606238961,82.42053826765427,49.94923969397233,38.023115596721325,31.990875951071164,22.0102406259858,11.169330012379545,8.235285008253754,5.905300508407384,1.891791251590151,-0.06169421236487649,-0.07308989510347683,-0.14027533739391176,-0.35486065586432286,-0.5526948760707513,-0.8436578738934756,-1.1357714538109287,0.0,0.0,0.0,0.0,0.0,0.0,0.0,0.0,0.0,0.0,0.0,0.0,0.0,0.0,0.0,0.0,0.0,0.0,0.0,0.0,0.0,0.0,0.0,0.0,0.0,0.0,0.0,0.0,0.0,0.0,0.0,0.0,0.0,0.0,0.0,0.0,0.0,0.0,0.0,52
0973_1_Methyl_3_nitrobenzene.xyz,210.46576758248153,86.29346420862359,47.343823528627475,39.99876388926898,32.13838201317485,21.17190155815303,11.736103417236947,8.518281519194328,5.482140270079419,1.9927435673561842,-0.06535093383893514,-0.06744955567431506,-0.18864776764905622,-0.4491489357386742,-0.5151600285370754,-0.8205955947236542,-1.1361855026043746,0.0,0.0,0.0,0.0,0.0,0.0,0.0,0.0,0.0,0.0,0.0,0.0,0.0,0.0,0.0,0.0,0.0,0.0,0.0,0.0,0.0,0.0,0.0,0.0,0.0,0.0,0.0,0.0,0.0,0.0,0.0,0.0,0.0,0.0,0.0,0.0,0.0,0.0,0.0,52
0974_1_Methylisoquinoline.xyz,193.74356578781084,70.2346842529951,48.44197696374617,32.84715487761688,29.65927012667298,22.14311324782823,11.215643132193682,9.588833468954991,6.591938125524763,4.7970353850274,1.4190893273473226,-0.05754133751467728,-0.0669938308009437,-0.1313010866280605,-0.24896590958369755,-0.3407095619223931,-0.5537907301398977,-0.7554856012582376,-0.8840299546252778,-1.2037272891577528,0.0,0.0,0.0,0.0,0.0,0.0,0.0,0.0,0.0,0.0,0.0,0.0,0.0,0.0,0.0,0.0,0.0,0.0,0.0,0.0,0.0,0.0,0.0,0.0,0.0,0.0,0.0,0.0,0.0,0.0,0.0,0.0,0.0,0.0,0.0,0.0,54
0975_1_Methylpyrrolidin_2_one.xyz,171.20775982653,55.28555415621951,40.48384415225967,21.348938734338837,18.025613318986313,9.028350790517514,3.500226239103532,0.06930887806593604,-0.05617505164736723,-0.07568211973440046,-0.11682012081462906,-0.1609487598893754,-0.3633184136096929,-0.6763582121754544,-0.8961747518019686,-0.9381905495804106,0.0,0.0,0.0,0.0,0.0,0.0,0.0,0.0,0.0,0.0,0.0,0.0,0.0,0.0,0.0,0.0,0.0,0.0,0.0,0.0,0.0,0.0,0.0,0.0,0.0,0.0,0.0,0.0,0.0,0.0,0.0,0.0,0.0,0.0,0.0,0.0,0.0,0.0,0.0,0.0,40
0976_1_Nitroethene.xyz,170.9448956168285,45.8183267887842,42.295336194591165,13.022294172475403,4.87293699500609,-0.0416657811090251,-0.3442425929531787,-0.9595741553226957,0.0,0.0,0.0,0.0,0.0,0.0,0.0,0.0,0.0,0.0,0.0,0.0,0.0,0.0,0.0,0.0,0.0,0.0,0.0,0.0,0.0,0.0,0.0,0.0,0.0,0.0,0.0,0.0,0.0,0.0,0.0,0.0,0.0,0.0,0.0,0.0,0.0,0.0,0.0,0.0,0.0,0.0,0.0,0.0,0.0,0.0,0.0,0.0,28
0977_1_Nitropropane.xyz,176.0621073860508,56.37778535789921,43.86042201437487,22.73244532199096,11.840545338606683,6.036324239755031,0.06577589030565935,-0.07117581074901519,-0.130013057974376,-0.1414815616820913,-0.43149276492191235,-0.7306982868935359,-1.0041316290359474,0.0,0.0,0.0,0.0,0.0,0.0,0.0,0.0,0.0,0.0,0.0,0.0,0.0,0.0,0.0,0.0,0.0,0.0,0.0,0.0,0.0,0.0,0.0,0.0,0.0,0.0,0.0,0.0,0.0,0.0,0.0,0.0,0.0,0.0,0.0,0.0,0.0,0.0,0.0,0.0,0.0,0.0,0.0,36
0978_Nonanol.xyz,154.59692508230094,87.63030100873178,56.466016223313346,37.57611714143962,25.635588859193113,17.994621299816902,13.231051687999384,10.554808691672743,9.361812283404001,9.21766475301542,0.21806120689643466,0.08442040281387835,-0.03158412830780183,-0.06894379581127706,-0.1061011033562484,-0.1106669990071764,-0.14330730492652644,-0.15755668591789704,-0.18346280482657445,-0.18779333656594038,-0.24475250755081085,-0.35321331555151586,-0.4196175057737162,-0.49962051949216685,-0.5746235138958352,-0.6504772319452666,-0.7460424699149358,-0.8606454131654535,-0.9657582027457609,-1.0235802871989492,0.0,0.0,0.0,0.0,0.0,0.0,0.0,0.0,0.0,0.0,0.0,0.0,0.0,0.0,0.0,0.0,0.0,0.0,0.0,0.0,0.0,0.0,0.0,0.0,0.0,0.0,62
0979_Octanol.xyz,149.51623831633808,82.72947599792734,51.50288459403522,33.0859252666651,21.846275450356266,15.045774777581366,11.246322870882008,9.52117934216499,9.218850668123764,0.20903409991868277,0.06385442834877635,-0.056169313500742335,-0.06896800808002577,-0.10631270520387442,-0.13802186664898386,-0.14334986250847226,-0.18170929889204604,-0.1837129939600047,-0.25744053639184394,-0.38867161233625347,-0.4609155613818939,-0.5286932864682494,-0.6046787905227693,-0.6962413920488811,-0.8212556429753244,-0.9465134880733024,-1.0216251381310948,0.0,0.0,0.0,0.0,0.0,0.0,0.0,0.0,0.0,0.0,0.0,0.0,0.0,0.0,0.0,0.0,0.0,0.0,0.0,0.0,0.0,0.0,0.0,0.0,0.0,0.0,0.0,0.0,0.0,56
0980_1_Phenylpropanol.xyz,182.5078781355598,74.41624770672468,43.116714958679964,34.89548275899043,33.38953898832494,17.92060188515972,10.94260120336124,9.575259777197155,6.909937321409732,2.6781966019676116,0.0033089620188642335,-0.06622390438477302,-0.0968799837453044,-0.13662850845439284,-0.2518679544020849,-0.32789348258302536,-0.43281954850613696,-0.4939617082639952,-0.598573604369126,-0.6100858754692846,-0.9609075820936944,-1.140284632478488,0.0,0.0,0.0,0.0,0.0,0.0,0.0,0.0,0.0,0.0,0.0,0.0,0.0,0.0,0.0,0.0,0.0,0.0,0.0,0.0,0.0,0.0,0.0,0.0,0.0,0.0,0.0,0.0,0.0,0.0,0.0,0.0,0.0,0.0,54
0981_1_Phenylethanol.xyz,175.59061516722898,71.13274670313523,37.20304331272876,33.55794195786352,28.19398079484268,12.754771199251815,9.60722320487842,7.060532927183176,2.685331419542577,-0.045161887037245094,-0.06475486071197233,-0.10304872975910867,-0.24097667758232105,-0.30882299746783465,-0.46586547852219756,-0.5370502477698788,-0.5982625020663768,-0.8973595492938525,-1.143347441226545,0.0,0.0,0.0,0.0,0.0,0.0,0.0,0.0,0.0,0.0,0.0,0.0,0.0,0.0,0.0,0.0,0.0,0.0,0.0,0.0,0.0,0.0,0.0,0.0,0.0,0.0,0.0,0.0,0.0,0.0,0.0,0.0,0.0,0.0,0.0,0.0,0.0,48
0982_1_Propanethiol.xyz,402.64653838426534,68.61195624295343,22.469493476887944,11.07764047929245,0.11443264774827447,0.07391990004252573,-0.06934166164049178,-0.1302418875876214,-0.1412781639853712,-0.4107189861426775,-0.6698429780418571,-0.974800828852271,0.0,0.0,0.0,0.0,0.0,0.0,0.0,0.0,0.0,0.0,0.0,0.0,0.0,0.0,0.0,0.0,0.0,0.0,0.0,0.0,0.0,0.0,0.0,0.0,0.0,0.0,0.0,0.0,0.0,0.0,0.0,0.0,0.0,0.0,0.0,0.0,0.0,0.0,0.0,0.0,0.0,0.0,0.0,0.0,26
0983_Propanol.xyz,118.398933717131,44.5945997917707,17.75889695324707,10.145486015421858,0.07465046938720282,-0.07002820531712549,-0.13137671710539728,-0.1415974412098985,-0.32793756425599463,-0.46321776624274896,-0.7493634131350986,-0.9980355216034751,0.0,0.0,0.0,0.0,0.0,0.0,0.0,0.0,0.0,0.0,0.0,0.0,0.0,0.0,0.0,0.0,0.0,0.0,0.0,0.0,0.0,0.0,0.0,0.0,0.0,0.0,0.0,0.0,0.0,0.0,0.0,0.0,0.0,0.0,0.0,0.0,0.0,0.0,0.0,0.0,0.0,0.0,0.0,0.0,26
0984_1Z_1_bromoprop_1_ene.xyz,2548.2774825227816,74.82484922721386,23.689614827895912,7.525676523553346,-0.04523877203462627,-0.06826437794879463,-0.19607715580065233,-0.5492789632959844,-0.9716105723152798,0.0,0.0,0.0,0.0,0.0,0.0,0.0,0.0,0.0,0.0,0.0,0.0,0.0,0.0,0.0,0.0,0.0,0.0,0.0,0.0,0.0,0.0,0.0,0.0,0.0,0.0,0.0,0.0,0.0,0.0,0.0,0.0,0.0,0.0,0.0,0.0,0.0,0.0,0.0,0.0,0.0,0.0,0.0,0.0,0.0,0.0,0.0,24
0985_1Z_1_fluoropent_1_ene.xyz,152.74586555161818,65.89365691279392,34.768409461769366,19.2523849817488,11.26658959526783,5.729561224159579,0.0734387944254454,-0.06896182011666066,-0.12651505520719436,-0.14291474433937826,-0.20020175942868695,-0.41911128348138826,-0.5905322139025797,-0.8378138150220669,-1.0202300792872925,0.0,0.0,0.0,0.0,0.0,0.0,0.0,0.0,0.0,0.0,0.0,0.0,0.0,0.0,0.0,0.0,0.0,0.0,0.0,0.0,0.0,0.0,0.0,0.0,0.0,0.0,0.0,0.0,0.0,0.0,0.0,0.0,0.0,0.0,0.0,0.0,0.0,0.0,0.0,0.0,0.0,36
0986_222_Trifluoroethanol.xyz,232.36010018723636,68.86960331611175,60.07195772995765,58.71953475137883,17.452535590016268,5.1089742399894575,-0.062167154669888196,-0.4273371424438392,-0.7609971373103454,0.0,0.0,0.0,0.0,0.0,0.0,0.0,0.0,0.0,0.0,0.0,0.0,0.0,0.0,0.0,0.0,0.0,0.0,0.0,0.0,0.0,0.0,0.0,0.0,0.0,0.0,0.0,0.0,0.0,0.0,0.0,0.0,0.0,0.0,0.0,0.0,0.0,0.0,0.0,0.0,0.0,0.0,0.0,0.0,0.0,0.0,0.0,38
0987_2233_Tetrafluoro_1_propanol.xyz,262.8525571091065,93.83567423603998,67.0774158235996,63.90816147005302,54.04545359273565,19.413100558710408,12.177246284587907,4.608347340108886,-0.07613075460006107,-0.3698418174638306,-0.4632690637506319,-0.7853054455674129,0.0,0.0,0.0,0.0,0.0,0.0,0.0,0.0,0.0,0.0,0.0,0.0,0.0,0.0,0.0,0.0,0.0,0.0,0.0,0.0,0.0,0.0,0.0,0.0,0.0,0.0,0.0,0.0,0.0,0.0,0.0,0.0,0.0,0.0,0.0,0.0,0.0,0.0,0.0,0.0,0.0,0.0,0.0,0.0,50
0988_2244_Tetramethyllpentan_3_one.xyz,188.4181963918474,57.62321483432249,52.548372898789786,26.288657358355664,24.31210720908033,22.158202342354027,22.08531847864894,14.752506137567945,8.344682586679859,3.8523845575234414,0.08110797311674485,0.028156975863835206,0.017164099223280736,-0.02400747465802774,-0.04532966317517852,-0.05884146435629371,-0.13326884699652458,-0.13636110196353365,-0.1470375255151186,-0.16837726556258936,-0.1725595408344895,-0.18839889171622207,-0.8030078460823992,-0.8090278833403739,-0.8273287578153902,-0.8291804690923094,-0.9631458798731171,-0.964557717748453,0.0,0.0,0.0,0.0,0.0,0.0,0.0,0.0,0.0,0.0,0.0,0.0,0.0,0.0,0.0,0.0,0.0,0.0,0.0,0.0,0.0,0.0,0.0,0.0,0.0,0.0,0.0,0.0,60
0989_22_Dichloro_111_trifluoroethane.xyz,602.9373543980461,351.3751200249955,163.4327605600788,60.07099647456947,59.54847748953407,22.297511792138504,5.126481962897394,-0.3844210800591435,0.0,0.0,0.0,0.0,0.0,0.0,0.0,0.0,0.0,0.0,0.0,0.0,0.0,0.0,0.0,0.0,0.0,0.0,0.0,0.0,0.0,0.0,0.0,0.0,0.0,0.0,0.0,0.0,0.0,0.0,0.0,0.0,0.0,0.0,0.0,0.0,0.0,0.0,0.0,0.0,0.0,0.0,0.0,0.0,0.0,0.0,0.0,0.0,44
0990_22_Dichloropropane.xyz,571.8919989013036,350.62884596136735,56.4680897204894,24.29840198567895,9.868591667676494,-0.0027381128678500267,-0.03412080860812587,-0.10549040075628577,-0.12900382224025883,-0.8217856761097727,-0.8997018559117823,0.0,0.0,0.0,0.0,0.0,0.0,0.0,0.0,0.0,0.0,0.0,0.0,0.0,0.0,0.0,0.0,0.0,0.0,0.0,0.0,0.0,0.0,0.0,0.0,0.0,0.0,0.0,0.0,0.0,0.0,0.0,0.0,0.0,0.0,0.0,0.0,0.0,0.0,0.0,0.0,0.0,0.0,0.0,0.0,0.0,32
0991_22_Dimethylpropanol.xyz,144.40682270177552,51.58720379472967,24.151803067430556,24.13804412204102,16.707681926228805,7.032012439349822,0.040699018136021975,0.032511117025434015,-0.03463427155260599,-0.11321900363551883,-0.12966355423894818,-0.1554074652294426,-0.15659185188986005,-0.37473968910676,-0.7298277244725423,-0.8090938984724451,-0.8119890575183762,-0.9743909536603494,0.0,0.0,0.0,0.0,0.0,0.0,0.0,0.0,0.0,0.0,0.0,0.0,0.0,0.0,0.0,0.0,0.0,0.0,0.0,0.0,0.0,0.0,0.0,0.0,0.0,0.0,0.0,0.0,0.0,0.0,0.0,0.0,0.0,0.0,0.0,0.0,0.0,0.0,38
0992_22_Dimethylpropanal.xyz,146.02621972012048,53.25857571395683,24.30231531167259,24.125424995744506,12.967914090930037,5.620067686502971,0.03199872942824544,-0.02613525449264215,-0.029426486736959325,-0.12666990428560485,-0.13360819874420718,-0.15500320987752977,-0.4585428567662278,-0.810434375582735,-0.812019553024205,-0.973455691905578,0.0,0.0,0.0,0.0,0.0,0.0,0.0,0.0,0.0,0.0,0.0,0.0,0.0,0.0,0.0,0.0,0.0,0.0,0.0,0.0,0.0,0.0,0.0,0.0,0.0,0.0,0.0,0.0,0.0,0.0,0.0,0.0,0.0,0.0,0.0,0.0,0.0,0.0,0.0,0.0,36
0993_22_Dimethylpropanenitrile.xyz,134.2992395371083,47.43493136665953,24.215441981183037,24.215253924681885,11.694448008430706,3.3393110811631663,0.03422891276286586,-0.028432666765127308,-0.02847810740241054,-0.1297536108465175,-0.1298065561691775,-0.154427961690115,-0.8160639210299236,-0.8160742551432811,-0.9805843359850384,0.0,0.0,0.0,0.0,0.0,0.0,0.0,0.0,0.0,0.0,0.0,0.0,0.0,0.0,0.0,0.0,0.0,0.0,0.0,0.0,0.0,0.0,0.0,0.0,0.0,0.0,0.0,0.0,0.0,0.0,0.0,0.0,0.0,0.0,0.0,0.0,0.0,0.0,0.0,0.0,0.0,34
0994_22ethoxyethoxyethyl_acetate.xyz,214.81488026917134,118.74274776917707,76.80384914947517,48.856522324295575,36.041633479622625,29.99429626724331,23.542589696448953,17.853494648656312,11.361677538124571,10.268836426053591,10.009831640250965,4.29311415712693,0.11146952191013589,0.01686828219222534,-0.05837163544334787,-0.06582290810065955,-0.06805942245906083,-0.07811051936445411,-0.10632313277064429,-0.15389781920522969,-0.1815931905049927,-0.4342223487130671,-0.5012120915167924,-0.5220179314138064,-0.8131541918726758,-0.8832103959428667,-0.9359280949568237,-0.9782670128356317,0.0,0.0,0.0,0.0,0.0,0.0,0.0,0.0,0.0,0.0,0.0,0.0,0.0,0.0,0.0,0.0,0.0,0.0,0.0,0.0,0.0,0.0,0.0,0.0,0.0,0.0,0.0,0.0,72
0995_235_Trimethylthiophene.xyz,428.12369213262735,96.22485616879553,47.969940361101635,32.275466628237375,23.136212129192177,15.155665607799953,8.05910103262959,3.6892710026757594,0.004000986773730814,-0.04697145663850554,-0.07133546701233047,-0.07152464038715432,-0.08352667230632659,-0.15668868117570042,-0.5153985257900042,-0.8121962488197528,-0.8719555213822386,-0.9784314136779365,0.0,0.0,0.0,0.0,0.0,0.0,0.0,0.0,0.0,0.0,0.0,0.0,0.0,0.0,0.0,0.0,0.0,0.0,0.0,0.0,0.0,0.0,0.0,0.0,0.0,0.0,0.0,0.0,0.0,0.0,0.0,0.0,0.0,0.0,0.0,0.0,0.0,0.0,44
0996_23_Dichloropropanol.xyz,562.5394121527083,366.6235965312296,93.19933034199283,38.757843529940615,16.426923534006896,9.381933145271324,0.018943823767780546,-0.12773403515904252,-0.29057327277341355,-0.42901207437698924,-0.6361353441424028,-0.7847460526335146,0.0,0.0,0.0,0.0,0.0,0.0,0.0,0.0,0.0,0.0,0.0,0.0,0.0,0.0,0.0,0.0,0.0,0.0,0.0,0.0,0.0,0.0,0.0,0.0,0.0,0.0,0.0,0.0,0.0,0.0,0.0,0.0,0.0,0.0,0.0,0.0,0.0,0.0,0.0,0.0,0.0,0.0,0.0,0.0,38
0997_23_Dihydrofuran.xyz,143.58096526853046,38.14669454475416,28.416338396427065,9.941643203427216,6.220281205472559,0.016119579314783458,-0.14648572963745354,-0.17210719574767216,-0.4356797415048141,-0.7116063728807275,-0.9070476406415432,0.0,0.0,0.0,0.0,0.0,0.0,0.0,0.0,0.0,0.0,0.0,0.0,0.0,0.0,0.0,0.0,0.0,0.0,0.0,0.0,0.0,0.0,0.0,0.0,0.0,0.0,0.0,0.0,0.0,0.0,0.0,0.0,0.0,0.0,0.0,0.0,0.0,0.0,0.0,0.0,0.0,0.0,0.0,0.0,0.0,28
0998_Oxiran2ylmethanol.xyz,151.0799108496953,64.94074418424138,21.011192259881113,17.200124163268185,8.699621971525314,0.00011607920597164028,-0.10587885645257955,-0.2658695374762952,-0.4066165483867742,-0.6933251185675873,-0.8523144090357296,0.0,0.0,0.0,0.0,0.0,0.0,0.0,0.0,0.0,0.0,0.0,0.0,0.0,0.0,0.0,0.0,0.0,0.0,0.0,0.0,0.0,0.0,0.0,0.0,0.0,0.0,0.0,0.0,0.0,0.0,0.0,0.0,0.0,0.0,0.0,0.0,0.0,0.0,0.0,0.0,0.0,0.0,0.0,0.0,0.0,30
0999_23_Xylenol.xyz,179.26772561589678,63.253708682779404,46.22458659444996,30.72077011189248,21.828435785349214,19.57744340705728,7.666420107481065,7.166667136658212,1.8992203634303448,0.006700450049980339,-0.03432262539854156,-0.11448056349560977,-0.14414841573222378,-0.1945618895746315,-0.4482049711121139,-0.5159733584160371,-0.8141568621631358,-0.8359680483778078,-1.1283252055568336,0.0,0.0,0.0,0.0,0.0,0.0,0.0,0.0,0.0,0.0,0.0,0.0,0.0,0.0,0.0,0.0,0.0,0.0,0.0,0.0,0.0,0.0,0.0,0.0,0.0,0.0,0.0,0.0,0.0,0.0,0.0,0.0,0.0,0.0,0.0,0.0,0.0,48
1000_24_Dichorotoluene.xyz,542.603497631271,399.2254390235253,104.65383520808308,41.31858137799166,33.535509174143115,20.59920094324486,9.29400828371405,7.621116496783434,2.4162039345812727,-0.06476276077236347,-0.06916148415232866,-0.2698440632014907,-0.4902339943970198,-0.7664844377335305,-1.0113969753553032,0.0,0.0,0.0,0.0,0.0,0.0,0.0,0.0,0.0,0.0,0.0,0.0,0.0,0.0,0.0,0.0,0.0,0.0,0.0,0.0,0.0,0.0,0.0,0.0,0.0,0.0,0.0,0.0,0.0,0.0,0.0,0.0,0.0,0.0,0.0,0.0,0.0,0.0,0.0,0.0,0.0,48
1001_24_Dimethylaniline.xyz,169.81050824341702,58.27384382935149,42.47072470286029,30.832888792253378,22.162753127067376,17.579561522800592,8.686505530604373,6.43730694892819,2.1505875008522937,-0.038072280739433945,-0.06069276009306643,-0.06429082955048286,-0.07496441601938165,-0.14966443495663376,-0.28034073622969696,-0.4890045587041401,-0.6957599892891324,-0.7949507704290124,-0.8807200000348534,-1.1526704268534789,0.0,0.0,0.0,0.0,0.0,0.0,0.0,0.0,0.0,0.0,0.0,0.0,0.0,0.0,0.0,0.0,0.0,0.0,0.0,0.0,0.0,0.0,0.0,0.0,0.0,0.0,0.0,0.0,0.0,0.0,0.0,0.0,0.0,0.0,0.0,0.0,48
1002_24_Dimethylpentan_3_ol.xyz,164.64099586246425,50.899159184450866,46.828279637044815,24.25461541358989,23.54125604129209,18.254104751641712,10.472261690234667,6.2591487196488975,0.040594601378331804,0.014186677909304089,-0.015502561761366359,-0.04910866310713153,-0.09329581894743173,-0.1269026979385263,-0.131691683285923,-0.13541131431371134,-0.22913207893344006,-0.34505040260618386,-0.3963841429593686,-0.5858483265408029,-0.809439752885672,-0.8131597338006021,-0.9448911958965186,-1.0053530908863184,0.0,0.0,0.0,0.0,0.0,0.0,0.0,0.0,0.0,0.0,0.0,0.0,0.0,0.0,0.0,0.0,0.0,0.0,0.0,0.0,0.0,0.0,0.0,0.0,0.0,0.0,0.0,0.0,0.0,0.0,0.0,0.0,50
1003_24_Pentanediol.xyz,162.36191198220956,75.1205115285424,35.14693603326954,28.301678721400332,22.808885904653284,10.75946251811666,7.257684262733905,0.027741607422461245,-0.009526732468940816,-0.07612278763452197,-0.0893620632522125,-0.1384363506769482,-0.22787131422842705,-0.3242382419142137,-0.5066908963907272,-0.5272228346757494,-0.6780854248820689,-0.8983980682964465,-0.9849424071776056,0.0,0.0,0.0,0.0,0.0,0.0,0.0,0.0,0.0,0.0,0.0,0.0,0.0,0.0,0.0,0.0,0.0,0.0,0.0,0.0,0.0,0.0,0.0,0.0,0.0,0.0,0.0,0.0,0.0,0.0,0.0,0.0,0.0,0.0,0.0,0.0,0.0,44
1004_24_Pentanedione.xyz,169.59637972877908,73.25004125255344,30.8609074643343,30.809303939536708,22.468839601059507,6.388080315885851,4.83746366104828,-0.020678248371868824,-0.060318134684918145,-0.07052167541724667,-0.08086331633153347,-0.12057098329688236,-0.6880630730112749,-0.88695148793032,-0.959133607402935,0.0,0.0,0.0,0.0,0.0,0.0,0.0,0.0,0.0,0.0,0.0,0.0,0.0,0.0,0.0,0.0,0.0,0.0,0.0,0.0,0.0,0.0,0.0,0.0,0.0,0.0,0.0,0.0,0.0,0.0,0.0,0.0,0.0,0.0,0.0,0.0,0.0,0.0,0.0,0.0,0.0,40
1005_26_Dimethyl_4_heptanone.xyz,179.20685970961466,68.1519678059507,52.39666657417249,28.921247179575513,24.577717159169953,23.6580143971012,20.38544763829237,10.223254172563012,8.262137875026875,4.662641449155594,0.060457366120368915,0.009770651135950313,-0.022602787062791823,-0.033028256970014686,-0.040400748760976116,-0.09658893013850993,-0.12650850699665428,-0.13144168299285605,-0.14699835310853748,-0.1727477415190886,-0.25267358005075485,-0.29691990430430526,-0.6358594725437579,-0.7048155725604393,-0.8060671470277156,-0.8134133923595886,-0.9866289749860849,-1.0098454118527747,0.0,0.0,0.0,0.0,0.0,0.0,0.0,0.0,0.0,0.0,0.0,0.0,0.0,0.0,0.0,0.0,0.0,0.0,0.0,0.0,0.0,0.0,0.0,0.0,0.0,0.0,0.0,0.0,60
1006_26_Dimethylaniline.xyz,171.58777252985323,51.606670257681614,48.64201016413928,29.312263893416322,20.514925234040454,19.873008604030545,7.570591317089729,7.3033822249894556,1.9266558632377853,-0.019656534984563965,-0.05458293577619715,-0.06246875684881429,-0.07617934454163616,-0.18048749989257615,-0.19819246752462885,-0.4464250455681274,-0.7572286645330774,-0.7898022442930762,-0.872058208735035,-1.1566493905450612,0.0,0.0,0.0,0.0,0.0,0.0,0.0,0.0,0.0,0.0,0.0,0.0,0.0,0.0,0.0,0.0,0.0,0.0,0.0,0.0,0.0,0.0,0.0,0.0,0.0,0.0,0.0,0.0,0.0,0.0,0.0,0.0,0.0,0.0,0.0,0.0,48
1007_26_Xylenol.xyz,180.42289196280984,59.391114898867926,48.59798264409227,31.602849703110664,20.586699846674996,20.280418727216674,7.572878006870792,7.307609822319167,1.8197274942092552,-0.057036936166810166,-0.061126598283385236,-0.06706068401489843,-0.07790604154758189,-0.197168682187534,-0.44391809687057776,-0.5225320483940349,-0.7729811925764541,-0.8758354632336184,-1.1250710476788506,0.0,0.0,0.0,0.0,0.0,0.0,0.0,0.0,0.0,0.0,0.0,0.0,0.0,0.0,0.0,0.0,0.0,0.0,0.0,0.0,0.0,0.0,0.0,0.0,0.0,0.0,0.0,0.0,0.0,0.0,0.0,0.0,0.0,0.0,0.0,0.0,0.0,48
1008_2acetyloxyethyl_acetate.xyz,231.59798144594674,88.98761159128742,56.66176008694049,47.735421911373116,29.67076253131976,28.385719790673367,21.82527420762251,10.454169445155536,4.47771161657534,4.036598801169886,-0.056771475727242206,-0.05932475726832135,-0.07138825459731671,-0.07524893886743042,-0.08133590193849556,-0.08338354817550005,-0.4660090739359601,-0.8525234883379298,-0.9275539214151035,-0.9440619920042613,0.0,0.0,0.0,0.0,0.0,0.0,0.0,0.0,0.0,0.0,0.0,0.0,0.0,0.0,0.0,0.0,0.0,0.0,0.0,0.0,0.0,0.0,0.0,0.0,0.0,0.0,0.0,0.0,0.0,0.0,0.0,0.0,0.0,0.0,0.0,0.0,58
1009_2_Aminoethanol.xyz,124.46678694049234,52.577677306455705,19.527573965785738,10.193959346445963,0.06233255394000153,-0.1375236489705434,-0.17247208639672962,-0.32701189671914305,-0.4693974502284179,-0.7024304690034732,-0.9278820433112283,0.0,0.0,0.0,0.0,0.0,0.0,0.0,0.0,0.0,0.0,0.0,0.0,0.0,0.0,0.0,0.0,0.0,0.0,0.0,0.0,0.0,0.0,0.0,0.0,0.0,0.0,0.0,0.0,0.0,0.0,0.0,0.0,0.0,0.0,0.0,0.0,0.0,0.0,0.0,0.0,0.0,0.0,0.0,0.0,0.0,26
1010_2_Bromo_2_methylpropane.xyz,2550.79408963503,86.57074730147099,24.184378277749236,24.18252668924729,8.610934141704114,0.046180912170511415,-0.027068002616237437,-0.027126710547250087,-0.12888957985124924,-0.12891564560043112,-0.15562159188803426,-0.814798279583537,-0.8148496976374048,-0.9463289901739411,0.0,0.0,0.0,0.0,0.0,0.0,0.0,0.0,0.0,0.0,0.0,0.0,0.0,0.0,0.0,0.0,0.0,0.0,0.0,0.0,0.0,0.0,0.0,0.0,0.0,0.0,0.0,0.0,0.0,0.0,0.0,0.0,0.0,0.0,0.0,0.0,0.0,0.0,0.0,0.0,0.0,0.0,32
1011_2_Bromo_3_methylbutane.xyz,2551.3054639966304,99.30000821343097,35.08780444837387,23.88406127272582,15.364221750852925,7.984618543960107,0.028976892685687424,-0.0076595496684518805,-0.07055713794930651,-0.07584060087988533,-0.12648678843131686,-0.15571749847247296,-0.25292681808758954,-0.39674850078196683,-0.8108891053268653,-0.8599124728695143,-0.9950529872917248,0.0,0.0,0.0,0.0,0.0,0.0,0.0,0.0,0.0,0.0,0.0,0.0,0.0,0.0,0.0,0.0,0.0,0.0,0.0,0.0,0.0,0.0,0.0,0.0,0.0,0.0,0.0,0.0,0.0,0.0,0.0,0.0,0.0,0.0,0.0,0.0,0.0,0.0,0.0,38
1012_2_Bromobutane.xyz,2550.1799763005965,84.69865322963051,33.93947248490834,16.055823073250284,9.481223797362327,0.052548352233684675,-0.06107115379347134,-0.07484192939260577,-0.08021387677903023,-0.1585683213279065,-0.28962615646250767,-0.5456369525032887,-0.8629421734040288,-0.9895382148449554,0.0,0.0,0.0,0.0,0.0,0.0,0.0,0.0,0.0,0.0,0.0,0.0,0.0,0.0,0.0,0.0,0.0,0.0,0.0,0.0,0.0,0.0,0.0,0.0,0.0,0.0,0.0,0.0,0.0,0.0,0.0,0.0,0.0,0.0,0.0,0.0,0.0,0.0,0.0,0.0,0.0,0.0,32
1013_2_Bromopentane.xyz,2551.3650037227208,97.09351298725988,39.13643683526511,23.41981966337596,13.753232174124875,8.125509985536507,0.04601765518449428,-0.0016747995484906607,-0.07451763645861133,-0.09366548428909324,-0.1321795579633579,-0.15133757088688177,-0.2391293922159726,-0.4490740973806173,-0.6941851347620197,-0.8965915789406009,-1.0038141121206878,0.0,0.0,0.0,0.0,0.0,0.0,0.0,0.0,0.0,0.0,0.0,0.0,0.0,0.0,0.0,0.0,0.0,0.0,0.0,0.0,0.0,0.0,0.0,0.0,0.0,0.0,0.0,0.0,0.0,0.0,0.0,0.0,0.0,0.0,0.0,0.0,0.0,0.0,0.0,38
1014_2_Bromopropene.xyz,2548.8748605741607,73.74452329968881,24.141503436569877,7.555831299239284,-0.0004600516545636079,-0.06746111676982894,-0.11193520970955605,-0.7235058834188208,-0.9262030880590526,0.0,0.0,0.0,0.0,0.0,0.0,0.0,0.0,0.0,0.0,0.0,0.0,0.0,0.0,0.0,0.0,0.0,0.0,0.0,0.0,0.0,0.0,0.0,0.0,0.0,0.0,0.0,0.0,0.0,0.0,0.0,0.0,0.0,0.0,0.0,0.0,0.0,0.0,0.0,0.0,0.0,0.0,0.0,0.0,0.0,0.0,0.0,24
1015_2_Butanethiol.xyz,407.86703226195243,76.32340911669819,33.63999920826612,16.033071868071147,9.50642204096453,0.13582034523957062,0.04850134763768857,-0.06638563666303518,-0.07777583514541887,-0.10451719939859358,-0.1614196913698908,-0.2984138685392726,-0.5469204154646796,-0.8605677106360309,-0.9823940072470108,0.0,0.0,0.0,0.0,0.0,0.0,0.0,0.0,0.0,0.0,0.0,0.0,0.0,0.0,0.0,0.0,0.0,0.0,0.0,0.0,0.0,0.0,0.0,0.0,0.0,0.0,0.0,0.0,0.0,0.0,0.0,0.0,0.0,0.0,0.0,0.0,0.0,0.0,0.0,0.0,0.0,32
1016_2_Butoxyethanol.xyz,166.52630062426468,77.07489049974325,56.429907785362204,27.74903663207722,19.81594488809913,12.967353572881407,10.056038142280537,9.53443981829724,0.14655115038941113,0.017221719053195188,-0.06899720602469647,-0.08303626546624868,-0.1367918380279896,-0.14257264318322577,-0.18360285652002203,-0.33252707696717887,-0.4061688542921899,-0.5393070577350717,-0.5740442903847344,-0.7864709165966903,-0.8737863136641728,-1.008358877409661,0.0,0.0,0.0,0.0,0.0,0.0,0.0,0.0,0.0,0.0,0.0,0.0,0.0,0.0,0.0,0.0,0.0,0.0,0.0,0.0,0.0,0.0,0.0,0.0,0.0,0.0,0.0,0.0,0.0,0.0,0.0,0.0,0.0,0.0,50
1017_2_Chloro_1122_tetrafluoroethane.xyz,503.4717787904267,189.75455527399197,80.62061625843768,60.035610641777964,58.70290622486072,16.26196827725867,4.722989810838519,-0.4274298823960746,0.0,0.0,0.0,0.0,0.0,0.0,0.0,0.0,0.0,0.0,0.0,0.0,0.0,0.0,0.0,0.0,0.0,0.0,0.0,0.0,0.0,0.0,0.0,0.0,0.0,0.0,0.0,0.0,0.0,0.0,0.0,0.0,0.0,0.0,0.0,0.0,0.0,0.0,0.0,0.0,0.0,0.0,0.0,0.0,0.0,0.0,0.0,0.0,44
1018_2_Chloro_111_trifluoroethane.xyz,487.97446955202463,178.46675203136235,60.061089986318905,59.97048034376796,24.992768369919116,5.378135657493714,-0.06722779355156118,-0.6665725060071432,0.0,0.0,0.0,0.0,0.0,0.0,0.0,0.0,0.0,0.0,0.0,0.0,0.0,0.0,0.0,0.0,0.0,0.0,0.0,0.0,0.0,0.0,0.0,0.0,0.0,0.0,0.0,0.0,0.0,0.0,0.0,0.0,0.0,0.0,0.0,0.0,0.0,0.0,0.0,0.0,0.0,0.0,0.0,0.0,0.0,0.0,0.0,0.0,38
1019_2_Chloroaniline.xyz,477.6060312972709,123.66008768316345,51.24583315331958,33.678732192370205,23.46826995847768,9.243486597591957,7.915103534081456,2.494161290175512,-0.09184647058616023,-0.13291966723053214,-0.34012836470958707,-0.5422406471232305,-0.7924183992694243,-1.110427580275946,0.0,0.0,0.0,0.0,0.0,0.0,0.0,0.0,0.0,0.0,0.0,0.0,0.0,0.0,0.0,0.0,0.0,0.0,0.0,0.0,0.0,0.0,0.0,0.0,0.0,0.0,0.0,0.0,0.0,0.0,0.0,0.0,0.0,0.0,0.0,0.0,0.0,0.0,0.0,0.0,0.0,0.0,42
1020_2_Chlorobutane.xyz,467.7319743143038,76.8726880872239,33.761639507497726,16.012407223474924,9.363415525538953,0.051067500292250004,-0.0618326647846548,-0.07482721269684553,-0.08007538931986831,-0.15824080052214906,-0.2885138982078131,-0.5478101427773417,-0.8650798195466263,-0.9900054519003696,0.0,0.0,0.0,0.0,0.0,0.0,0.0,0.0,0.0,0.0,0.0,0.0,0.0,0.0,0.0,0.0,0.0,0.0,0.0,0.0,0.0,0.0,0.0,0.0,0.0,0.0,0.0,0.0,0.0,0.0,0.0,0.0,0.0,0.0,0.0,0.0,0.0,0.0,0.0,0.0,0.0,0.0,32
1021_2_Chloroethanol.xyz,464.88923411917716,96.01225065324213,28.067784296067785,11.393122796475966,0.012008747000378893,-0.1362537397637678,-0.34018354508090565,-0.525080855077994,-0.8455913725064816,0.0,0.0,0.0,0.0,0.0,0.0,0.0,0.0,0.0,0.0,0.0,0.0,0.0,0.0,0.0,0.0,0.0,0.0,0.0,0.0,0.0,0.0,0.0,0.0,0.0,0.0,0.0,0.0,0.0,0.0,0.0,0.0,0.0,0.0,0.0,0.0,0.0,0.0,0.0,0.0,0.0,0.0,0.0,0.0,0.0,0.0,0.0,26
1022_2_Chloronaphthalene.xyz,477.8159415547648,153.43669790800934,59.46551752574845,42.93314917173216,29.961883107074332,26.188160773220936,11.603413283729532,9.070780411066828,7.59188521882517,4.755661418642984,1.804470273353878,-0.11979336086776393,-0.2575115055116903,-0.33288099463128357,-0.4872818469725679,-0.5741726539103005,-0.7820692944165387,-1.198413014726624,0.0,0.0,0.0,0.0,0.0,0.0,0.0,0.0,0.0,0.0,0.0,0.0,0.0,0.0,0.0,0.0,0.0,0.0,0.0,0.0,0.0,0.0,0.0,0.0,0.0,0.0,0.0,0.0,0.0,0.0,0.0,0.0,0.0,0.0,0.0,0.0,0.0,0.0,54
1023_2_Chloropropane.xyz,464.65316547308,65.7371354529292,24.28127687904549,10.510459470203227,0.015629395687995547,-0.03150886023340401,-0.10571634898538497,-0.1295780598375287,-0.29155525705242014,-0.8143954677415148,-0.9562110979458577,0.0,0.0,0.0,0.0,0.0,0.0,0.0,0.0,0.0,0.0,0.0,0.0,0.0,0.0,0.0,0.0,0.0,0.0,0.0,0.0,0.0,0.0,0.0,0.0,0.0,0.0,0.0,0.0,0.0,0.0,0.0,0.0,0.0,0.0,0.0,0.0,0.0,0.0,0.0,0.0,0.0,0.0,0.0,0.0,0.0,26
1024_2_Chloropropene.xyz,465.29492674246137,66.87685040378074,24.144869265661402,7.393306417428117,-0.0024404385335738406,-0.0672928187627428,-0.11125754782464159,-0.7258205501975598,-0.9344398948630532,0.0,0.0,0.0,0.0,0.0,0.0,0.0,0.0,0.0,0.0,0.0,0.0,0.0,0.0,0.0,0.0,0.0,0.0,0.0,0.0,0.0,0.0,0.0,0.0,0.0,0.0,0.0,0.0,0.0,0.0,0.0,0.0,0.0,0.0,0.0,0.0,0.0,0.0,0.0,0.0,0.0,0.0,0.0,0.0,0.0,0.0,0.0,24
1025_2_Chlorotoluene.xyz,475.89961851916894,118.85037458320585,43.873772489704244,33.49418625686,21.295604827424352,9.295001971585402,8.083103857073331,2.582206741750624,-0.06012851708220327,-0.0693334989786975,-0.12914638328069053,-0.3426653804480415,-0.5425227812029105,-0.8343845064500401,-1.094565802475828,0.0,0.0,0.0,0.0,0.0,0.0,0.0,0.0,0.0,0.0,0.0,0.0,0.0,0.0,0.0,0.0,0.0,0.0,0.0,0.0,0.0,0.0,0.0,0.0,0.0,0.0,0.0,0.0,0.0,0.0,0.0,0.0,0.0,0.0,0.0,0.0,0.0,0.0,0.0,0.0,0.0,42
1026_2E_2_butenenitrile.xyz,118.57147160514546,50.71033103467998,23.33123452519061,9.538773067564223,3.2004221564216953,-0.06863476709939383,-0.06916877435826403,-0.2580925209949301,-0.642932522857481,-1.0222756061600464,0.0,0.0,0.0,0.0,0.0,0.0,0.0,0.0,0.0,0.0,0.0,0.0,0.0,0.0,0.0,0.0,0.0,0.0,0.0,0.0,0.0,0.0,0.0,0.0,0.0,0.0,0.0,0.0,0.0,0.0,0.0,0.0,0.0,0.0,0.0,0.0,0.0,0.0,0.0,0.0,0.0,0.0,0.0,0.0,0.0,0.0,26
1027_2_Ethoxy_2_methylpropane.xyz,160.43901935869184,48.39666652983519,30.678021088078573,24.203293335078563,24.02884024180012,11.843034002799905,6.814710027088492,0.037644002268424584,0.023826431748031743,-0.026263547525000135,-0.03233042133998012,-0.07191430268321673,-0.10975266840632958,-0.1340700643553368,-0.14744878406422204,-0.18529529562625308,-0.5161174813288654,-0.8137351241372989,-0.817000186866702,-0.945503237792627,-1.0002979868974387,0.0,0.0,0.0,0.0,0.0,0.0,0.0,0.0,0.0,0.0,0.0,0.0,0.0,0.0,0.0,0.0,0.0,0.0,0.0,0.0,0.0,0.0,0.0,0.0,0.0,0.0,0.0,0.0,0.0,0.0,0.0,0.0,0.0,0.0,0.0,44
1028_2_Ethoxyethanol.xyz,155.36900723086265,70.5726152141123,35.44997392598661,20.253943149751827,11.32576278955609,10.058376192642092,0.08704333091180219,-0.04137953198485379,-0.0678656453978694,-0.11418620117315105,-0.17354745251909257,-0.37389550329160265,-0.506276435345687,-0.5414872631679969,-0.8545893205290884,-0.977684243089805,0.0,0.0,0.0,0.0,0.0,0.0,0.0,0.0,0.0,0.0,0.0,0.0,0.0,0.0,0.0,0.0,0.0,0.0,0.0,0.0,0.0,0.0,0.0,0.0,0.0,0.0,0.0,0.0,0.0,0.0,0.0,0.0,0.0,0.0,0.0,0.0,0.0,0.0,0.0,0.0,38
1029_2_Ethoxyethyl_acetate.xyz,197.56017287558666,92.39752075275146,50.57411795536834,35.97383864520985,28.98680096386985,20.4126488128465,11.426282718084755,10.29128086905162,4.289189650825974,0.07199777937257103,-0.051030675447132655,-0.06585683719476841,-0.06785642573589871,-0.06932577123907788,-0.11442355552083464,-0.1724888385939972,-0.46668913675670787,-0.5238907849523605,-0.8446096699641146,-0.9299051799601943,-0.9790587916160576,0.0,0.0,0.0,0.0,0.0,0.0,0.0,0.0,0.0,0.0,0.0,0.0,0.0,0.0,0.0,0.0,0.0,0.0,0.0,0.0,0.0,0.0,0.0,0.0,0.0,0.0,0.0,0.0,0.0,0.0,0.0,0.0,0.0,0.0,0.0,54
1030_2_Ethylbutanol.xyz,148.9149046393067,57.12363812158015,41.31205953817724,24.3258621758325,14.23767520107614,13.221303953130022,7.478894971339349,0.02637062431960711,-0.00018300936787807157,-0.023762292443918333,-0.07513824540265387,-0.09431100804957984,-0.14440866554081716,-0.18245774371426066,-0.26398335506488124,-0.383798609067428,-0.5316025874526376,-0.5659559948723121,-0.7610381343363016,-0.9262203138285953,-1.022523349254721,0.0,0.0,0.0,0.0,0.0,0.0,0.0,0.0,0.0,0.0,0.0,0.0,0.0,0.0,0.0,0.0,0.0,0.0,0.0,0.0,0.0,0.0,0.0,0.0,0.0,0.0,0.0,0.0,0.0,0.0,0.0,0.0,0.0,0.0,0.0,44
1031_2_Ethylhexanol.xyz,160.90234265922817,71.30489913166835,47.55565108329518,35.34933939973485,23.013500184427414,14.26227548387933,13.752516653490026,9.979898334342638,7.6120215883203,0.13236782056894086,0.045507219732129664,-0.056816939654015804,-0.06963794124475234,-0.07159452290753641,-0.11223035655113925,-0.12647842867596767,-0.17237081913692706,-0.18421527235230367,-0.23136320644287825,-0.41156852091453416,-0.4523659600134583,-0.5381044299000436,-0.5888081749206882,-0.7138264553154993,-0.8089179290332382,-0.9693704074089137,-1.0211138789976664,0.0,0.0,0.0,0.0,0.0,0.0,0.0,0.0,0.0,0.0,0.0,0.0,0.0,0.0,0.0,0.0,0.0,0.0,0.0,0.0,0.0,0.0,0.0,0.0,0.0,0.0,0.0,0.0,0.0,56
1032_2_Ethylhexyl_acetate.xyz,202.9556698507398,91.04874923150908,57.558876134852426,43.82774170905337,34.37967332205177,29.142800021148535,22.517902760193316,15.339560384767656,14.43331826946463,10.099148715664331,7.043216778948093,4.248730250177083,0.1468093867028302,0.03401596766532432,-0.03263055706121792,-0.06583815830968154,-0.06834574711551912,-0.07260263761658849,-0.10269172603357372,-0.11832834955773366,-0.14514396957439096,-0.1512438706076501,-0.19142994000873367,-0.23204549930155735,-0.4141511319137586,-0.5432756914731405,-0.5883784778107581,-0.7056960329123093,-0.8041983457697189,-0.9240818016033112,-0.9726075638567604,-1.029081848531818,0.0,0.0,0.0,0.0,0.0,0.0,0.0,0.0,0.0,0.0,0.0,0.0,0.0,0.0,0.0,0.0,0.0,0.0,0.0,0.0,0.0,0.0,0.0,0.0,72
1033_2_Fluoro_2_methylbutane.xyz,162.9047616423245,48.01590746177243,34.080843193136666,24.208311596459424,15.236098083874527,6.618993223587661,0.04681208876791538,-0.009468541672592666,-0.03318843573456576,-0.07474630649399794,-0.12603311422634736,-0.1492586495489605,-0.1653100824383385,-0.525536977981397,-0.8161191239801806,-0.8778601649675882,-1.0105801418814413,0.0,0.0,0.0,0.0,0.0,0.0,0.0,0.0,0.0,0.0,0.0,0.0,0.0,0.0,0.0,0.0,0.0,0.0,0.0,0.0,0.0,0.0,0.0,0.0,0.0,0.0,0.0,0.0,0.0,0.0,0.0,0.0,0.0,0.0,0.0,0.0,0.0,0.0,0.0,38
1034_2_Fluoropropene.xyz,142.48082878592606,40.02422589538194,24.187176415860804,5.826582774636133,-0.008099926379666281,-0.06707410336113347,-0.10755297401639928,-0.7337501814487751,-0.9949213344530279,0.0,0.0,0.0,0.0,0.0,0.0,0.0,0.0,0.0,0.0,0.0,0.0,0.0,0.0,0.0,0.0,0.0,0.0,0.0,0.0,0.0,0.0,0.0,0.0,0.0,0.0,0.0,0.0,0.0,0.0,0.0,0.0,0.0,0.0,0.0,0.0,0.0,0.0,0.0,0.0,0.0,0.0,0.0,0.0,0.0,0.0,0.0,24
1035_2_Fluorotoluene.xyz,182.837841993975,68.38981351020318,43.27910066140027,28.586777410739657,20.610590750845443,8.800563776193913,7.552207555686246,2.121443763108718,-0.06248282670008703,-0.0691344716774907,-0.13404107772831658,-0.354870057306975,-0.548987972600853,-0.8340020435291859,-1.1349848227599373,0.0,0.0,0.0,0.0,0.0,0.0,0.0,0.0,0.0,0.0,0.0,0.0,0.0,0.0,0.0,0.0,0.0,0.0,0.0,0.0,0.0,0.0,0.0,0.0,0.0,0.0,0.0,0.0,0.0,0.0,0.0,0.0,0.0,0.0,0.0,0.0,0.0,0.0,0.0,0.0,0.0,42
1036_2_Heptanol.xyz,152.70984622901898,70.40601086838691,38.57086351397982,31.619839254558073,20.747657300563162,13.248174566455141,9.776646918310918,8.063291398854641,0.15877920247026636,-0.0006906775242063994,-0.06141882874646074,-0.06917995116822441,-0.08484455322573642,-0.1267915272476952,-0.16121158984298067,-0.1771129964597931,-0.2339036373984921,-0.3624906625635928,-0.49335064958084496,-0.5589728608627433,-0.6639659684009329,-0.8253141740229116,-0.9409032748901791,-1.017526784871309,0.0,0.0,0.0,0.0,0.0,0.0,0.0,0.0,0.0,0.0,0.0,0.0,0.0,0.0,0.0,0.0,0.0,0.0,0.0,0.0,0.0,0.0,0.0,0.0,0.0,0.0,0.0,0.0,0.0,0.0,0.0,0.0,50
1037_2_Heptanone.xyz,154.64753169732904,71.76950749696155,38.00745264598635,30.41476573792264,20.737573225533144,12.956426952159022,9.698072425343254,5.122944655726516,0.15291332097764704,-0.015200465614649297,-0.06407608023523277,-0.069479269414528,-0.08790192454247196,-0.12781248388847785,-0.164966197644576,-0.1782269082936842,-0.3372318478731079,-0.516935021566416,-0.6536883122329433,-0.8256105732692336,-0.9256405423778556,-1.0169874151940983,0.0,0.0,0.0,0.0,0.0,0.0,0.0,0.0,0.0,0.0,0.0,0.0,0.0,0.0,0.0,0.0,0.0,0.0,0.0,0.0,0.0,0.0,0.0,0.0,0.0,0.0,0.0,0.0,0.0,0.0,0.0,0.0,0.0,0.0,48
1038_2_Mercaptoethanol.xyz,405.0437747268219,95.35609382914733,28.157747017194875,11.415386782257771,0.11302267904831725,0.01232818491503277,-0.13698853438547037,-0.3433244657089651,-0.5242595023157449,-0.8374345716508819,0.0,0.0,0.0,0.0,0.0,0.0,0.0,0.0,0.0,0.0,0.0,0.0,0.0,0.0,0.0,0.0,0.0,0.0,0.0,0.0,0.0,0.0,0.0,0.0,0.0,0.0,0.0,0.0,0.0,0.0,0.0,0.0,0.0,0.0,0.0,0.0,0.0,0.0,0.0,0.0,0.0,0.0,0.0,0.0,0.0,0.0,26
1039_2_Methoxyethanol.xyz,150.179480822278,63.04042824990441,25.10868646149103,16.58039150919052,9.553443773194259,0.019035603115738563,-0.061197899803401436,-0.07440492387480413,-0.13745316109175698,-0.3298119357079226,-0.539308938707987,-0.8219714847941045,-0.9096130372957368,0.0,0.0,0.0,0.0,0.0,0.0,0.0,0.0,0.0,0.0,0.0,0.0,0.0,0.0,0.0,0.0,0.0,0.0,0.0,0.0,0.0,0.0,0.0,0.0,0.0,0.0,0.0,0.0,0.0,0.0,0.0,0.0,0.0,0.0,0.0,0.0,0.0,0.0,0.0,0.0,0.0,0.0,0.0,32
1040_2_Methoxyphenol.xyz,195.83472356406634,66.29078547485075,59.62635426368502,30.6823799628874,25.440441774162366,16.857745797058485,8.547996628216074,7.408860157244746,2.003186168807549,-0.06217597758881649,-0.0732356171357575,-0.12541660949290093,-0.35541553871926745,-0.509286906591107,-0.5544931124168904,-0.8629400328221014,-1.1093841606097554,0.0,0.0,0.0,0.0,0.0,0.0,0.0,0.0,0.0,0.0,0.0,0.0,0.0,0.0,0.0,0.0,0.0,0.0,0.0,0.0,0.0,0.0,0.0,0.0,0.0,0.0,0.0,0.0,0.0,0.0,0.0,0.0,0.0,0.0,0.0,0.0,0.0,0.0,0.0,48
1041_2_Methyl_13_pentanediol.xyz,172.59939379453618,72.87348806091752,43.261351820881195,37.17445760586934,19.920792049900584,17.15130823049917,10.566073667454432,6.790218765775646,0.015593474420696375,-0.024873925059574187,-0.06793671418579597,-0.08393727221347203,-0.11205840344606122,-0.14309272011238688,-0.23714695228781324,-0.37128736718614924,-0.4114796783934408,-0.48591896032932697,-0.5793620071082378,-0.7489149997423544,-0.9131381403826277,-0.9915096936314538,0.0,0.0,0.0,0.0,0.0,0.0,0.0,0.0,0.0,0.0,0.0,0.0,0.0,0.0,0.0,0.0,0.0,0.0,0.0,0.0,0.0,0.0,0.0,0.0,0.0,0.0,0.0,0.0,0.0,0.0,0.0,0.0,0.0,0.0,50
1042_2_Methyl_1_butanol.xyz,139.45983270933587,56.35917660114329,30.64439955867993,20.55523477558294,13.17131327129674,7.837326093434491,0.07685359970544663,-0.012358085867918454,-0.07403494704370768,-0.09580835960310428,-0.1382611812306973,-0.16583419285641904,-0.2521178119459613,-0.38774750493220245,-0.5476280915133178,-0.744455288074155,-0.863287017775865,-1.0153834113953752,0.0,0.0,0.0,0.0,0.0,0.0,0.0,0.0,0.0,0.0,0.0,0.0,0.0,0.0,0.0,0.0,0.0,0.0,0.0,0.0,0.0,0.0,0.0,0.0,0.0,0.0,0.0,0.0,0.0,0.0,0.0,0.0,0.0,0.0,0.0,0.0,0.0,0.0,38
1043_2_Methyl_1_propanol.xyz,130.4523429329875,49.44206554704043,24.258472041750363,17.01808001083193,8.29574037788883,0.0648185876418351,-0.02889809966936889,-0.0880261369524769,-0.12921398925354574,-0.14176989377691443,-0.24896381012874697,-0.45002709513918066,-0.6984058604471634,-0.808252447451616,-0.9888466478080808,0.0,0.0,0.0,0.0,0.0,0.0,0.0,0.0,0.0,0.0,0.0,0.0,0.0,0.0,0.0,0.0,0.0,0.0,0.0,0.0,0.0,0.0,0.0,0.0,0.0,0.0,0.0,0.0,0.0,0.0,0.0,0.0,0.0,0.0,0.0,0.0,0.0,0.0,0.0,0.0,0.0,32
1044_2tertbutoxy2methylpropane.xyz,182.3460094875719,55.96855325982108,35.40759549201013,26.563651476476817,24.921797183483427,22.109329293241764,21.791768612273952,8.056661283451879,6.356495525701336,0.07826432463870396,0.041019247631548274,0.006701887548891594,-0.009396619107305588,-0.050651812041003885,-0.06523114549502079,-0.1291751813445086,-0.1364987383019551,-0.15175067408219253,-0.16344884905610135,-0.16849382610800703,-0.17130943063311269,-0.8018608403492448,-0.8091620994298888,-0.8294328922439678,-0.8320574536189701,-0.9732493773147993,-0.9745918195076437,0.0,0.0,0.0,0.0,0.0,0.0,0.0,0.0,0.0,0.0,0.0,0.0,0.0,0.0,0.0,0.0,0.0,0.0,0.0,0.0,0.0,0.0,0.0,0.0,0.0,0.0,0.0,0.0,0.0,56
1045_2_Methyl_24_pentanediol.xyz,175.9361158750878,74.43098142696424,36.69171313098316,30.845747560963883,24.205195126900293,22.061808015014808,9.569023359984248,6.5638404437779965,0.05000031773354606,-0.007827433653587432,-0.03267288647469092,-0.07476734172945645,-0.12110489716886651,-0.13277143231745658,-0.15182339320454127,-0.2811982722864983,-0.4878426687230067,-0.5188911937201606,-0.6660389630922922,-0.8125284481708757,-0.907345369253956,-0.9775923214383408,0.0,0.0,0.0,0.0,0.0,0.0,0.0,0.0,0.0,0.0,0.0,0.0,0.0,0.0,0.0,0.0,0.0,0.0,0.0,0.0,0.0,0.0,0.0,0.0,0.0,0.0,0.0,0.0,0.0,0.0,0.0,0.0,0.0,0.0,50
1046_2_Methyl_2_nitropropane.xyz,190.57376117580566,55.56325736467033,44.964430368160265,24.210870867885124,23.225400978665675,12.19161988362948,4.660674341724952,0.03141509585608019,-0.02753757952727787,-0.036546072230185286,-0.12954951989066468,-0.13107242014063752,-0.15563836949202012,-0.8198911244636954,-0.8202566664086758,-0.9764206870918816,0.0,0.0,0.0,0.0,0.0,0.0,0.0,0.0,0.0,0.0,0.0,0.0,0.0,0.0,0.0,0.0,0.0,0.0,0.0,0.0,0.0,0.0,0.0,0.0,0.0,0.0,0.0,0.0,0.0,0.0,0.0,0.0,0.0,0.0,0.0,0.0,0.0,0.0,0.0,0.0,42
1047_2Methyl5propan2ylphenol.xyz,192.32713681299356,74.91819767331094,51.788592724871705,36.407655767458834,27.509163548254158,24.22307145629652,19.627312847210213,11.669789791417045,8.630158479275153,5.645402450494941,1.9984787525387433,0.020794526074398228,-0.034940673656871125,-0.06447902276341046,-0.06770062713824451,-0.10705926689423771,-0.13204641108863455,-0.2840386665554482,-0.33033883593246216,-0.45004948732137867,-0.566207844598039,-0.761048631969277,-0.8091997201482888,-0.9464704415408698,-1.1144284865194076,0.0,0.0,0.0,0.0,0.0,0.0,0.0,0.0,0.0,0.0,0.0,0.0,0.0,0.0,0.0,0.0,0.0,0.0,0.0,0.0,0.0,0.0,0.0,0.0,0.0,0.0,0.0,0.0,0.0,0.0,0.0,60
1048_2_Methylaniline.xyz,161.28821555930818,51.55688824500548,42.53297969630634,25.68146723029637,20.171656390536292,8.792045139347616,7.558536053943621,2.3219146718950636,-0.02719962792986253,-0.0655712857861614,-0.13365814820352184,-0.1502452023018595,-0.3480313807907572,-0.5403565119852798,-0.7768322344768752,-0.8284309380391014,-1.1679338613160002,0.0,0.0,0.0,0.0,0.0,0.0,0.0,0.0,0.0,0.0,0.0,0.0,0.0,0.0,0.0,0.0,0.0,0.0,0.0,0.0,0.0,0.0,0.0,0.0,0.0,0.0,0.0,0.0,0.0,0.0,0.0,0.0,0.0,0.0,0.0,0.0,0.0,0.0,0.0,42
1049_2_Methylbenzofuran.xyz,195.98862487525997,69.21276632079858,43.812474643831145,33.99722745195806,27.061893534923833,19.536018053241744,9.013066910245282,7.561562214492888,4.728023789503196,2.0661965534431332,-0.06658023107521532,-0.07100933302517722,-0.12649841200175993,-0.3459312286197724,-0.5104447341210768,-0.5953469411671003,-0.9258739297468576,-1.09652802329693,0.0,0.0,0.0,0.0,0.0,0.0,0.0,0.0,0.0,0.0,0.0,0.0,0.0,0.0,0.0,0.0,0.0,0.0,0.0,0.0,0.0,0.0,0.0,0.0,0.0,0.0,0.0,0.0,0.0,0.0,0.0,0.0,0.0,0.0,0.0,0.0,0.0,0.0,50
1050_2_Methyl_1_benzothiophene.xyz,433.3629704749196,120.09432402497353,57.99830156435111,35.76610326280266,33.00382429990957,19.91475710270021,9.654995386026979,9.18904029725446,6.011377243134984,2.37269397490559,-0.06686317847923601,-0.07103748388820107,-0.12056086887430882,-0.3310845936227039,-0.5058566521751935,-0.5771138680001608,-0.8791795949433654,-1.070303569500253,0.0,0.0,0.0,0.0,0.0,0.0,0.0,0.0,0.0,0.0,0.0,0.0,0.0,0.0,0.0,0.0,0.0,0.0,0.0,0.0,0.0,0.0,0.0,0.0,0.0,0.0,0.0,0.0,0.0,0.0,0.0,0.0,0.0,0.0,0.0,0.0,0.0,0.0,50
1051_2_Methylbutyraldehyde.xyz,141.15410301261116,57.49352496650845,31.6813516676804,18.310777894654187,11.106073270828713,6.592570217641143,0.029449806165369467,-0.02586876353828355,-0.08350158826519123,-0.11111866821679213,-0.16031942884564754,-0.24870994513530115,-0.4705931510563955,-0.5872405916019007,-0.8594645580985624,-1.013813424391421,0.0,0.0,0.0,0.0,0.0,0.0,0.0,0.0,0.0,0.0,0.0,0.0,0.0,0.0,0.0,0.0,0.0,0.0,0.0,0.0,0.0,0.0,0.0,0.0,0.0,0.0,0.0,0.0,0.0,0.0,0.0,0.0,0.0,0.0,0.0,0.0,0.0,0.0,0.0,0.0,36
1052_2_Methylfuran.xyz,157.37967901768315,38.13955685894106,37.208821020688575,19.464891758347832,6.465501803763514,4.7163604854983845,-0.06632212893128432,-0.06836580248105051,-0.18889802539810183,-0.48337577683893324,-0.8104257246261827,-0.9502027697070832,0.0,0.0,0.0,0.0,0.0,0.0,0.0,0.0,0.0,0.0,0.0,0.0,0.0,0.0,0.0,0.0,0.0,0.0,0.0,0.0,0.0,0.0,0.0,0.0,0.0,0.0,0.0,0.0,0.0,0.0,0.0,0.0,0.0,0.0,0.0,0.0,0.0,0.0,0.0,0.0,0.0,0.0,0.0,0.0,32
1053_2_Methylpropanoic_acid.xyz,165.0106768936681,49.63995576563678,45.84657143720886,23.878883354581557,12.921167387841642,4.08093879645078,0.005445986324879814,-0.03689916157180607,-0.10827207384185962,-0.13134293083743515,-0.31208345719164754,-0.5308147444374152,-0.8142802704997538,-0.9841367460084975,0.0,0.0,0.0,0.0,0.0,0.0,0.0,0.0,0.0,0.0,0.0,0.0,0.0,0.0,0.0,0.0,0.0,0.0,0.0,0.0,0.0,0.0,0.0,0.0,0.0,0.0,0.0,0.0,0.0,0.0,0.0,0.0,0.0,0.0,0.0,0.0,0.0,0.0,0.0,0.0,0.0,0.0,36
1054_2_Methylpropenal.xyz,134.32935337919267,50.30402195705014,24.01552725693278,13.0195094491252,4.645429893064632,-0.010743688757675411,-0.06842039326391668,-0.11293922544320914,-0.45638599739699226,-0.7291954882971569,-0.9870416246924261,0.0,0.0,0.0,0.0,0.0,0.0,0.0,0.0,0.0,0.0,0.0,0.0,0.0,0.0,0.0,0.0,0.0,0.0,0.0,0.0,0.0,0.0,0.0,0.0,0.0,0.0,0.0,0.0,0.0,0.0,0.0,0.0,0.0,0.0,0.0,0.0,0.0,0.0,0.0,0.0,0.0,0.0,0.0,0.0,0.0,28
1055_2_Methylpropyl_2_methylpropanoate.xyz,199.21989182370123,71.06100896422271,50.96074723285917,43.44145749546541,24.750799359211,23.68036119896675,17.97262183054819,12.30023420632977,8.38108276124844,3.6531038360953896,0.05765761864178473,0.007604729889201724,-0.03264328195009079,-0.036016286717183786,-0.09467497708613289,-0.10630755463160983,-0.12992996403599003,-0.13755578070013608,-0.14693876338140568,-0.2694402506072519,-0.34323546628978463,-0.6904134638957463,-0.8062405424967906,-0.8164596522859088,-0.983718671409457,-0.9947653666636986,0.0,0.0,0.0,0.0,0.0,0.0,0.0,0.0,0.0,0.0,0.0,0.0,0.0,0.0,0.0,0.0,0.0,0.0,0.0,0.0,0.0,0.0,0.0,0.0,0.0,0.0,0.0,0.0,0.0,0.0,60
1056_2_Methylpyridine.xyz,154.22413153261482,44.300830691260074,39.267428155886435,22.288365118692823,10.173339566108815,8.132717725779166,2.693724684701142,-0.06056803370783512,-0.06864540308755358,-0.12152363542885355,-0.33882692874508624,-0.5398688350431499,-0.835768791607555,-1.1079972510396345,0.0,0.0,0.0,0.0,0.0,0.0,0.0,0.0,0.0,0.0,0.0,0.0,0.0,0.0,0.0,0.0,0.0,0.0,0.0,0.0,0.0,0.0,0.0,0.0,0.0,0.0,0.0,0.0,0.0,0.0,0.0,0.0,0.0,0.0,0.0,0.0,0.0,0.0,0.0,0.0,0.0,0.0,36
1057_2_Methylquinoline.xyz,193.6600671419991,69.89691831388376,47.117424269874576,35.859897144497786,28.73248328113414,21.69665167699456,11.572672830627562,8.508116336229019,7.647563796656954,4.463140984775787,1.5531735051873177,-0.0675544222401233,-0.06800183827857603,-0.12254557025423853,-0.2668289724486506,-0.34152875968456736,-0.5583974376872315,-0.7275223772489067,-0.9167084384398255,-1.199262071490978,0.0,0.0,0.0,0.0,0.0,0.0,0.0,0.0,0.0,0.0,0.0,0.0,0.0,0.0,0.0,0.0,0.0,0.0,0.0,0.0,0.0,0.0,0.0,0.0,0.0,0.0,0.0,0.0,0.0,0.0,0.0,0.0,0.0,0.0,0.0,0.0,54
1058_2_Methyltetrahydrofuran.xyz,153.3894619241014,38.28421199247718,37.491704218855546,19.384403011210377,9.664714107138941,8.059355723091015,0.08569287871206455,-0.051065559432305306,-0.07041114831232216,-0.11108156320174495,-0.17287019581734414,-0.2479420462562466,-0.4108230559198668,-0.6568512291559967,-0.8763320579871706,-0.9549462825637216,0.0,0.0,0.0,0.0,0.0,0.0,0.0,0.0,0.0,0.0,0.0,0.0,0.0,0.0,0.0,0.0,0.0,0.0,0.0,0.0,0.0,0.0,0.0,0.0,0.0,0.0,0.0,0.0,0.0,0.0,0.0,0.0,0.0,0.0,0.0,0.0,0.0,0.0,0.0,0.0,36
1059_2_Methylthiacyclopentane.xyz,418.0296354578169,80.3581890867183,39.23235435790934,21.626243222788894,12.6469772862559,8.811947624068097,0.06635945253851147,-0.046233561648186615,-0.0717924847745292,-0.12503127047476192,-0.13791390147538643,-0.24726135157457238,-0.41207787917622424,-0.6287224987979252,-0.8463847962724566,-0.9423217201102259,0.0,0.0,0.0,0.0,0.0,0.0,0.0,0.0,0.0,0.0,0.0,0.0,0.0,0.0,0.0,0.0,0.0,0.0,0.0,0.0,0.0,0.0,0.0,0.0,0.0,0.0,0.0,0.0,0.0,0.0,0.0,0.0,0.0,0.0,0.0,0.0,0.0,0.0,0.0,0.0,36
1060_2_Nitropropane.xyz,179.99500800785805,50.34368900834983,43.63764722298254,24.301123980954817,13.227223450243654,5.378357782722406,0.0005194872933637706,-0.03556110515837254,-0.10561422956323369,-0.12957354084654343,-0.3386135822906651,-0.818380068535292,-0.9894139762840415,0.0,0.0,0.0,0.0,0.0,0.0,0.0,0.0,0.0,0.0,0.0,0.0,0.0,0.0,0.0,0.0,0.0,0.0,0.0,0.0,0.0,0.0,0.0,0.0,0.0,0.0,0.0,0.0,0.0,0.0,0.0,0.0,0.0,0.0,0.0,0.0,0.0,0.0,0.0,0.0,0.0,0.0,0.0,36
1061_2_Octanol.xyz,157.56804380930902,77.80386657230454,44.15275541887653,33.128650796811,25.308752846223985,16.642085357195594,11.574728899256964,9.463434487711117,8.06151339483405,0.179772498593983,0.02578346042725522,-0.05932263692803751,-0.06553705322571059,-0.06895520086332688,-0.1150741294482599,-0.1385344683119563,-0.16737860777502447,-0.18298173588442218,-0.22991639471971528,-0.3402484314817787,-0.4679091622711564,-0.5357865364409196,-0.6042997509020194,-0.718746940147216,-0.86084871320506,-0.9518480844967815,-1.0204633802248495,0.0,0.0,0.0,0.0,0.0,0.0,0.0,0.0,0.0,0.0,0.0,0.0,0.0,0.0,0.0,0.0,0.0,0.0,0.0,0.0,0.0,0.0,0.0,0.0,0.0,0.0,0.0,0.0,0.0,56
1062_2_Octanone.xyz,159.30271331959847,79.24460633827448,44.17560081714132,31.408686244134064,25.40684448454032,16.4757698371961,11.342135388627733,9.436008771070464,5.123130341171327,0.17580713099327808,0.012517739926815446,-0.06440514440620107,-0.0686070193554484,-0.06897543839271279,-0.11663437674592302,-0.13986277130793207,-0.17074610971975424,-0.18365268809172536,-0.311489700375274,-0.4772796402241172,-0.5879901380792366,-0.7152295928871304,-0.8585479327522754,-0.9386846158107973,-1.0201789293078962,0.0,0.0,0.0,0.0,0.0,0.0,0.0,0.0,0.0,0.0,0.0,0.0,0.0,0.0,0.0,0.0,0.0,0.0,0.0,0.0,0.0,0.0,0.0,0.0,0.0,0.0,0.0,0.0,0.0,0.0,0.0,54
1063_2_Oxetanone.xyz,161.03809220946187,52.6091486038537,29.342128520793036,14.02184868815158,4.085695287034759,0.015298511140677915,-0.13262101274069912,-0.4680279408660356,-0.9038578289305609,0.0,0.0,0.0,0.0,0.0,0.0,0.0,0.0,0.0,0.0,0.0,0.0,0.0,0.0,0.0,0.0,0.0,0.0,0.0,0.0,0.0,0.0,0.0,0.0,0.0,0.0,0.0,0.0,0.0,0.0,0.0,0.0,0.0,0.0,0.0,0.0,0.0,0.0,0.0,0.0,0.0,0.0,0.0,0.0,0.0,0.0,0.0,28
1064_2_Pentanethiol.xyz,409.95858109323706,86.53162593739535,41.63224404255127,22.12434771738805,12.488501548472216,9.186869690595257,0.13616922954966493,0.09881397935863778,-0.055690421544484545,-0.06943931023288105,-0.09861479339505674,-0.13760038060404042,-0.16355249107387043,-0.2866293362127705,-0.4559660399329453,-0.6934298726066752,-0.8866970319777717,-0.9955665371753969,0.0,0.0,0.0,0.0,0.0,0.0,0.0,0.0,0.0,0.0,0.0,0.0,0.0,0.0,0.0,0.0,0.0,0.0,0.0,0.0,0.0,0.0,0.0,0.0,0.0,0.0,0.0,0.0,0.0,0.0,0.0,0.0,0.0,0.0,0.0,0.0,0.0,0.0,38
1065_2_Pentanone.xyz,143.22078104601226,53.15170323721775,31.0476450328714,22.056195696970892,11.62542049771313,5.1305059034783635,0.08366428908138768,-0.0633227192368672,-0.0635605052607576,-0.07114593556510744,-0.1396103864332139,-0.1620041648485206,-0.4217248245069625,-0.6880855110898182,-0.8934370108103995,-1.0058039286535343,0.0,0.0,0.0,0.0,0.0,0.0,0.0,0.0,0.0,0.0,0.0,0.0,0.0,0.0,0.0,0.0,0.0,0.0,0.0,0.0,0.0,0.0,0.0,0.0,0.0,0.0,0.0,0.0,0.0,0.0,0.0,0.0,0.0,0.0,0.0,0.0,0.0,0.0,0.0,0.0,36
1066_2_Phenylethanol.xyz,168.4714766227234,78.79329777065115,40.37106018516199,35.50178280752643,22.355545688749103,12.115597489255627,9.66552185204156,7.707332462310962,2.8385220390481716,0.008310538928439033,-0.09413688100598586,-0.13887140295613107,-0.2579497983915118,-0.3489750225489357,-0.45327951768175356,-0.5528707995178795,-0.5961580496184163,-0.8520029063511205,-1.1526667631072751,0.0,0.0,0.0,0.0,0.0,0.0,0.0,0.0,0.0,0.0,0.0,0.0,0.0,0.0,0.0,0.0,0.0,0.0,0.0,0.0,0.0,0.0,0.0,0.0,0.0,0.0,0.0,0.0,0.0,0.0,0.0,0.0,0.0,0.0,0.0,0.0,0.0,48
1067_2_Propan_2_ylphenol.xyz,187.45349784581413,59.634477831180995,59.00637542069324,31.02327178146037,25.578017546253317,23.893658543126865,12.39385720846535,8.115784217259858,7.041650565511694,2.103951118624746,0.019265575235165967,-0.0394088555000709,-0.10922690046633328,-0.11639481618985274,-0.14457970627050246,-0.3202988073477724,-0.36142396687847334,-0.5084118401203401,-0.5542678540988322,-0.8115243489020872,-0.9358067485440925,-1.122822294663751,0.0,0.0,0.0,0.0,0.0,0.0,0.0,0.0,0.0,0.0,0.0,0.0,0.0,0.0,0.0,0.0,0.0,0.0,0.0,0.0,0.0,0.0,0.0,0.0,0.0,0.0,0.0,0.0,0.0,0.0,0.0,0.0,0.0,0.0,54
1068_2_Propan_2_ylsulfanylpropane.xyz,422.0050610296222,76.73181417250842,52.47308887961055,24.237921189231972,24.009074808227616,10.777552371277427,10.578949130031823,0.031488746640241906,0.02285605923362354,-0.017844019974868622,-0.04461262903819889,-0.10262612305900068,-0.11163461951095648,-0.13138995972890935,-0.13328806574854363,-0.2916925555192711,-0.3514466042244271,-0.811835104021359,-0.8118898909409508,-0.9420116517710106,-0.9454629396288878,0.0,0.0,0.0,0.0,0.0,0.0,0.0,0.0,0.0,0.0,0.0,0.0,0.0,0.0,0.0,0.0,0.0,0.0,0.0,0.0,0.0,0.0,0.0,0.0,0.0,0.0,0.0,0.0,0.0,0.0,0.0,0.0,0.0,0.0,0.0,44
1069_2_Propanethiol.xyz,404.56580483344726,65.33686228234255,24.256859636069343,10.638124911758368,0.1557270559895657,-0.03072331601763256,-0.04383519271035243,-0.10588358489392179,-0.13137234146484159,-0.28964677023430707,-0.8103734812938161,-0.9437874080523099,0.0,0.0,0.0,0.0,0.0,0.0,0.0,0.0,0.0,0.0,0.0,0.0,0.0,0.0,0.0,0.0,0.0,0.0,0.0,0.0,0.0,0.0,0.0,0.0,0.0,0.0,0.0,0.0,0.0,0.0,0.0,0.0,0.0,0.0,0.0,0.0,0.0,0.0,0.0,0.0,0.0,0.0,0.0,0.0,26
1070_2_Propyn_1_ol.xyz,119.92955974457945,46.46546793654956,17.189758460970385,4.426818746411251,-0.06478095436629142,-0.35144415831196457,-0.5910377679638531,-0.9133316897804331,0.0,0.0,0.0,0.0,0.0,0.0,0.0,0.0,0.0,0.0,0.0,0.0,0.0,0.0,0.0,0.0,0.0,0.0,0.0,0.0,0.0,0.0,0.0,0.0,0.0,0.0,0.0,0.0,0.0,0.0,0.0,0.0,0.0,0.0,0.0,0.0,0.0,0.0,0.0,0.0,0.0,0.0,0.0,0.0,0.0,0.0,0.0,0.0,22
1071_2S_1_bromo_2_methylbutane.xyz,2549.802644550679,101.24341714097565,35.116807135890795,23.36145647670276,15.17497699506566,8.245048370353354,0.04791296390202317,-0.006976351767873698,-0.06947939204918088,-0.076169211914962,-0.13918229403286936,-0.16632195623292564,-0.2682921720140607,-0.540561463374582,-0.6461331781943872,-0.8709152727372297,-1.0048686823507658,0.0,0.0,0.0,0.0,0.0,0.0,0.0,0.0,0.0,0.0,0.0,0.0,0.0,0.0,0.0,0.0,0.0,0.0,0.0,0.0,0.0,0.0,0.0,0.0,0.0,0.0,0.0,0.0,0.0,0.0,0.0,0.0,0.0,0.0,0.0,0.0,0.0,0.0,0.0,38
1072_2R_2_butanol.xyz,132.6968050185973,42.40934961706932,30.59128892644513,15.565489047405867,8.193523868943336,0.04915939885973129,-0.058720296926056174,-0.06954641651462572,-0.07765469527894446,-0.15754679420990333,-0.2455740971774288,-0.49065437593735145,-0.5769847538044918,-0.8723361582167851,-1.007482771741134,0.0,0.0,0.0,0.0,0.0,0.0,0.0,0.0,0.0,0.0,0.0,0.0,0.0,0.0,0.0,0.0,0.0,0.0,0.0,0.0,0.0,0.0,0.0,0.0,0.0,0.0,0.0,0.0,0.0,0.0,0.0,0.0,0.0,0.0,0.0,0.0,0.0,0.0,0.0,0.0,0.0,32
1073_2R3R_23_butanediol.xyz,162.09038138118547,57.57235027282129,31.256185925915663,31.045916883464646,14.505056514569805,6.690058002577241,0.004455347787968375,-0.05941082002377198,-0.06635613412614397,-0.07747955171844814,-0.21044388827424468,-0.37140054955920093,-0.5116821221181828,-0.5698713396942421,-0.871331566564894,-0.9606181189186509,0.0,0.0,0.0,0.0,0.0,0.0,0.0,0.0,0.0,0.0,0.0,0.0,0.0,0.0,0.0,0.0,0.0,0.0,0.0,0.0,0.0,0.0,0.0,0.0,0.0,0.0,0.0,0.0,0.0,0.0,0.0,0.0,0.0,0.0,0.0,0.0,0.0,0.0,0.0,0.0,38
1074_2R3S_23_butanediol.xyz,161.78898172046252,57.49875726204551,34.95303295729749,27.441107717207093,14.745425562282383,6.742991427507234,-0.0010600468474124814,-0.03274293743578097,-0.08439944040462148,-0.11545368565372562,-0.2122388152406114,-0.33905146660306834,-0.5261082220063541,-0.5577143813099019,-0.856723382746041,-0.9789940312303593,0.0,0.0,0.0,0.0,0.0,0.0,0.0,0.0,0.0,0.0,0.0,0.0,0.0,0.0,0.0,0.0,0.0,0.0,0.0,0.0,0.0,0.0,0.0,0.0,0.0,0.0,0.0,0.0,0.0,0.0,0.0,0.0,0.0,0.0,0.0,0.0,0.0,0.0,0.0,0.0,38
1075_2S5R_25_dimethyltetrahydrofuran.xyz,163.945738412533,43.705945971972724,38.152395215439796,26.87707429489577,16.000146283455717,8.299542138136372,7.838476346341243,0.0784211919460617,-0.05174121736286555,-0.06458304467079219,-0.07655579795145935,-0.09647504834868281,-0.167463256865388,-0.20985394008455682,-0.3448563907342066,-0.5332449186016173,-0.8006026583752754,-0.92282841774206,-0.9642092476179501,0.0,0.0,0.0,0.0,0.0,0.0,0.0,0.0,0.0,0.0,0.0,0.0,0.0,0.0,0.0,0.0,0.0,0.0,0.0,0.0,0.0,0.0,0.0,0.0,0.0,0.0,0.0,0.0,0.0,0.0,0.0,0.0,0.0,0.0,0.0,0.0,0.0,42
1076_2tertbutyldisulfanyl2methylpropane.xyz,554.4716104633981,267.74875223906116,85.67772999574592,64.7220304896851,25.62047799196163,24.476090192943794,23.6658567518837,22.32109101753093,8.91180600059943,8.326257636768286,0.06149955239385764,0.036583029487215084,0.012121963657378308,-0.019125120022022185,-0.03955488656353522,-0.08237870491461788,-0.11369592353493692,-0.12632210892841803,-0.13200858294980822,-0.14564104998113148,-0.16005020881235832,-0.174147113621767,-0.8014510470343867,-0.8097974150920227,-0.8152577463636477,-0.828568478841031,-0.9286795594224926,-0.9635057303034992,0.0,0.0,0.0,0.0,0.0,0.0,0.0,0.0,0.0,0.0,0.0,0.0,0.0,0.0,0.0,0.0,0.0,0.0,0.0,0.0,0.0,0.0,0.0,0.0,0.0,0.0,0.0,0.0,62
1077_2_tert_butylphenol.xyz,197.76416682819928,64.5531068605344,59.89652159646475,31.562006706710847,25.706340830445768,24.213156149571386,23.15144883619045,11.21709427903128,8.041492621499835,6.573750189878488,2.106308583122825,0.04633020608737441,-0.025788469864418045,-0.05059509356652547,-0.11341264974779275,-0.1312180478745499,-0.15454504720046033,-0.15857147279794606,-0.35599795365070697,-0.511927666624632,-0.5549359406973357,-0.8147687901902726,-0.8181084589219639,-0.9319873946373312,-1.1121199878932504,0.0,0.0,0.0,0.0,0.0,0.0,0.0,0.0,0.0,0.0,0.0,0.0,0.0,0.0,0.0,0.0,0.0,0.0,0.0,0.0,0.0,0.0,0.0,0.0,0.0,0.0,0.0,0.0,0.0,0.0,0.0,60
1078_2_tert_butylsulfanyl_2_methylpropane.xyz,431.47054390077903,92.60577555342707,60.47462689752493,26.17089038082694,25.10096808589361,22.469738126105813,22.152264176283712,9.111231548026325,8.377882344077058,0.08568556659532893,0.03497525488268806,0.015495816397493211,-0.015518806299302464,-0.04183676616699776,-0.07278452995207349,-0.12811235473966506,-0.13444891406562623,-0.15075985540738923,-0.15717330196162632,-0.16287739058011433,-0.17544458726121615,-0.7995705824328827,-0.8066632330426634,-0.8234071047507663,-0.8293994165681601,-0.9174851443255396,-0.9663130411965628,0.0,0.0,0.0,0.0,0.0,0.0,0.0,0.0,0.0,0.0,0.0,0.0,0.0,0.0,0.0,0.0,0.0,0.0,0.0,0.0,0.0,0.0,0.0,0.0,0.0,0.0,0.0,0.0,0.0,56
1079_2_Ethenylfuran.xyz,166.25603359119208,50.51194915297372,37.34783839781645,25.144775425507085,11.30733916851823,6.194315533576818,3.766637464267748,-0.041770231837892566,-0.1854022704299053,-0.32468005012325835,-0.5024108662003044,-0.8208022686976592,-0.9884971301973194,0.0,0.0,0.0,0.0,0.0,0.0,0.0,0.0,0.0,0.0,0.0,0.0,0.0,0.0,0.0,0.0,0.0,0.0,0.0,0.0,0.0,0.0,0.0,0.0,0.0,0.0,0.0,0.0,0.0,0.0,0.0,0.0,0.0,0.0,0.0,0.0,0.0,0.0,0.0,0.0,0.0,0.0,0.0,36
1080_2Z_2_butenenitrile.xyz,120.27187137374611,48.22182470976108,24.232423117741806,9.608521150109837,2.963459371661002,-0.05327319446871881,-0.06902491843349394,-0.21629232098438264,-0.6423226174083964,-1.0260584741930396,0.0,0.0,0.0,0.0,0.0,0.0,0.0,0.0,0.0,0.0,0.0,0.0,0.0,0.0,0.0,0.0,0.0,0.0,0.0,0.0,0.0,0.0,0.0,0.0,0.0,0.0,0.0,0.0,0.0,0.0,0.0,0.0,0.0,0.0,0.0,0.0,0.0,0.0,0.0,0.0,0.0,0.0,0.0,0.0,0.0,0.0,26
1081_333_Trifluoropropene.xyz,222.66565308686725,60.60086968196352,60.00146649479679,45.91392649093172,12.472433516921202,4.333304835857425,-0.04458232635249612,-0.33049735566895966,-0.9389595654346058,0.0,0.0,0.0,0.0,0.0,0.0,0.0,0.0,0.0,0.0,0.0,0.0,0.0,0.0,0.0,0.0,0.0,0.0,0.0,0.0,0.0,0.0,0.0,0.0,0.0,0.0,0.0,0.0,0.0,0.0,0.0,0.0,0.0,0.0,0.0,0.0,0.0,0.0,0.0,0.0,0.0,0.0,0.0,0.0,0.0,0.0,0.0,36
1082_34_Dichlorobut_1_ene.xyz,559.5856003822983,365.3215011648062,73.5059114709385,30.570898881992274,13.989537916842515,7.3903799758458115,-0.02764659799920096,-0.0705399154326838,-0.2404538740550628,-0.404247253053149,-0.6565355056684639,-0.9432138870671196,0.0,0.0,0.0,0.0,0.0,0.0,0.0,0.0,0.0,0.0,0.0,0.0,0.0,0.0,0.0,0.0,0.0,0.0,0.0,0.0,0.0,0.0,0.0,0.0,0.0,0.0,0.0,0.0,0.0,0.0,0.0,0.0,0.0,0.0,0.0,0.0,0.0,0.0,0.0,0.0,0.0,0.0,0.0,0.0,36
1083_34_Dichlorotoluene.xyz,575.5358966025617,360.8415387545353,110.65516998494758,40.73973019538392,33.42188391614259,20.67381524645479,9.29025892600668,7.611848586395837,2.4916643512328482,-0.06722108074402135,-0.06808314620691096,-0.26106488204706946,-0.4900602196785042,-0.7516038270741605,-1.0282650501846426,0.0,0.0,0.0,0.0,0.0,0.0,0.0,0.0,0.0,0.0,0.0,0.0,0.0,0.0,0.0,0.0,0.0,0.0,0.0,0.0,0.0,0.0,0.0,0.0,0.0,0.0,0.0,0.0,0.0,0.0,0.0,0.0,0.0,0.0,0.0,0.0,0.0,0.0,0.0,0.0,0.0,48
1084_35_Dimethylaniline.xyz,168.82778555473482,56.05637992007683,48.58506970538464,26.06376963092065,21.492596144599016,20.52844544881998,7.32423862260978,7.149878605847068,2.468169221993752,-0.06022795128832,-0.06452837607497534,-0.07502936943871226,-0.07535547605919687,-0.10951952104712254,-0.4466900520700519,-0.44709300591005635,-0.6285434124770382,-0.8386505413588552,-0.875783781835177,-1.1513623721912938,0.0,0.0,0.0,0.0,0.0,0.0,0.0,0.0,0.0,0.0,0.0,0.0,0.0,0.0,0.0,0.0,0.0,0.0,0.0,0.0,0.0,0.0,0.0,0.0,0.0,0.0,0.0,0.0,0.0,0.0,0.0,0.0,0.0,0.0,0.0,0.0,48
1085_3_Aminopropanol.xyz,131.66840641449022,62.08890145690508,28.14595711813992,13.77293075156535,9.63403078845652,0.09120750763032338,-0.10889893492399541,-0.140533704804735,-0.15448090433503767,-0.3067174205528241,-0.41690094636227526,-0.576042457742501,-0.7805438319975868,-0.9675981185523737,0.0,0.0,0.0,0.0,0.0,0.0,0.0,0.0,0.0,0.0,0.0,0.0,0.0,0.0,0.0,0.0,0.0,0.0,0.0,0.0,0.0,0.0,0.0,0.0,0.0,0.0,0.0,0.0,0.0,0.0,0.0,0.0,0.0,0.0,0.0,0.0,0.0,0.0,0.0,0.0,0.0,0.0,32
1086_3_Bromopentane.xyz,2551.8504241880773,94.27290550147848,42.93409890303897,22.215958200298427,12.619206975023673,9.019720555123964,0.07952230060388127,-0.04431650508200007,-0.06734575579469437,-0.07052329485557968,-0.11690586441063912,-0.1742992606665568,-0.2820152488146864,-0.53420727089242,-0.5655107283152814,-0.9346534481617726,-0.9986955877495046,0.0,0.0,0.0,0.0,0.0,0.0,0.0,0.0,0.0,0.0,0.0,0.0,0.0,0.0,0.0,0.0,0.0,0.0,0.0,0.0,0.0,0.0,0.0,0.0,0.0,0.0,0.0,0.0,0.0,0.0,0.0,0.0,0.0,0.0,0.0,0.0,0.0,0.0,0.0,38
1087_3_Bromopropene.xyz,2547.4848754547857,76.08484143231638,22.806100897978826,8.050344020204687,0.004884534091881185,-0.10593175313623225,-0.2568540475298349,-0.6134628203994265,-0.9676444582641989,0.0,0.0,0.0,0.0,0.0,0.0,0.0,0.0,0.0,0.0,0.0,0.0,0.0,0.0,0.0,0.0,0.0,0.0,0.0,0.0,0.0,0.0,0.0,0.0,0.0,0.0,0.0,0.0,0.0,0.0,0.0,0.0,0.0,0.0,0.0,0.0,0.0,0.0,0.0,0.0,0.0,0.0,0.0,0.0,0.0,0.0,0.0,24
1088_3_Chloro_12_propanediol.xyz,472.21771044608386,130.06255483650324,55.566966747082894,30.315376181453352,16.38330774471691,8.101835480885777,0.012350435891969495,-0.12480735371002381,-0.2585432404920751,-0.36109545727755316,-0.519829262553536,-0.6610593344283898,-0.8326762053857971,0.0,0.0,0.0,0.0,0.0,0.0,0.0,0.0,0.0,0.0,0.0,0.0,0.0,0.0,0.0,0.0,0.0,0.0,0.0,0.0,0.0,0.0,0.0,0.0,0.0,0.0,0.0,0.0,0.0,0.0,0.0,0.0,0.0,0.0,0.0,0.0,0.0,0.0,0.0,0.0,0.0,0.0,0.0,38
1089_1_Chloro_23_dimethylbenzene.xyz,477.769841305455,128.29200506649812,46.31217741424353,38.403628019172366,23.175248065057215,19.761276212586875,8.324934943110074,7.608788511096429,2.1683939256026106,-0.016678370419227838,-0.037926925736662474,-0.09953898046492562,-0.13271980889839274,-0.18841474134182631,-0.4444646274320248,-0.8119116623274834,-0.8337776619380758,-1.0916331079837187,0.0,0.0,0.0,0.0,0.0,0.0,0.0,0.0,0.0,0.0,0.0,0.0,0.0,0.0,0.0,0.0,0.0,0.0,0.0,0.0,0.0,0.0,0.0,0.0,0.0,0.0,0.0,0.0,0.0,0.0,0.0,0.0,0.0,0.0,0.0,0.0,0.0,0.0,48
1090_3_Chlorophenol.xyz,475.4634176905138,136.98028014205465,57.30016653026045,33.686261011297404,25.527054662588583,9.303563973310377,7.7610228164493025,2.6165745201776156,-0.1709430123668278,-0.4221954554107243,-0.4877891065873939,-0.5434152214111647,-1.0542866536378588,0.0,0.0,0.0,0.0,0.0,0.0,0.0,0.0,0.0,0.0,0.0,0.0,0.0,0.0,0.0,0.0,0.0,0.0,0.0,0.0,0.0,0.0,0.0,0.0,0.0,0.0,0.0,0.0,0.0,0.0,0.0,0.0,0.0,0.0,0.0,0.0,0.0,0.0,0.0,0.0,0.0,0.0,0.0,42
1091_3_Chloropropanol.xyz,465.3349688569954,106.61231255350118,40.257243061515,16.630621478041252,10.091705874169389,0.07700171681698346,-0.13056658662880088,-0.14059736097162445,-0.32439437310285757,-0.4502338547909356,-0.6630614138337194,-0.9096036527507521,0.0,0.0,0.0,0.0,0.0,0.0,0.0,0.0,0.0,0.0,0.0,0.0,0.0,0.0,0.0,0.0,0.0,0.0,0.0,0.0,0.0,0.0,0.0,0.0,0.0,0.0,0.0,0.0,0.0,0.0,0.0,0.0,0.0,0.0,0.0,0.0,0.0,0.0,0.0,0.0,0.0,0.0,0.0,0.0,32
1092_3_Chloropropene.xyz,462.81135423066826,70.88118152834693,22.090644469688783,8.023288917646681,0.003370903987525437,-0.10629705981899262,-0.25772834786336785,-0.6113413858223005,-0.9657716776835543,0.0,0.0,0.0,0.0,0.0,0.0,0.0,0.0,0.0,0.0,0.0,0.0,0.0,0.0,0.0,0.0,0.0,0.0,0.0,0.0,0.0,0.0,0.0,0.0,0.0,0.0,0.0,0.0,0.0,0.0,0.0,0.0,0.0,0.0,0.0,0.0,0.0,0.0,0.0,0.0,0.0,0.0,0.0,0.0,0.0,0.0,0.0,24
1093_3_Chlorotoluene.xyz,473.74985325735554,121.52906453942754,43.30371433951439,33.45451565933299,21.354103507029496,9.317910063078712,7.99063416736406,2.743272548076162,-0.062377552011552054,-0.06777479720822877,-0.18160495492712808,-0.44035160441092613,-0.4919751121606195,-0.8102363728685844,-1.0876253107378644,0.0,0.0,0.0,0.0,0.0,0.0,0.0,0.0,0.0,0.0,0.0,0.0,0.0,0.0,0.0,0.0,0.0,0.0,0.0,0.0,0.0,0.0,0.0,0.0,0.0,0.0,0.0,0.0,0.0,0.0,0.0,0.0,0.0,0.0,0.0,0.0,0.0,0.0,0.0,0.0,0.0,42
1094_3_Ethylpentan_3_ol.xyz,166.29201706960993,43.06932586256342,41.26016241803138,40.98285161348846,21.022338170957376,13.393170403703525,13.34771585684557,5.759221690672363,0.02409189887666243,0.008444098615259897,0.006382370087796466,-0.06386850693677734,-0.07077176186690386,-0.08764665952934741,-0.10290063740154232,-0.17791015898632606,-0.17918157235561816,-0.4827805045219562,-0.5162638420998683,-0.5367087880227426,-0.5412947243428282,-0.9282976118658606,-0.9309611349114456,-1.0237044348184883,0.0,0.0,0.0,0.0,0.0,0.0,0.0,0.0,0.0,0.0,0.0,0.0,0.0,0.0,0.0,0.0,0.0,0.0,0.0,0.0,0.0,0.0,0.0,0.0,0.0,0.0,0.0,0.0,0.0,0.0,0.0,0.0,50
1095_3_Ethylpyridine.xyz,161.15153952688053,55.38467581956278,38.94073955421522,28.93708622434206,14.561820346917466,10.21401327886367,7.802091995211601,2.68022987140532,0.001093796689934206,-0.064721345038694,-0.13829820634368095,-0.17453531656127308,-0.43094968694326885,-0.47708401329573347,-0.5342725664350565,-0.897105689488061,-1.0908797941731125,0.0,0.0,0.0,0.0,0.0,0.0,0.0,0.0,0.0,0.0,0.0,0.0,0.0,0.0,0.0,0.0,0.0,0.0,0.0,0.0,0.0,0.0,0.0,0.0,0.0,0.0,0.0,0.0,0.0,0.0,0.0,0.0,0.0,0.0,0.0,0.0,0.0,0.0,0.0,42
1096_3_Fluorohexane.xyz,165.4917737722048,57.32759914929598,45.78063580492871,26.329676952598373,16.159194137716373,10.967146661585977,7.590889416778371,0.0998037654781542,-0.014012036232882089,-0.06925515518486616,-0.0698079523743895,-0.11433791114825603,-0.1378652205728803,-0.17274385047900237,-0.26173998912421587,-0.4649923748064987,-0.5618484654208079,-0.7280912164198419,-0.9558630361730542,-1.0144315022263397,0.0,0.0,0.0,0.0,0.0,0.0,0.0,0.0,0.0,0.0,0.0,0.0,0.0,0.0,0.0,0.0,0.0,0.0,0.0,0.0,0.0,0.0,0.0,0.0,0.0,0.0,0.0,0.0,0.0,0.0,0.0,0.0,0.0,0.0,0.0,0.0,44
1097_3_Fluorotoluene.xyz,180.16844392604844,72.72213704038032,41.98633893457691,27.569181394715564,21.267492640667662,8.962732450605419,7.109135094190221,2.4871354976414946,-0.06091413924209654,-0.06775841024581308,-0.19009565433059258,-0.44924836859268347,-0.511894885950814,-0.8186530912464687,-1.134196279367954,0.0,0.0,0.0,0.0,0.0,0.0,0.0,0.0,0.0,0.0,0.0,0.0,0.0,0.0,0.0,0.0,0.0,0.0,0.0,0.0,0.0,0.0,0.0,0.0,0.0,0.0,0.0,0.0,0.0,0.0,0.0,0.0,0.0,0.0,0.0,0.0,0.0,0.0,0.0,0.0,0.0,42
1098_3_Heptanol.xyz,155.9529906131733,63.62505509067243,42.40418911369992,32.150826633584416,19.544183572616127,13.7504436566024,10.027395618568779,7.689897685474675,0.1371012526578,0.009371641817625639,-0.06237267510494718,-0.06915706121578424,-0.08241665727597261,-0.13761346200424154,-0.1392499812627033,-0.1821324363347446,-0.23236278561526952,-0.391121031287143,-0.49755094715956244,-0.5548858393739851,-0.6297727208109613,-0.8022835002190791,-0.9698022720627648,-1.0173023933484064,0.0,0.0,0.0,0.0,0.0,0.0,0.0,0.0,0.0,0.0,0.0,0.0,0.0,0.0,0.0,0.0,0.0,0.0,0.0,0.0,0.0,0.0,0.0,0.0,0.0,0.0,0.0,0.0,0.0,0.0,0.0,0.0,50
1099_3_Heptanone.xyz,157.7848837233384,64.50601731173981,42.90327335298328,31.026343971888604,17.239471722636864,14.643745860009286,10.29279462483864,4.967016211302193,0.13182144765385262,-0.005833347568931544,-0.06403144872214458,-0.06931169499199666,-0.10125743733967627,-0.12464044535793407,-0.15264262950888594,-0.17019804452612436,-0.37372839961339704,-0.5374974171767828,-0.5908546405211053,-0.7960145943491522,-0.9655238379114753,-1.0204031730114282,0.0,0.0,0.0,0.0,0.0,0.0,0.0,0.0,0.0,0.0,0.0,0.0,0.0,0.0,0.0,0.0,0.0,0.0,0.0,0.0,0.0,0.0,0.0,0.0,0.0,0.0,0.0,0.0,0.0,0.0,0.0,0.0,0.0,0.0,48
1100_3_Hexanol.xyz,149.8219301868741,54.389752275686895,41.70083137088794,25.918537825587737,16.107776112845848,10.953334043368178,7.689651705151354,0.10719147758025793,-0.006879093493977063,-0.0685791243929177,-0.06910974168569307,-0.11347943330461757,-0.1372473418686415,-0.1735775467070884,-0.2253306939015571,-0.4616701061727996,-0.4754939907161308,-0.5753453282268749,-0.7481862971338324,-0.9541596363243864,-1.0146207476879736,0.0,0.0,0.0,0.0,0.0,0.0,0.0,0.0,0.0,0.0,0.0,0.0,0.0,0.0,0.0,0.0,0.0,0.0,0.0,0.0,0.0,0.0,0.0,0.0,0.0,0.0,0.0,0.0,0.0,0.0,0.0,0.0,0.0,0.0,0.0,44
1101_3_Hydroxypropanenitrile.xyz,133.62736955205122,64.45304289092918,27.360024640640024,12.422824382354255,4.0428790085133,0.008210045495199294,-0.13826420991533317,-0.343128837617953,-0.5642002424634913,-0.9190395120702584,0.0,0.0,0.0,0.0,0.0,0.0,0.0,0.0,0.0,0.0,0.0,0.0,0.0,0.0,0.0,0.0,0.0,0.0,0.0,0.0,0.0,0.0,0.0,0.0,0.0,0.0,0.0,0.0,0.0,0.0,0.0,0.0,0.0,0.0,0.0,0.0,0.0,0.0,0.0,0.0,0.0,0.0,0.0,0.0,0.0,0.0,28
1102_3_Methoxypropanenitrile.xyz,149.59483638866354,65.46230034860703,31.482712266099192,18.004034933633964,11.777075215727978,3.9816372026051643,0.01781958009885818,-0.06418487213861586,-0.07712259971249472,-0.1423611510333007,-0.47611228895141794,-0.8307958640695722,-0.9220162421882176,0.0,0.0,0.0,0.0,0.0,0.0,0.0,0.0,0.0,0.0,0.0,0.0,0.0,0.0,0.0,0.0,0.0,0.0,0.0,0.0,0.0,0.0,0.0,0.0,0.0,0.0,0.0,0.0,0.0,0.0,0.0,0.0,0.0,0.0,0.0,0.0,0.0,0.0,0.0,0.0,0.0,0.0,0.0,34
1103_3_Methylbutanol.xyz,136.8837163396818,61.08618402443104,25.187505123615647,24.173686831719614,12.551160880511004,8.142866546810604,0.08421558419295734,-0.01972957043202273,-0.041115944166950934,-0.12043766124879098,-0.14013374485938648,-0.16184862051526935,-0.25085130990000837,-0.3732244742080986,-0.5586882301848404,-0.8033294497440054,-0.8239812902515244,-1.0087743185118225,0.0,0.0,0.0,0.0,0.0,0.0,0.0,0.0,0.0,0.0,0.0,0.0,0.0,0.0,0.0,0.0,0.0,0.0,0.0,0.0,0.0,0.0,0.0,0.0,0.0,0.0,0.0,0.0,0.0,0.0,0.0,0.0,0.0,0.0,0.0,0.0,0.0,0.0,38
1104_3_Methylbutyl_acetate.xyz,184.86396775862403,79.01731971467261,48.72843665505475,30.592525736576306,24.25311474610301,24.054926878983398,12.91861378361409,8.176575961756498,4.299983209795923,0.08456727776354223,-0.021389612037707912,-0.037639013476726706,-0.06605445755841978,-0.07387705523562836,-0.12234589612786742,-0.14184915994737943,-0.16236599693169998,-0.26399759512859655,-0.5197334912755392,-0.7915596684960362,-0.8130739767021995,-0.9254907847659051,-1.0105291796584672,0.0,0.0,0.0,0.0,0.0,0.0,0.0,0.0,0.0,0.0,0.0,0.0,0.0,0.0,0.0,0.0,0.0,0.0,0.0,0.0,0.0,0.0,0.0,0.0,0.0,0.0,0.0,0.0,0.0,0.0,0.0,0.0,0.0,54
1105_3_Methylpentanol.xyz,144.58814718289725,67.01413319462199,34.57669556514255,24.549239180322235,16.91561543060145,11.180843270189287,7.769256451237978,0.09201882777709237,0.015037612988533485,-0.05126037833760837,-0.0785489555853966,-0.13003857893413825,-0.1472805675048099,-0.17977374898227566,-0.24495780039674347,-0.3739919914569806,-0.5368008487375824,-0.57225442480858,-0.8076749262565937,-0.8889023788841229,-1.0241761995276386,0.0,0.0,0.0,0.0,0.0,0.0,0.0,0.0,0.0,0.0,0.0,0.0,0.0,0.0,0.0,0.0,0.0,0.0,0.0,0.0,0.0,0.0,0.0,0.0,0.0,0.0,0.0,0.0,0.0,0.0,0.0,0.0,0.0,0.0,0.0,44
1106_3_Methylbutan_2_ol.xyz,143.65349311015495,49.384060077543985,30.77640028674304,22.867572326345,14.095505855232124,7.253328744559082,0.02869438093136693,-0.0032442535293055737,-0.06950091359342704,-0.07736269953734563,-0.12751032825726835,-0.15009392397908145,-0.2318329687987959,-0.36119746968274336,-0.5421089617577958,-0.808774498103555,-0.8702054720773077,-1.0100025752529014,0.0,0.0,0.0,0.0,0.0,0.0,0.0,0.0,0.0,0.0,0.0,0.0,0.0,0.0,0.0,0.0,0.0,0.0,0.0,0.0,0.0,0.0,0.0,0.0,0.0,0.0,0.0,0.0,0.0,0.0,0.0,0.0,0.0,0.0,0.0,0.0,0.0,0.0,38
1107_3_Methylaniline.xyz,159.74315543179824,54.93240780155585,41.01399854678475,24.4470816722398,21.088951080927142,8.915295929250728,7.212280758556933,2.630321109690672,-0.05746798570967109,-0.06775269081470879,-0.10218561602409079,-0.19550891978211601,-0.44213417910270564,-0.48944068653782274,-0.7443358845436753,-0.8530181061338282,-1.1662044663459432,0.0,0.0,0.0,0.0,0.0,0.0,0.0,0.0,0.0,0.0,0.0,0.0,0.0,0.0,0.0,0.0,0.0,0.0,0.0,0.0,0.0,0.0,0.0,0.0,0.0,0.0,0.0,0.0,0.0,0.0,0.0,0.0,0.0,0.0,0.0,0.0,0.0,0.0,0.0,42
1108_3_Methylbutanoic_acid.xyz,170.29169718323794,63.46974548901707,45.28445687531221,24.24180377897556,22.844218016533304,9.378875696331978,4.461597398715732,0.04672263942668607,-0.028979167763747787,-0.09079748454430564,-0.12722388847120758,-0.15160861787578875,-0.2822211966334041,-0.4845873280948204,-0.720325309397265,-0.8087976945578221,-1.000660953461968,0.0,0.0,0.0,0.0,0.0,0.0,0.0,0.0,0.0,0.0,0.0,0.0,0.0,0.0,0.0,0.0,0.0,0.0,0.0,0.0,0.0,0.0,0.0,0.0,0.0,0.0,0.0,0.0,0.0,0.0,0.0,0.0,0.0,0.0,0.0,0.0,0.0,0.0,0.0,42
1109_3_Methylfuran.xyz,155.77051942023246,46.77497587360321,30.113661486109013,19.140520119971736,7.007538941937222,4.603156673966565,-0.06738783305671937,-0.07087858045868038,-0.2607456023555329,-0.5219940677147589,-0.7261033125339761,-0.9560424027605359,0.0,0.0,0.0,0.0,0.0,0.0,0.0,0.0,0.0,0.0,0.0,0.0,0.0,0.0,0.0,0.0,0.0,0.0,0.0,0.0,0.0,0.0,0.0,0.0,0.0,0.0,0.0,0.0,0.0,0.0,0.0,0.0,0.0,0.0,0.0,0.0,0.0,0.0,0.0,0.0,0.0,0.0,0.0,0.0,32
1110_3_Methylpyridine.xyz,153.33528952019674,47.209827937610065,38.16898475736063,21.15730430015089,10.248319739667078,8.252442471878256,2.754100047393998,-0.06515869368252408,-0.06733499651258856,-0.1721918380880938,-0.4299248344185375,-0.48313232884376217,-0.8079946082209589,-1.093192878107548,0.0,0.0,0.0,0.0,0.0,0.0,0.0,0.0,0.0,0.0,0.0,0.0,0.0,0.0,0.0,0.0,0.0,0.0,0.0,0.0,0.0,0.0,0.0,0.0,0.0,0.0,0.0,0.0,0.0,0.0,0.0,0.0,0.0,0.0,0.0,0.0,0.0,0.0,0.0,0.0,0.0,0.0,36
1111_3_Methylthiophene.xyz,419.07445051502975,86.10697064664896,33.79500342044045,22.190061691931938,11.88580101736265,4.685674299378556,-0.06740031129733137,-0.06798553946237441,-0.23964421491734822,-0.4332854934791668,-0.6761300066318331,-0.9395490012127541,0.0,0.0,0.0,0.0,0.0,0.0,0.0,0.0,0.0,0.0,0.0,0.0,0.0,0.0,0.0,0.0,0.0,0.0,0.0,0.0,0.0,0.0,0.0,0.0,0.0,0.0,0.0,0.0,0.0,0.0,0.0,0.0,0.0,0.0,0.0,0.0,0.0,0.0,0.0,0.0,0.0,0.0,0.0,0.0,32
1112_3_Pentanol.xyz,142.72008214020147,42.94213253974207,41.58774194621994,20.401333502933788,12.631724438222326,7.737516461362142,0.07274623029090155,-0.03806055709649532,-0.06554601103422715,-0.06929296484266827,-0.1168733550784349,-0.17122393295423438,-0.2424693963221035,-0.47300000264264447,-0.5352139860990591,-0.6305934340265185,-0.9335422513615006,-1.0102406505748438,0.0,0.0,0.0,0.0,0.0,0.0,0.0,0.0,0.0,0.0,0.0,0.0,0.0,0.0,0.0,0.0,0.0,0.0,0.0,0.0,0.0,0.0,0.0,0.0,0.0,0.0,0.0,0.0,0.0,0.0,0.0,0.0,0.0,0.0,0.0,0.0,0.0,0.0,38
1113_3_Phenypropanol.xyz,172.38630955346696,86.3108834707759,46.44140107084368,35.49697682200702,28.628749863012608,16.414256541599947,10.483299464016905,9.66418144308972,7.717256042443268,2.8378008416569482,0.07426584255091491,-0.09515619857791992,-0.1333134126165075,-0.14140741066075313,-0.25836052946338645,-0.33448526438737697,-0.45290196766606183,-0.46436340801500686,-0.5960647427935574,-0.6843637886602317,-0.9026568452589213,-1.1526658727206534,0.0,0.0,0.0,0.0,0.0,0.0,0.0,0.0,0.0,0.0,0.0,0.0,0.0,0.0,0.0,0.0,0.0,0.0,0.0,0.0,0.0,0.0,0.0,0.0,0.0,0.0,0.0,0.0,0.0,0.0,0.0,0.0,0.0,0.0,54
1114_Acetol.xyz,149.1915941164611,62.465145170451365,28.626951185531635,17.302227705771003,5.268013930744395,-0.019707455729774993,-0.06722752853443695,-0.1049897059416628,-0.41609532562508794,-0.7133918128634419,-0.9248152423666594,0.0,0.0,0.0,0.0,0.0,0.0,0.0,0.0,0.0,0.0,0.0,0.0,0.0,0.0,0.0,0.0,0.0,0.0,0.0,0.0,0.0,0.0,0.0,0.0,0.0,0.0,0.0,0.0,0.0,0.0,0.0,0.0,0.0,0.0,0.0,0.0,0.0,0.0,0.0,0.0,0.0,0.0,0.0,0.0,0.0,30
1115_3R_13_butanediol.xyz,152.83188846078704,70.19448464600558,34.26012967175394,25.358177491645225,12.49733119274807,8.059500684050956,0.06012615398194065,-0.061744772946483055,-0.0752279885781457,-0.15692487419184453,-0.23838913802778766,-0.4058183676553813,-0.5024951684480642,-0.5838903282741656,-0.8128628176067724,-0.9584746079200136,0.0,0.0,0.0,0.0,0.0,0.0,0.0,0.0,0.0,0.0,0.0,0.0,0.0,0.0,0.0,0.0,0.0,0.0,0.0,0.0,0.0,0.0,0.0,0.0,0.0,0.0,0.0,0.0,0.0,0.0,0.0,0.0,0.0,0.0,0.0,0.0,0.0,0.0,0.0,0.0,38
1116_4_Chloroaniline.xyz,473.92942064754413,129.01874454696048,48.12815741362597,35.62238817252444,22.755364252472102,9.632816673176514,7.642849968244003,2.6391633018626934,-0.09323616848955628,-0.26026611377605613,-0.27420997096498123,-0.6003954328117282,-0.7362644271227263,-1.1028082859890456,0.0,0.0,0.0,0.0,0.0,0.0,0.0,0.0,0.0,0.0,0.0,0.0,0.0,0.0,0.0,0.0,0.0,0.0,0.0,0.0,0.0,0.0,0.0,0.0,0.0,0.0,0.0,0.0,0.0,0.0,0.0,0.0,0.0,0.0,0.0,0.0,0.0,0.0,0.0,0.0,0.0,0.0,42
1117_1_Chloro_34_dimethylbenzene.xyz,475.13840047202666,131.73405879185503,44.057565866467336,40.17579600037988,23.11725489255515,19.374739574742577,8.832664850593975,7.169300577629613,2.279371301135914,0.005099818983093909,-0.03231756540387555,-0.11325498518918431,-0.14245810118420582,-0.27163131118774025,-0.49276950627070126,-0.7625385334794814,-0.8198326485846315,-1.0902219187894275,0.0,0.0,0.0,0.0,0.0,0.0,0.0,0.0,0.0,0.0,0.0,0.0,0.0,0.0,0.0,0.0,0.0,0.0,0.0,0.0,0.0,0.0,0.0,0.0,0.0,0.0,0.0,0.0,0.0,0.0,0.0,0.0,0.0,0.0,0.0,0.0,0.0,0.0,48
1118_4_Chlorophenol.xyz,474.73286309940966,138.3839783909111,55.625202351303045,35.657880353361485,24.401450539998127,9.664213330169368,7.593483117753043,2.566663486585672,-0.23778004347997606,-0.2794121663667743,-0.5004696334334688,-0.6009794596626153,-1.0473814693107368,0.0,0.0,0.0,0.0,0.0,0.0,0.0,0.0,0.0,0.0,0.0,0.0,0.0,0.0,0.0,0.0,0.0,0.0,0.0,0.0,0.0,0.0,0.0,0.0,0.0,0.0,0.0,0.0,0.0,0.0,0.0,0.0,0.0,0.0,0.0,0.0,0.0,0.0,0.0,0.0,0.0,0.0,0.0,42
1119_4_Chlorotoluene.xyz,473.3782573527535,122.22300020537435,41.394138075727845,35.550102219297806,20.688789510937617,9.664511508674249,7.832593686158991,2.702891757865251,-0.06070378325972312,-0.06738360077813474,-0.2580772087030125,-0.2742318482252989,-0.599011676535951,-0.7860379581727944,-1.0877158642606468,0.0,0.0,0.0,0.0,0.0,0.0,0.0,0.0,0.0,0.0,0.0,0.0,0.0,0.0,0.0,0.0,0.0,0.0,0.0,0.0,0.0,0.0,0.0,0.0,0.0,0.0,0.0,0.0,0.0,0.0,0.0,0.0,0.0,0.0,0.0,0.0,0.0,0.0,0.0,0.0,0.0,42
1120_4_Fluorotoluene.xyz,179.55948641833734,74.64975342929154,35.55082153364112,34.594407239365744,18.91552617300518,9.672058353924559,6.903292845006851,2.41780956810814,-0.06099178830174374,-0.06738088104268809,-0.25833185828235217,-0.3018630679353949,-0.5985901795621865,-0.8044211183528875,-1.131740517353732,0.0,0.0,0.0,0.0,0.0,0.0,0.0,0.0,0.0,0.0,0.0,0.0,0.0,0.0,0.0,0.0,0.0,0.0,0.0,0.0,0.0,0.0,0.0,0.0,0.0,0.0,0.0,0.0,0.0,0.0,0.0,0.0,0.0,0.0,0.0,0.0,0.0,0.0,0.0,0.0,0.0,42
1121_4_Methylaniline.xyz,159.32049012513647,57.37158289388974,35.44864749879365,30.501091585871265,18.137750327922298,9.601467704752396,7.034646938683884,2.55144459727818,-0.0545097967750151,-0.06742400134415814,-0.10398000728587234,-0.2690894574429886,-0.2851237159149319,-0.5973942004852372,-0.7111381560854233,-0.8478099913868495,-1.1652085497976499,0.0,0.0,0.0,0.0,0.0,0.0,0.0,0.0,0.0,0.0,0.0,0.0,0.0,0.0,0.0,0.0,0.0,0.0,0.0,0.0,0.0,0.0,0.0,0.0,0.0,0.0,0.0,0.0,0.0,0.0,0.0,0.0,0.0,0.0,0.0,0.0,0.0,0.0,0.0,42
1122_4_Methylpentan_2_one.xyz,153.25932702032378,60.03217515564317,30.887175556649176,23.898248004212565,22.06408018453651,9.359885357924995,5.315495554001203,0.0596854108884005,-0.024799468024194516,-0.05528926043939253,-0.06943777576624684,-0.10650824560441081,-0.12903312956253743,-0.1520041256041969,-0.29101253539339667,-0.670085450840515,-0.8098686397587886,-0.8993691777312013,-1.0033385190891102,0.0,0.0,0.0,0.0,0.0,0.0,0.0,0.0,0.0,0.0,0.0,0.0,0.0,0.0,0.0,0.0,0.0,0.0,0.0,0.0,0.0,0.0,0.0,0.0,0.0,0.0,0.0,0.0,0.0,0.0,0.0,0.0,0.0,0.0,0.0,0.0,0.0,42
1123_4_Methylpentanenitrile.xyz,135.9398832497684,64.13388236039279,31.129000188222065,24.206301394564,15.87425702238538,8.530113201127078,4.050313332355949,0.08131821556359149,-0.021300000526517145,-0.041227176923580265,-0.12310585132808428,-0.14303907814388253,-0.16326916510044723,-0.2636917727987896,-0.5341365269042494,-0.8032551970546714,-0.8302970808154433,-1.0144085183997742,0.0,0.0,0.0,0.0,0.0,0.0,0.0,0.0,0.0,0.0,0.0,0.0,0.0,0.0,0.0,0.0,0.0,0.0,0.0,0.0,0.0,0.0,0.0,0.0,0.0,0.0,0.0,0.0,0.0,0.0,0.0,0.0,0.0,0.0,0.0,0.0,0.0,0.0,40
1124_4_Methylphenol.xyz,167.5896535688048,65.4667562515952,35.49399861526121,32.95356325902923,18.64075515340443,9.632234509074623,6.966678711607175,2.487663010377561,-0.06050980103307978,-0.06765985423455763,-0.24879032651914876,-0.29162791812645167,-0.49983128484357375,-0.5982620949373888,-0.8065994463118547,-1.1345912373563793,0.0,0.0,0.0,0.0,0.0,0.0,0.0,0.0,0.0,0.0,0.0,0.0,0.0,0.0,0.0,0.0,0.0,0.0,0.0,0.0,0.0,0.0,0.0,0.0,0.0,0.0,0.0,0.0,0.0,0.0,0.0,0.0,0.0,0.0,0.0,0.0,0.0,0.0,0.0,0.0,42
1125_4_Methylpyridine.xyz,153.07985753356542,49.737512879009216,34.658285150806456,22.702440326389738,9.458766574918757,8.723040103197443,2.760492670706669,-0.060953853746799354,-0.06754277347021728,-0.24632446180979264,-0.25793963877131126,-0.6015957542163141,-0.7832716179033348,-1.0954285422921402,0.0,0.0,0.0,0.0,0.0,0.0,0.0,0.0,0.0,0.0,0.0,0.0,0.0,0.0,0.0,0.0,0.0,0.0,0.0,0.0,0.0,0.0,0.0,0.0,0.0,0.0,0.0,0.0,0.0,0.0,0.0,0.0,0.0,0.0,0.0,0.0,0.0,0.0,0.0,0.0,0.0,0.0,36
1126_4_Nitroaniline.xyz,213.08108805105894,93.12710535770704,45.84572916930549,44.8587871049332,34.1871141778034,22.638536491335305,10.907414390477127,9.44028501171928,5.068733015100151,1.948641462729002,-0.08721215337858763,-0.2659889454247866,-0.29696270215755866,-0.6083591422538055,-0.7703093585118962,-1.175166494609954,0.0,0.0,0.0,0.0,0.0,0.0,0.0,0.0,0.0,0.0,0.0,0.0,0.0,0.0,0.0,0.0,0.0,0.0,0.0,0.0,0.0,0.0,0.0,0.0,0.0,0.0,0.0,0.0,0.0,0.0,0.0,0.0,0.0,0.0,0.0,0.0,0.0,0.0,0.0,0.0,52
1127_Quinolin_8_ol.xyz,207.3736768539124,73.0267457504579,60.06562210275374,37.760943744402645,30.579559280635554,23.573434682750843,11.714218717396717,9.167993486845152,6.669297244662089,4.66967602614973,1.2401513478823847,-0.1693297865366873,-0.18865577505991862,-0.4028731190426335,-0.4541683902371551,-0.5216854594043927,-0.8332200227975066,-1.173037770298943,0.0,0.0,0.0,0.0,0.0,0.0,0.0,0.0,0.0,0.0,0.0,0.0,0.0,0.0,0.0,0.0,0.0,0.0,0.0,0.0,0.0,0.0,0.0,0.0,0.0,0.0,0.0,0.0,0.0,0.0,0.0,0.0,0.0,0.0,0.0,0.0,0.0,0.0,54
1128_Acetaldehyde.xyz,112.3847837545294,30.470492403679614,7.790233618210195,-0.0563908813710632,-0.06849190790425398,-0.3445360257863115,-0.9431858426954823,0.0,0.0,0.0,0.0,0.0,0.0,0.0,0.0,0.0,0.0,0.0,0.0,0.0,0.0,0.0,0.0,0.0,0.0,0.0,0.0,0.0,0.0,0.0,0.0,0.0,0.0,0.0,0.0,0.0,0.0,0.0,0.0,0.0,0.0,0.0,0.0,0.0,0.0,0.0,0.0,0.0,0.0,0.0,0.0,0.0,0.0,0.0,0.0,0.0,18
1129_Acetaldoxime.xyz,132.63523054219195,43.58654397682477,21.33363590606341,7.471913669345078,-0.06640749058291825,-0.06761838598127642,-0.3755629225028037,-0.47186436208933247,-0.9542584147787195,0.0,0.0,0.0,0.0,0.0,0.0,0.0,0.0,0.0,0.0,0.0,0.0,0.0,0.0,0.0,0.0,0.0,0.0,0.0,0.0,0.0,0.0,0.0,0.0,0.0,0.0,0.0,0.0,0.0,0.0,0.0,0.0,0.0,0.0,0.0,0.0,0.0,0.0,0.0,0.0,0.0,0.0,0.0,0.0,0.0,0.0,0.0,24
1130_Acetic_anhydride.xyz,193.72863445544027,69.46362287045771,44.3248957979167,28.89733014186871,27.186566742416844,6.019417592639081,3.4773123421559373,-0.05864902292360671,-0.05962269033354888,-0.07422747965437297,-0.07632852479953887,-0.9066901803659372,-0.939757087683742,0.0,0.0,0.0,0.0,0.0,0.0,0.0,0.0,0.0,0.0,0.0,0.0,0.0,0.0,0.0,0.0,0.0,0.0,0.0,0.0,0.0,0.0,0.0,0.0,0.0,0.0,0.0,0.0,0.0,0.0,0.0,0.0,0.0,0.0,0.0,0.0,0.0,0.0,0.0,0.0,0.0,0.0,0.0,40
1131_Acetophenone.xyz,176.63887891140922,73.36239630989093,37.356131036859615,32.72101564812239,27.250167197861835,11.352530984340685,9.535758837968775,5.55080633166768,2.2016866994572193,-0.052825997142681956,-0.06685151108696544,-0.11079445210381719,-0.25506600081034275,-0.465953598527205,-0.6008894850764651,-0.8879106176350534,-1.1475439799781286,0.0,0.0,0.0,0.0,0.0,0.0,0.0,0.0,0.0,0.0,0.0,0.0,0.0,0.0,0.0,0.0,0.0,0.0,0.0,0.0,0.0,0.0,0.0,0.0,0.0,0.0,0.0,0.0,0.0,0.0,0.0,0.0,0.0,0.0,0.0,0.0,0.0,0.0,0.0,46
1132_Acridine.xyz,218.06243918166575,86.33954987257478,53.95732803274838,47.78113915238105,33.91008368959348,28.166112267634038,24.57441873388321,13.643439334040709,9.079349379593435,8.829160821886127,7.2047703203396205,6.138075042995393,2.9307027386242637,1.267943913489641,-0.11001657257326129,-0.13942343575321223,-0.3257945605894344,-0.3434063421448274,-0.5413420167077578,-0.5590792205857849,-0.6068928735267962,-1.0014642563755305,-1.243018210827553,0.0,0.0,0.0,0.0,0.0,0.0,0.0,0.0,0.0,0.0,0.0,0.0,0.0,0.0,0.0,0.0,0.0,0.0,0.0,0.0,0.0,0.0,0.0,0.0,0.0,0.0,0.0,0.0,0.0,0.0,0.0,0.0,0.0,66
1133_Acrylamide.xyz,144.8887183762372,43.41196412246884,37.6879499052111,12.23356257151175,4.052888433380934,-0.0371350188399045,-0.0844482269815142,-0.3394725011487413,-0.8296154193832584,-1.034694524540237,0.0,0.0,0.0,0.0,0.0,0.0,0.0,0.0,0.0,0.0,0.0,0.0,0.0,0.0,0.0,0.0,0.0,0.0,0.0,0.0,0.0,0.0,0.0,0.0,0.0,0.0,0.0,0.0,0.0,0.0,0.0,0.0,0.0,0.0,0.0,0.0,0.0,0.0,0.0,0.0,0.0,0.0,0.0,0.0,0.0,0.0,28
1134_Adenine.xyz,213.7144665002009,73.52726285858566,59.52287432758304,34.026869777137215,29.940198601415354,23.129881134376866,8.72893024872968,7.290988599312273,5.390246416522718,1.0758916563047076,-0.08912673998416897,-0.3221598185484296,-0.5418786697443474,-0.806393085605007,-1.0039888100164462,0.0,0.0,0.0,0.0,0.0,0.0,0.0,0.0,0.0,0.0,0.0,0.0,0.0,0.0,0.0,0.0,0.0,0.0,0.0,0.0,0.0,0.0,0.0,0.0,0.0,0.0,0.0,0.0,0.0,0.0,0.0,0.0,0.0,0.0,0.0,0.0,0.0,0.0,0.0,0.0,0.0,50
1135_Allylamine.xyz,105.9010998904804,40.232545715445866,16.426080853766887,7.635008775130772,0.02835671974856987,-0.07772641057471619,-0.17425492949568516,-0.25138348468404204,-0.5299464274180787,-0.7510327755740032,-1.0057249287199697,0.0,0.0,0.0,0.0,0.0,0.0,0.0,0.0,0.0,0.0,0.0,0.0,0.0,0.0,0.0,0.0,0.0,0.0,0.0,0.0,0.0,0.0,0.0,0.0,0.0,0.0,0.0,0.0,0.0,0.0,0.0,0.0,0.0,0.0,0.0,0.0,0.0,0.0,0.0,0.0,0.0,0.0,0.0,0.0,0.0,24
1136_Anethole.xyz,189.64391584581494,83.10202898877327,51.65139432592628,35.76077920487075,29.84941917365394,20.643790865776953,16.688777688879263,9.908552042818418,8.606008534207062,5.2289309735461424,2.199521738982633,-0.052474115133368186,-0.059283886033559045,-0.0674184241925177,-0.06948524158629711,-0.2214577190850692,-0.2567345352035516,-0.33198302224071785,-0.5684764647620757,-0.6128229562141033,-0.8490742749052216,-0.9438884354117595,-1.152273594411815,0.0,0.0,0.0,0.0,0.0,0.0,0.0,0.0,0.0,0.0,0.0,0.0,0.0,0.0,0.0,0.0,0.0,0.0,0.0,0.0,0.0,0.0,0.0,0.0,0.0,0.0,0.0,0.0,0.0,0.0,0.0,0.0,0.0,58
1137_Anisole.xyz,171.38602680114226,65.7821191644013,35.87144198134342,28.399670304964353,17.88374008322046,9.579942866759678,7.592553932544371,2.5870972619904244,-0.05075154643497166,-0.059769597490226346,-0.10886191889941305,-0.2551072928962177,-0.47364203750365186,-0.5998962278257771,-0.8624045879711436,-1.1487280715530306,0.0,0.0,0.0,0.0,0.0,0.0,0.0,0.0,0.0,0.0,0.0,0.0,0.0,0.0,0.0,0.0,0.0,0.0,0.0,0.0,0.0,0.0,0.0,0.0,0.0,0.0,0.0,0.0,0.0,0.0,0.0,0.0,0.0,0.0,0.0,0.0,0.0,0.0,0.0,0.0,42
1138_910Dihydroanthracene910dione.xyz,249.60617559397423,88.25089726220115,84.64495289443686,59.82375579194134,36.07437837512014,33.67611481326263,31.548462329504705,29.623216259140637,14.865603108549534,11.927127764729425,8.985478195770012,8.854177784064374,5.806702423936373,4.3648196299938595,2.7122514210296558,0.5856014015361104,-0.1151942315886713,-0.14110948496619374,-0.34212335246587217,-0.38174364821289913,-0.5502550065466598,-0.5562359357831202,-1.0208446657960624,-1.1953464922476174,0.0,0.0,0.0,0.0,0.0,0.0,0.0,0.0,0.0,0.0,0.0,0.0,0.0,0.0,0.0,0.0,0.0,0.0,0.0,0.0,0.0,0.0,0.0,0.0,0.0,0.0,0.0,0.0,0.0,0.0,0.0,0.0,76
1139_Benzaldehyde.xyz,166.10917311504494,71.27990828918624,35.93743715531593,32.74594339530982,12.781445658564481,9.611537441656317,6.517544787273798,2.590956865623474,-0.1007714946248346,-0.2445365931919283,-0.4235074163259063,-0.5315101865534934,-0.5997711876719051,-1.1504187138151583,0.0,0.0,0.0,0.0,0.0,0.0,0.0,0.0,0.0,0.0,0.0,0.0,0.0,0.0,0.0,0.0,0.0,0.0,0.0,0.0,0.0,0.0,0.0,0.0,0.0,0.0,0.0,0.0,0.0,0.0,0.0,0.0,0.0,0.0,0.0,0.0,0.0,0.0,0.0,0.0,0.0,0.0,40
1140_Benzamide.xyz,182.96289765698668,75.66086979957454,40.38656757060897,33.488582144628204,31.41289727332211,11.100951425083315,9.561627318651661,5.2656443359913485,2.097126402751648,-0.06921501193360706,-0.11805184084464225,-0.2556699767449972,-0.46529863500750374,-0.5998402138552631,-0.8842750968940913,-1.16267463669826,0.0,0.0,0.0,0.0,0.0,0.0,0.0,0.0,0.0,0.0,0.0,0.0,0.0,0.0,0.0,0.0,0.0,0.0,0.0,0.0,0.0,0.0,0.0,0.0,0.0,0.0,0.0,0.0,0.0,0.0,0.0,0.0,0.0,0.0,0.0,0.0,0.0,0.0,0.0,0.0,46
1141_Benzenethiol.xyz,412.65400679061713,111.22119046470385,35.580234351822234,33.117189802092035,9.662963322950993,9.253193281176635,3.0583825963100497,0.12188533568489664,-0.10585975175105851,-0.25072641418730046,-0.4537565016303647,-0.597869698735104,-1.0887613558363731,0.0,0.0,0.0,0.0,0.0,0.0,0.0,0.0,0.0,0.0,0.0,0.0,0.0,0.0,0.0,0.0,0.0,0.0,0.0,0.0,0.0,0.0,0.0,0.0,0.0,0.0,0.0,0.0,0.0,0.0,0.0,0.0,0.0,0.0,0.0,0.0,0.0,0.0,0.0,0.0,0.0,0.0,0.0,36
1142_Benzonitrile.xyz,157.5311880330171,63.56785988254684,35.73153433733911,31.939741257465666,11.33195153085658,9.657022407616141,4.903572405506837,1.816557963455846,-0.10563817476314322,-0.24403984042244975,-0.4955596219265063,-0.6004352418258373,-1.1683111430563626,0.0,0.0,0.0,0.0,0.0,0.0,0.0,0.0,0.0,0.0,0.0,0.0,0.0,0.0,0.0,0.0,0.0,0.0,0.0,0.0,0.0,0.0,0.0,0.0,0.0,0.0,0.0,0.0,0.0,0.0,0.0,0.0,0.0,0.0,0.0,0.0,0.0,0.0,0.0,0.0,0.0,0.0,0.0,38
1143_Benzoyl_chloride.xyz,480.5563468518975,137.16553365743243,69.55710975471685,35.64572604773601,32.56800103012823,12.153034265342793,9.572024438446247,5.882068481089465,2.286722652781454,-0.10258264947349731,-0.25016602727266335,-0.47600606312491517,-0.6033390196801729,-1.136656323355712,0.0,0.0,0.0,0.0,0.0,0.0,0.0,0.0,0.0,0.0,0.0,0.0,0.0,0.0,0.0,0.0,0.0,0.0,0.0,0.0,0.0,0.0,0.0,0.0,0.0,0.0,0.0,0.0,0.0,0.0,0.0,0.0,0.0,0.0,0.0,0.0,0.0,0.0,0.0,0.0,0.0,0.0,46
1144_1Chloro22chloroethoxyethane.xyz,514.9125659409096,417.07249929787247,110.19419358780206,36.06718148072509,24.745361819465842,11.676877926326707,10.675298633864113,0.08090295768790028,-0.04437183500715807,-0.11361754224497211,-0.17119359990631433,-0.432934874220022,-0.5000520485403118,-0.7728328717110552,-0.8519913937659195,0.0,0.0,0.0,0.0,0.0,0.0,0.0,0.0,0.0,0.0,0.0,0.0,0.0,0.0,0.0,0.0,0.0,0.0,0.0,0.0,0.0,0.0,0.0,0.0,0.0,0.0,0.0,0.0,0.0,0.0,0.0,0.0,0.0,0.0,0.0,0.0,0.0,0.0,0.0,0.0,0.0,44
1145_Borane_carbonyl.xyz,108.54138727499233,23.243133939726146,4.59803136498294,0.006094562008760191,0.006093893799708556,-0.7242668823252018,0.0,0.0,0.0,0.0,0.0,0.0,0.0,0.0,0.0,0.0,0.0,0.0,0.0,0.0,0.0,0.0,0.0,0.0,0.0,0.0,0.0,0.0,0.0,0.0,0.0,0.0,0.0,0.0,0.0,0.0,0.0,0.0,0.0,0.0,0.0,0.0,0.0,0.0,0.0,0.0,0.0,0.0,0.0,0.0,0.0,0.0,0.0,0.0,0.0,0.0,16
1146_Bromochlorofluoromethane.xyz,2568.1237030300654,444.75594278244876,95.77190996518597,14.812041392453375,-0.3651685742156215,0.0,0.0,0.0,0.0,0.0,0.0,0.0,0.0,0.0,0.0,0.0,0.0,0.0,0.0,0.0,0.0,0.0,0.0,0.0,0.0,0.0,0.0,0.0,0.0,0.0,0.0,0.0,0.0,0.0,0.0,0.0,0.0,0.0,0.0,0.0,0.0,0.0,0.0,0.0,0.0,0.0,0.0,0.0,0.0,0.0,0.0,0.0,0.0,0.0,0.0,0.0,26
1147_Bromochloromethane.xyz,2561.8472407794047,437.26529515573486,27.595994050899417,-0.05479774190883276,-0.5884034020614256,0.0,0.0,0.0,0.0,0.0,0.0,0.0,0.0,0.0,0.0,0.0,0.0,0.0,0.0,0.0,0.0,0.0,0.0,0.0,0.0,0.0,0.0,0.0,0.0,0.0,0.0,0.0,0.0,0.0,0.0,0.0,0.0,0.0,0.0,0.0,0.0,0.0,0.0,0.0,0.0,0.0,0.0,0.0,0.0,0.0,0.0,0.0,0.0,0.0,0.0,0.0,20
1148_Bromomethane.xyz,2544.238670642222,34.4606987663244,-0.05721243409184995,-0.05721308548577858,-0.8140010277700951,0.0,0.0,0.0,0.0,0.0,0.0,0.0,0.0,0.0,0.0,0.0,0.0,0.0,0.0,0.0,0.0,0.0,0.0,0.0,0.0,0.0,0.0,0.0,0.0,0.0,0.0,0.0,0.0,0.0,0.0,0.0,0.0,0.0,0.0,0.0,0.0,0.0,0.0,0.0,0.0,0.0,0.0,0.0,0.0,0.0,0.0,0.0,0.0,0.0,0.0,0.0,14
1149_Butanamide.xyz,151.11561627726627,54.08706678755822,38.100798834926735,22.637119768109507,11.545763943279937,4.742200418156085,0.0682610759962433,-0.06993798124111929,-0.08140253670661086,-0.13704758621576035,-0.14909481611654984,-0.4259730134437226,-0.6840591040983928,-0.9139375123471555,-1.027551637781633,0.0,0.0,0.0,0.0,0.0,0.0,0.0,0.0,0.0,0.0,0.0,0.0,0.0,0.0,0.0,0.0,0.0,0.0,0.0,0.0,0.0,0.0,0.0,0.0,0.0,0.0,0.0,0.0,0.0,0.0,0.0,0.0,0.0,0.0,0.0,0.0,0.0,0.0,0.0,0.0,0.0,36
1150_Butane_12_diol.xyz,157.2228013586259,60.397272808040505,42.19543782307662,22.500296482864268,13.158024385500777,7.714850014944167,0.048004901736085126,-0.06838920795285726,-0.07959601556274587,-0.16139743978379906,-0.2576760431286463,-0.388316698518015,-0.4844056401018888,-0.5667219493972913,-0.7838616680177903,-0.980512875000901,0.0,0.0,0.0,0.0,0.0,0.0,0.0,0.0,0.0,0.0,0.0,0.0,0.0,0.0,0.0,0.0,0.0,0.0,0.0,0.0,0.0,0.0,0.0,0.0,0.0,0.0,0.0,0.0,0.0,0.0,0.0,0.0,0.0,0.0,0.0,0.0,0.0,0.0,0.0,0.0,38
1151_Butanoic_acid.xyz,161.08646197745392,55.99689375344348,45.27570383044375,22.952577648961928,11.622991906996672,4.470693408946079,0.06564826651338607,-0.07024999213641839,-0.1334306952749149,-0.1437606228143592,-0.4093761277254785,-0.5047426598364959,-0.7402820952289739,-1.0033183624183775,0.0,0.0,0.0,0.0,0.0,0.0,0.0,0.0,0.0,0.0,0.0,0.0,0.0,0.0,0.0,0.0,0.0,0.0,0.0,0.0,0.0,0.0,0.0,0.0,0.0,0.0,0.0,0.0,0.0,0.0,0.0,0.0,0.0,0.0,0.0,0.0,0.0,0.0,0.0,0.0,0.0,0.0,36
1152_1_Ethoxybutane.xyz,149.8144359114383,62.12489825287935,36.18023617184632,24.207132348258583,13.569530747482295,10.960402333376805,9.554284355358075,0.14410747046994105,0.008036549640176721,-0.0667250704364726,-0.06997777270748018,-0.08522779696835583,-0.13679139384569838,-0.14254571507483615,-0.1847187801170463,-0.3493272443345044,-0.5137212333405574,-0.5740542356610328,-0.795128745361856,-0.9684954739604819,-1.0110247625756699,0.0,0.0,0.0,0.0,0.0,0.0,0.0,0.0,0.0,0.0,0.0,0.0,0.0,0.0,0.0,0.0,0.0,0.0,0.0,0.0,0.0,0.0,0.0,0.0,0.0,0.0,0.0,0.0,0.0,0.0,0.0,0.0,0.0,0.0,0.0,44
1153_Butyl_formate.xyz,167.3503962798757,69.24845856996757,47.13821494001456,26.142146611415075,14.087868179666227,9.897647072778895,6.0807721954190095,0.11611978512066663,-0.069208057878504,-0.08128047534731579,-0.1409700577652133,-0.1642847576296892,-0.3612146913028249,-0.5061450456561382,-0.5872419618109914,-0.8165257421514481,-1.0108374079654143,0.0,0.0,0.0,0.0,0.0,0.0,0.0,0.0,0.0,0.0,0.0,0.0,0.0,0.0,0.0,0.0,0.0,0.0,0.0,0.0,0.0,0.0,0.0,0.0,0.0,0.0,0.0,0.0,0.0,0.0,0.0,0.0,0.0,0.0,0.0,0.0,0.0,0.0,0.0,42
1154_1_Ethenyloxybutane.xyz,151.46368774067957,62.2369454887218,35.7402441287108,25.067138954763436,13.975463185471517,9.927576500461237,6.630205008447646,0.11749251883178863,-0.03917052344200613,-0.06910139932771787,-0.08021441939792712,-0.14091643471787885,-0.16424760872051472,-0.2898098521298602,-0.3769220051888445,-0.5753390422971123,-0.7873495206076643,-0.94979621507951,-1.0205605888130744,0.0,0.0,0.0,0.0,0.0,0.0,0.0,0.0,0.0,0.0,0.0,0.0,0.0,0.0,0.0,0.0,0.0,0.0,0.0,0.0,0.0,0.0,0.0,0.0,0.0,0.0,0.0,0.0,0.0,0.0,0.0,0.0,0.0,0.0,0.0,0.0,0.0,42
1155_Butyronitrile.xyz,117.28896495818265,50.26698066021305,23.27324928864344,11.838603519487002,4.06664868834369,0.07095756294309111,-0.07115329071521673,-0.13276580420252074,-0.14148917200977823,-0.41721105193289865,-0.7435297199547718,-1.008127441465939,0.0,0.0,0.0,0.0,0.0,0.0,0.0,0.0,0.0,0.0,0.0,0.0,0.0,0.0,0.0,0.0,0.0,0.0,0.0,0.0,0.0,0.0,0.0,0.0,0.0,0.0,0.0,0.0,0.0,0.0,0.0,0.0,0.0,0.0,0.0,0.0,0.0,0.0,0.0,0.0,0.0,0.0,0.0,0.0,28
1156_Camphor.xyz,205.38358451397977,66.63673820711693,41.579472885467766,39.33754017964925,27.721964348182286,22.11266599811105,18.38423227096141,15.154555589570604,9.7004586439672,5.989240757285814,3.7917512476925577,0.0741868194546739,0.028772819635885283,-0.03252656748252399,-0.06954640130315841,-0.08012203176930739,-0.11439212908202304,-0.15790919202345763,-0.1661822659098201,-0.18952036171511769,-0.262433804612921,-0.5135636221319745,-0.711331466869577,-0.8108006738299849,-0.8168065495610193,-0.9209115048375678,-0.9513709958770353,0.0,0.0,0.0,0.0,0.0,0.0,0.0,0.0,0.0,0.0,0.0,0.0,0.0,0.0,0.0,0.0,0.0,0.0,0.0,0.0,0.0,0.0,0.0,0.0,0.0,0.0,0.0,0.0,0.0,62
1157_Caprolactam.xyz,175.45038428640203,63.82216441066425,44.52650409059821,30.838149218571164,17.483451678744935,13.070815334722738,8.346754069425277,4.125115228778721,0.0343872349884748,-0.04793030825326483,-0.11069409140622787,-0.11502566147363052,-0.12344311122726019,-0.2694111854119551,-0.4050192052731276,-0.5545094369681112,-0.6332182280894411,-0.9379757776556966,-0.9764652309429748,0.0,0.0,0.0,0.0,0.0,0.0,0.0,0.0,0.0,0.0,0.0,0.0,0.0,0.0,0.0,0.0,0.0,0.0,0.0,0.0,0.0,0.0,0.0,0.0,0.0,0.0,0.0,0.0,0.0,0.0,0.0,0.0,0.0,0.0,0.0,0.0,0.0,46
1158_2_Chloroacetyl_chloride.xyz,546.0507380535041,383.7382469306605,83.8492243587066,26.856760610230666,6.026205176789168,-0.06472348365446788,-0.6347745658303984,0.0,0.0,0.0,0.0,0.0,0.0,0.0,0.0,0.0,0.0,0.0,0.0,0.0,0.0,0.0,0.0,0.0,0.0,0.0,0.0,0.0,0.0,0.0,0.0,0.0,0.0,0.0,0.0,0.0,0.0,0.0,0.0,0.0,0.0,0.0,0.0,0.0,0.0,0.0,0.0,0.0,0.0,0.0,0.0,0.0,0.0,0.0,0.0,0.0,30
1159_Chlorocyclohexane.xyz,471.0668565912438,108.58668042914937,35.15855969019767,32.918815580601105,12.379713198599752,11.812201668324597,7.385477006518127,0.06794974261055976,-0.07451923434254172,-0.08670143854881118,-0.11346648145845248,-0.13831234528808956,-0.2022235967693965,-0.3930262660023345,-0.46714507234709274,-0.6773618339068064,-0.7702047563350686,-1.01027570481875,0.0,0.0,0.0,0.0,0.0,0.0,0.0,0.0,0.0,0.0,0.0,0.0,0.0,0.0,0.0,0.0,0.0,0.0,0.0,0.0,0.0,0.0,0.0,0.0,0.0,0.0,0.0,0.0,0.0,0.0,0.0,0.0,0.0,0.0,0.0,0.0,0.0,0.0,42
1160_Chlorodifluoromethane.xyz,481.02317867323393,130.25597864170675,60.13775098365453,10.208782643858495,-0.4070002544196163,0.0,0.0,0.0,0.0,0.0,0.0,0.0,0.0,0.0,0.0,0.0,0.0,0.0,0.0,0.0,0.0,0.0,0.0,0.0,0.0,0.0,0.0,0.0,0.0,0.0,0.0,0.0,0.0,0.0,0.0,0.0,0.0,0.0,0.0,0.0,0.0,0.0,0.0,0.0,0.0,0.0,0.0,0.0,0.0,0.0,0.0,0.0,0.0,0.0,0.0,0.0,26
1161_Chloroethane.xyz,460.610825565965,52.11589327054957,13.90588168254838,0.00859175105252655,-0.0631649220378358,-0.13569483873874927,-0.4886430046745427,-0.9430931249403403,0.0,0.0,0.0,0.0,0.0,0.0,0.0,0.0,0.0,0.0,0.0,0.0,0.0,0.0,0.0,0.0,0.0,0.0,0.0,0.0,0.0,0.0,0.0,0.0,0.0,0.0,0.0,0.0,0.0,0.0,0.0,0.0,0.0,0.0,0.0,0.0,0.0,0.0,0.0,0.0,0.0,0.0,0.0,0.0,0.0,0.0,0.0,0.0,20
1162_Chlorofluoromethane.xyz,467.81973164381094,100.76362569504717,16.29054251042938,-0.05202407964364908,-0.6362848354776148,0.0,0.0,0.0,0.0,0.0,0.0,0.0,0.0,0.0,0.0,0.0,0.0,0.0,0.0,0.0,0.0,0.0,0.0,0.0,0.0,0.0,0.0,0.0,0.0,0.0,0.0,0.0,0.0,0.0,0.0,0.0,0.0,0.0,0.0,0.0,0.0,0.0,0.0,0.0,0.0,0.0,0.0,0.0,0.0,0.0,0.0,0.0,0.0,0.0,0.0,0.0,20
1163_Chloromethylbenzene.xyz,470.8855926488468,125.2247360800381,41.36853514570848,35.58041956547393,19.8953107434045,9.662102750716969,8.079329811559608,2.8653834227128194,-0.05777902146654299,-0.10006070697821791,-0.25707810922896945,-0.45275540984508156,-0.5975633465245981,-0.6526964906094915,-1.1423547069548419,0.0,0.0,0.0,0.0,0.0,0.0,0.0,0.0,0.0,0.0,0.0,0.0,0.0,0.0,0.0,0.0,0.0,0.0,0.0,0.0,0.0,0.0,0.0,0.0,0.0,0.0,0.0,0.0,0.0,0.0,0.0,0.0,0.0,0.0,0.0,0.0,0.0,0.0,0.0,0.0,0.0,42
1164_Chlorotrimethylsilane.xyz,522.5354351832397,234.83197601258075,37.08449836386094,26.896598575285168,26.89514384293525,-0.0006040406174614191,-0.04073468714865956,-0.04079106625671951,-0.10236771898089544,-0.10237914013334785,-0.12328676952621627,-0.7577527381873506,-0.7890424479916409,-0.7890456991517238,0.0,0.0,0.0,0.0,0.0,0.0,0.0,0.0,0.0,0.0,0.0,0.0,0.0,0.0,0.0,0.0,0.0,0.0,0.0,0.0,0.0,0.0,0.0,0.0,0.0,0.0,0.0,0.0,0.0,0.0,0.0,0.0,0.0,0.0,0.0,0.0,0.0,0.0,0.0,0.0,0.0,0.0,32
1165_1Z_12_dichloroethene.xyz,555.1991729521341,363.050069005863,45.7216023845709,9.157695159924389,-0.19171784523535287,-0.631839296660629,0.0,0.0,0.0,0.0,0.0,0.0,0.0,0.0,0.0,0.0,0.0,0.0,0.0,0.0,0.0,0.0,0.0,0.0,0.0,0.0,0.0,0.0,0.0,0.0,0.0,0.0,0.0,0.0,0.0,0.0,0.0,0.0,0.0,0.0,0.0,0.0,0.0,0.0,0.0,0.0,0.0,0.0,0.0,0.0,0.0,0.0,0.0,0.0,0.0,0.0,24
1166_1Z_12_difluoroethene.xyz,166.9598690746032,73.24165842599666,24.852035836538953,5.727298893998718,-0.21127265348673535,-0.787179671063003,0.0,0.0,0.0,0.0,0.0,0.0,0.0,0.0,0.0,0.0,0.0,0.0,0.0,0.0,0.0,0.0,0.0,0.0,0.0,0.0,0.0,0.0,0.0,0.0,0.0,0.0,0.0,0.0,0.0,0.0,0.0,0.0,0.0,0.0,0.0,0.0,0.0,0.0,0.0,0.0,0.0,0.0,0.0,0.0,0.0,0.0,0.0,0.0,0.0,0.0,24
1167_2Zbut2ene14diol.xyz,148.40687041270508,75.41378444447204,40.27860588539008,18.58137446790404,13.382163267103902,5.6663124325192635,0.008535815943827185,-0.13046887963139328,-0.18101315389282152,-0.33939014904841663,-0.38264633659796593,-0.5453997129590764,-0.7195971524758867,-0.9733211041085272,0.0,0.0,0.0,0.0,0.0,0.0,0.0,0.0,0.0,0.0,0.0,0.0,0.0,0.0,0.0,0.0,0.0,0.0,0.0,0.0,0.0,0.0,0.0,0.0,0.0,0.0,0.0,0.0,0.0,0.0,0.0,0.0,0.0,0.0,0.0,0.0,0.0,0.0,0.0,0.0,0.0,0.0,36
1168_Cyanoacetylene.xyz,109.64713194234187,42.95467108310688,11.309685654485715,1.4271712699565182,-0.9056369517850824,0.0,0.0,0.0,0.0,0.0,0.0,0.0,0.0,0.0,0.0,0.0,0.0,0.0,0.0,0.0,0.0,0.0,0.0,0.0,0.0,0.0,0.0,0.0,0.0,0.0,0.0,0.0,0.0,0.0,0.0,0.0,0.0,0.0,0.0,0.0,0.0,0.0,0.0,0.0,0.0,0.0,0.0,0.0,0.0,0.0,0.0,0.0,0.0,0.0,0.0,0.0,18
1169_Cyclobutanenitrile.xyz,133.79739822578074,54.568794715362884,21.429010741957267,21.08072415370388,9.341055841840188,3.5229015286214067,0.056623022958519266,-0.10368222582571293,-0.13525722602837983,-0.24897621875150372,-0.5353580760150585,-0.6283081951089562,-0.9956928915374663,0.0,0.0,0.0,0.0,0.0,0.0,0.0,0.0,0.0,0.0,0.0,0.0,0.0,0.0,0.0,0.0,0.0,0.0,0.0,0.0,0.0,0.0,0.0,0.0,0.0,0.0,0.0,0.0,0.0,0.0,0.0,0.0,0.0,0.0,0.0,0.0,0.0,0.0,0.0,0.0,0.0,0.0,0.0,32
1170_Cyclohexanethiol.xyz,411.79359904802436,107.40582068675815,35.17554902420496,32.87792953605613,12.35541110220633,11.895021199090143,7.415873171222645,0.1519282165991743,0.04903201974586467,-0.08103955534407073,-0.09128074102395976,-0.11431879919203004,-0.14094020550834085,-0.21843457372406463,-0.391221427551369,-0.46615933032574314,-0.670627206127957,-0.768548641400683,-1.0055213004921193,0.0,0.0,0.0,0.0,0.0,0.0,0.0,0.0,0.0,0.0,0.0,0.0,0.0,0.0,0.0,0.0,0.0,0.0,0.0,0.0,0.0,0.0,0.0,0.0,0.0,0.0,0.0,0.0,0.0,0.0,0.0,0.0,0.0,0.0,0.0,0.0,0.0,42
1171_Cyclohexanol.xyz,155.44019310356856,58.470524181709145,35.15651521174314,25.833342160732254,12.324690068414919,10.757263012345266,7.035338538383427,0.07477514082342229,-0.07142485148255415,-0.08643146725587197,-0.11155604378752401,-0.13629972160637738,-0.18680119495200156,-0.3605420163793484,-0.4584968411555115,-0.5128077109157873,-0.7097187083172584,-0.7693116093562093,-1.0239253361457052,0.0,0.0,0.0,0.0,0.0,0.0,0.0,0.0,0.0,0.0,0.0,0.0,0.0,0.0,0.0,0.0,0.0,0.0,0.0,0.0,0.0,0.0,0.0,0.0,0.0,0.0,0.0,0.0,0.0,0.0,0.0,0.0,0.0,0.0,0.0,0.0,0.0,42
1172_Cyclohexanone.xyz,157.74347826610847,58.74912689712566,35.26325337761151,24.321621803408064,12.454165450969752,9.843830111786437,4.861879326486997,0.06188642013852439,-0.08012535945095456,-0.0881102479835241,-0.11441434436555512,-0.13959934358225473,-0.29051944676377106,-0.46744285189057894,-0.6661121319047711,-0.7684138519294151,-1.0191781593987903,0.0,0.0,0.0,0.0,0.0,0.0,0.0,0.0,0.0,0.0,0.0,0.0,0.0,0.0,0.0,0.0,0.0,0.0,0.0,0.0,0.0,0.0,0.0,0.0,0.0,0.0,0.0,0.0,0.0,0.0,0.0,0.0,0.0,0.0,0.0,0.0,0.0,0.0,0.0,40
1173_Cyclohexylamine.xyz,146.14960887414,50.24688876422622,35.15454211181789,23.99500247272769,12.31190983456147,10.748151873955667,7.090179194786432,0.07888835390849068,-0.06755501339146189,-0.07090588121181353,-0.11064927772799787,-0.11241755434262883,-0.1677471006705048,-0.18608871297422422,-0.36958779572086237,-0.46590248124578515,-0.6256957517620922,-0.768502781767591,-0.7912602962016844,-1.0315202367235148,0.0,0.0,0.0,0.0,0.0,0.0,0.0,0.0,0.0,0.0,0.0,0.0,0.0,0.0,0.0,0.0,0.0,0.0,0.0,0.0,0.0,0.0,0.0,0.0,0.0,0.0,0.0,0.0,0.0,0.0,0.0,0.0,0.0,0.0,0.0,0.0,42
1174_Cyclopentanol.xyz,146.01967959296826,53.22069788233909,28.644925370096228,21.30980651239874,9.29171459860224,7.962865838232169,0.10428111594376929,-0.08002423156628578,-0.09015816118492649,-0.17671825936392654,-0.20119575327279382,-0.37215385453642685,-0.5099352067888954,-0.5375187085094568,-0.8554813033074179,-0.923564715110601,0.0,0.0,0.0,0.0,0.0,0.0,0.0,0.0,0.0,0.0,0.0,0.0,0.0,0.0,0.0,0.0,0.0,0.0,0.0,0.0,0.0,0.0,0.0,0.0,0.0,0.0,0.0,0.0,0.0,0.0,0.0,0.0,0.0,0.0,0.0,0.0,0.0,0.0,0.0,0.0,36
1175_Cyclopropanecarbonitrile.xyz,122.94083955354292,48.96849573946335,15.798299091851385,13.998887955341567,3.5532391275103135,0.021704484485386373,-0.12205925343280491,-0.2838901455175022,-0.7326090751917649,-0.8517792805209637,0.0,0.0,0.0,0.0,0.0,0.0,0.0,0.0,0.0,0.0,0.0,0.0,0.0,0.0,0.0,0.0,0.0,0.0,0.0,0.0,0.0,0.0,0.0,0.0,0.0,0.0,0.0,0.0,0.0,0.0,0.0,0.0,0.0,0.0,0.0,0.0,0.0,0.0,0.0,0.0,0.0,0.0,0.0,0.0,0.0,0.0,26
1176_Cyclopropylamine.xyz,111.6111861195968,34.29474769039828,14.197627664755649,10.014825119775088,0.04018398743359009,-0.10205030076000197,-0.13691777306410527,-0.22184532853720448,-0.5737743522052985,-0.8400960247930435,-0.850863804493772,0.0,0.0,0.0,0.0,0.0,0.0,0.0,0.0,0.0,0.0,0.0,0.0,0.0,0.0,0.0,0.0,0.0,0.0,0.0,0.0,0.0,0.0,0.0,0.0,0.0,0.0,0.0,0.0,0.0,0.0,0.0,0.0,0.0,0.0,0.0,0.0,0.0,0.0,0.0,0.0,0.0,0.0,0.0,0.0,0.0,24
1177_Decanol.xyz,158.96699550890918,92.05529366713344,61.22313674461621,41.958770154506595,29.421363780177913,21.066042383634986,15.533099682337676,12.037904339492137,10.091409525564467,9.256558788091883,9.216115472450102,0.22715753153030935,0.10534956656440247,-0.0062550494301948775,-0.06894479924217504,-0.08886894857646879,-0.10687217984086456,-0.12701423577083085,-0.15458948613249665,-0.16078571066377648,-0.18775336110615815,-0.18831186600124625,-0.2370182238572655,-0.34441751728013964,-0.40471916144021547,-0.4775373294467199,-0.5467026393464308,-0.6115078583520703,-0.6857310759552416,-0.7790285061771359,-0.885202906777968,-0.975636489879634,-1.0245530856626908,0.0,0.0,0.0,0.0,0.0,0.0,0.0,0.0,0.0,0.0,0.0,0.0,0.0,0.0,0.0,0.0,0.0,0.0,0.0,0.0,0.0,0.0,0.0,68
1178_Decane_1_thiol.xyz,407.8312955911201,132.80497208410245,71.99325005618124,47.69905263756011,32.71290432428012,23.1595763423064,16.775514874450593,12.744792511593639,10.427650600271159,9.365495761889278,9.22379359396009,0.22724186004545138,0.11430963537784276,0.10520968450115857,-0.006572373614039699,-0.06895347315575145,-0.08863492782403072,-0.1068518807791855,-0.12660750848054045,-0.1542737891204396,-0.16072693692567802,-0.18763169695750326,-0.18832221334767701,-0.25146008689310473,-0.3784756180534341,-0.46459769946759766,-0.5352918422084255,-0.5962472450534103,-0.6643688580914966,-0.7534086143494054,-0.8620977399298163,-0.9630347999334994,-1.0230092325334184,0.0,0.0,0.0,0.0,0.0,0.0,0.0,0.0,0.0,0.0,0.0,0.0,0.0,0.0,0.0,0.0,0.0,0.0,0.0,0.0,0.0,0.0,0.0,68
1179_4hydroxy4methylpentan2one.xyz,179.36301061889077,73.66736409666369,36.29581647671976,30.374620305388476,23.978507067004568,21.97127147304553,7.682623212300173,5.194535155567276,0.030279392490021744,-0.02043431797304512,-0.05038109661838375,-0.07660436838710252,-0.11273402546211171,-0.1309238803223224,-0.15082518581194534,-0.4851254756634867,-0.6645675475915354,-0.8163341922731038,-0.901858569378036,-0.9662185024130869,0.0,0.0,0.0,0.0,0.0,0.0,0.0,0.0,0.0,0.0,0.0,0.0,0.0,0.0,0.0,0.0,0.0,0.0,0.0,0.0,0.0,0.0,0.0,0.0,0.0,0.0,0.0,0.0,0.0,0.0,0.0,0.0,0.0,0.0,0.0,0.0,48
1180_Dibromomethane.xyz,2923.563029988027,2163.6249800122737,30.136682964346996,-0.054502090919258395,-0.5864103507590791,0.0,0.0,0.0,0.0,0.0,0.0,0.0,0.0,0.0,0.0,0.0,0.0,0.0,0.0,0.0,0.0,0.0,0.0,0.0,0.0,0.0,0.0,0.0,0.0,0.0,0.0,0.0,0.0,0.0,0.0,0.0,0.0,0.0,0.0,0.0,0.0,0.0,0.0,0.0,0.0,0.0,0.0,0.0,0.0,0.0,0.0,0.0,0.0,0.0,0.0,0.0,20
1181_Dibutylamine.xyz,148.72827987619678,69.8369933701095,49.729047787279015,29.362077189592917,21.7622278545194,14.304284322057603,11.62846028023887,9.50873513649749,9.442183339920788,0.18029037171973955,0.08096594906917433,-0.04864394065420045,-0.0682170092017791,-0.06975536731362932,-0.11101181028125344,-0.13406862958715987,-0.14384978813592073,-0.15583704771942475,-0.18916988523073328,-0.25547363564244346,-0.3994899998767768,-0.4453087885633947,-0.571009185857546,-0.6112106501927992,-0.764259759505843,-0.8543145921201425,-0.9965645525956156,-1.0218118394870093,0.0,0.0,0.0,0.0,0.0,0.0,0.0,0.0,0.0,0.0,0.0,0.0,0.0,0.0,0.0,0.0,0.0,0.0,0.0,0.0,0.0,0.0,0.0,0.0,0.0,0.0,0.0,0.0,56
1182_1_Butoxybutane.xyz,161.96849271765683,69.35499961732515,54.87339067558127,29.113258078914928,22.932997529514157,14.143562387597358,12.080855597343488,9.69586342849314,9.37207388345623,0.170993972040139,0.07865983325986,-0.04789428979135529,-0.06814683723469284,-0.0697741754391123,-0.1121300667164461,-0.1376104654343768,-0.1441091730469317,-0.1545550528665512,-0.1906979276334163,-0.31737040843699615,-0.40162040872523747,-0.57270274238011,-0.5751562641959986,-0.7727127738766623,-0.8247278721568992,-0.9999824151967649,-1.014420532833368,0.0,0.0,0.0,0.0,0.0,0.0,0.0,0.0,0.0,0.0,0.0,0.0,0.0,0.0,0.0,0.0,0.0,0.0,0.0,0.0,0.0,0.0,0.0,0.0,0.0,0.0,0.0,0.0,0.0,56
1183_1_Butylsulfanylbutane.xyz,420.6204198304034,92.37486157270841,71.4878467057859,32.67900280726944,30.217176658875555,15.961584884030461,14.676821280433758,10.260659904634348,9.650397435502015,0.1581779323734791,0.0864361086442335,-0.05455385598542329,-0.06834253947399854,-0.06969902818635611,-0.10664092501854266,-0.1397385130307767,-0.14270906309480083,-0.15627524542855611,-0.1825432140009722,-0.3232758711741974,-0.40044054481268804,-0.5523195592660554,-0.575991655198469,-0.755635439806286,-0.7683807935412299,-0.9923981386750376,-0.9961581118979804,0.0,0.0,0.0,0.0,0.0,0.0,0.0,0.0,0.0,0.0,0.0,0.0,0.0,0.0,0.0,0.0,0.0,0.0,0.0,0.0,0.0,0.0,0.0,0.0,0.0,0.0,0.0,0.0,0.0,56
1184_Dichloroacetic_acid.xyz,582.0620453893084,351.35020424200343,114.69420443421852,45.44337894190057,22.18765287815254,4.524997004250984,-0.38527504336591695,-0.5388360462517917,0.0,0.0,0.0,0.0,0.0,0.0,0.0,0.0,0.0,0.0,0.0,0.0,0.0,0.0,0.0,0.0,0.0,0.0,0.0,0.0,0.0,0.0,0.0,0.0,0.0,0.0,0.0,0.0,0.0,0.0,0.0,0.0,0.0,0.0,0.0,0.0,0.0,0.0,0.0,0.0,0.0,0.0,0.0,0.0,0.0,0.0,0.0,0.0,36
1185_Dichlorofluoromethane.xyz,576.361817887787,350.7979027186139,91.4724120201673,14.214516509584229,-0.3666722211139982,0.0,0.0,0.0,0.0,0.0,0.0,0.0,0.0,0.0,0.0,0.0,0.0,0.0,0.0,0.0,0.0,0.0,0.0,0.0,0.0,0.0,0.0,0.0,0.0,0.0,0.0,0.0,0.0,0.0,0.0,0.0,0.0,0.0,0.0,0.0,0.0,0.0,0.0,0.0,0.0,0.0,0.0,0.0,0.0,0.0,0.0,0.0,0.0,0.0,0.0,0.0,26
1186_Dichloromethylbenzene.xyz,580.5843141592907,350.9015509365916,116.27122674503377,39.33753577435571,35.52848266332581,18.554038785931784,9.653579152080571,7.890881788534913,2.804603067654775,-0.10182582098259682,-0.23267680591531337,-0.382666644962603,-0.4841899577926407,-0.599489880704397,-1.1298556047163608,0.0,0.0,0.0,0.0,0.0,0.0,0.0,0.0,0.0,0.0,0.0,0.0,0.0,0.0,0.0,0.0,0.0,0.0,0.0,0.0,0.0,0.0,0.0,0.0,0.0,0.0,0.0,0.0,0.0,0.0,0.0,0.0,0.0,0.0,0.0,0.0,0.0,0.0,0.0,0.0,0.0,48
1187_Diethylamine.xyz,119.91833680904693,42.1640999475864,25.424760301177187,12.386240202269372,10.161429551408911,0.09141027714335571,-0.04518303242408467,-0.06594974250800953,-0.0709232393895023,-0.11666226019838576,-0.1723634658411274,-0.31077445114456137,-0.5251466911229774,-0.6000603303685916,-0.9342236914124069,-1.013861986690631,0.0,0.0,0.0,0.0,0.0,0.0,0.0,0.0,0.0,0.0,0.0,0.0,0.0,0.0,0.0,0.0,0.0,0.0,0.0,0.0,0.0,0.0,0.0,0.0,0.0,0.0,0.0,0.0,0.0,0.0,0.0,0.0,0.0,0.0,0.0,0.0,0.0,0.0,0.0,0.0,32
1188_Diethyl_carbonate.xyz,202.10816045871832,68.2655300223991,51.10578277454697,36.148106632967476,28.628174966087098,12.692676039665287,11.205427597284062,3.0875053537804806,0.02169014244474052,-0.008296568178201293,-0.06972236650770595,-0.07109459820309814,-0.13399238884640402,-0.13965352827710314,-0.5030800415229517,-0.5351899800813178,-0.9769672443895616,-0.9844471153267912,0.0,0.0,0.0,0.0,0.0,0.0,0.0,0.0,0.0,0.0,0.0,0.0,0.0,0.0,0.0,0.0,0.0,0.0,0.0,0.0,0.0,0.0,0.0,0.0,0.0,0.0,0.0,0.0,0.0,0.0,0.0,0.0,0.0,0.0,0.0,0.0,0.0,0.0,48
1189_22Hydroxyethoxyethan1ol.xyz,171.42017729622728,83.39725491338658,59.31858570600879,24.727223667569007,17.547082305705253,10.248476077747041,10.09746110067205,0.08148782518521647,-0.045197256309221986,-0.11534604361049802,-0.17251733404447844,-0.3130083453672605,-0.36848738457118435,-0.5352166759916257,-0.5449575066207443,-0.8470249426616214,-0.9134884461900935,0.0,0.0,0.0,0.0,0.0,0.0,0.0,0.0,0.0,0.0,0.0,0.0,0.0,0.0,0.0,0.0,0.0,0.0,0.0,0.0,0.0,0.0,0.0,0.0,0.0,0.0,0.0,0.0,0.0,0.0,0.0,0.0,0.0,0.0,0.0,0.0,0.0,0.0,0.0,44
1190_1Methoxy22methoxyethoxyethane.xyz,187.04302784995642,97.69567456469056,66.89479970563579,28.466651562668716,22.02290437934903,16.613353103617694,14.809456944422616,10.029137105473502,9.984496703642618,0.1097182325447223,0.01772383635566131,-0.05098394907702346,-0.0669574029327519,-0.06888691734976149,-0.11811968012019412,-0.15162918181933133,-0.17975529094204307,-0.44285063983540235,-0.5040097401251435,-0.7828715643615228,-0.8187014199238919,-0.8849518196826461,-0.9185110262012252,0.0,0.0,0.0,0.0,0.0,0.0,0.0,0.0,0.0,0.0,0.0,0.0,0.0,0.0,0.0,0.0,0.0,0.0,0.0,0.0,0.0,0.0,0.0,0.0,0.0,0.0,0.0,0.0,0.0,0.0,0.0,0.0,0.0,56
1191_22ethoxyethoxyethan1ol.xyz,185.55894504408326,95.06086028944738,64.0366680362125,35.93039636736697,24.072610086643106,17.60830788515232,11.324745924227445,10.11394700992175,10.001894466772104,0.11089457148012383,0.015594791618786187,-0.06495776598631982,-0.06788643665599417,-0.10561200577118103,-0.15416801572839753,-0.18175470441163294,-0.3338378590076317,-0.46138025081640127,-0.521311023315188,-0.5419114366862797,-0.8237910928070983,-0.9014264075738959,-0.978112118179282,0.0,0.0,0.0,0.0,0.0,0.0,0.0,0.0,0.0,0.0,0.0,0.0,0.0,0.0,0.0,0.0,0.0,0.0,0.0,0.0,0.0,0.0,0.0,0.0,0.0,0.0,0.0,0.0,0.0,0.0,0.0,0.0,0.0,56
1192_22methoxyethoxyethan1ol.xyz,179.6301812393723,90.83571112432202,62.44838439790178,26.971970638543603,19.725930762828717,15.367975912215709,10.161928108900849,10.015822771163144,0.09796992568255139,-0.007368981405059725,-0.06789909512945375,-0.08564707663923012,-0.14038074266900294,-0.17688799542868625,-0.33599414106074793,-0.47631405219407946,-0.5418730070228485,-0.7972366534365724,-0.8686174658001201,-0.9170455135845148,0.0,0.0,0.0,0.0,0.0,0.0,0.0,0.0,0.0,0.0,0.0,0.0,0.0,0.0,0.0,0.0,0.0,0.0,0.0,0.0,0.0,0.0,0.0,0.0,0.0,0.0,0.0,0.0,0.0,0.0,0.0,0.0,0.0,0.0,0.0,0.0,50
1193_bis2aminoethylamine.xyz,145.64247990518618,68.60640335557551,45.55850643305527,23.289862572410183,15.761343371398091,10.29908127674755,9.730102829467231,0.11232243838271508,-0.016812014397264107,-0.11022517009252697,-0.1416811069648987,-0.14633789156834257,-0.17262141619165502,-0.27380502560838,-0.43671838939777335,-0.4692012793307377,-0.6266902640707535,-0.7144992028213037,-0.9067732343197067,-0.9761941902713278,0.0,0.0,0.0,0.0,0.0,0.0,0.0,0.0,0.0,0.0,0.0,0.0,0.0,0.0,0.0,0.0,0.0,0.0,0.0,0.0,0.0,0.0,0.0,0.0,0.0,0.0,0.0,0.0,0.0,0.0,0.0,0.0,0.0,0.0,0.0,0.0,44
1194_13Diethyl_propanedioate.xyz,228.56309929901937,100.57106983567223,55.83661889925014,53.41283272568341,35.25199131848558,32.175601759998095,24.186222638657288,12.38766056932829,11.664750243533481,4.99472394177388,3.2870248567565064,0.011900768856869883,0.005281187301352797,-0.06922528645402022,-0.07040134344907288,-0.08085508900444924,-0.1358014023785033,-0.13760031715859336,-0.4991267050646178,-0.5345836634674901,-0.783170160760651,-0.9793465831405708,-0.9851522182161557,0.0,0.0,0.0,0.0,0.0,0.0,0.0,0.0,0.0,0.0,0.0,0.0,0.0,0.0,0.0,0.0,0.0,0.0,0.0,0.0,0.0,0.0,0.0,0.0,0.0,0.0,0.0,0.0,0.0,0.0,0.0,0.0,0.0,64
1195_Diethyl_oxalate.xyz,227.04326669726987,87.6937637225829,57.27097472976442,51.71793186537246,32.72784070262177,32.13651449435988,13.226928297382416,12.047347257466086,7.882893902362284,1.8754274220691896,0.014645861609158923,-0.0020645258226165645,-0.06993273577069234,-0.07038581915349233,-0.1364983772232906,-0.13678932593430462,-0.5049776763166244,-0.5382950191935795,-0.9793953659726252,-0.9837860316763608,0.0,0.0,0.0,0.0,0.0,0.0,0.0,0.0,0.0,0.0,0.0,0.0,0.0,0.0,0.0,0.0,0.0,0.0,0.0,0.0,0.0,0.0,0.0,0.0,0.0,0.0,0.0,0.0,0.0,0.0,0.0,0.0,0.0,0.0,0.0,0.0,58
1196_Diethyl_sulfate.xyz,495.8223811463308,92.6990152763815,69.87498171010165,47.658546747276155,47.631502539201605,31.591106540053836,29.21666037153825,12.005764397357735,11.407979570616689,0.012437885140107631,-0.001998485986049985,-0.06641535225986053,-0.07144110728460094,-0.13671893278952862,-0.1369652858005079,-0.5030308159749282,-0.5332621986470083,-0.9713471067803234,-0.9765561948692082,0.0,0.0,0.0,0.0,0.0,0.0,0.0,0.0,0.0,0.0,0.0,0.0,0.0,0.0,0.0,0.0,0.0,0.0,0.0,0.0,0.0,0.0,0.0,0.0,0.0,0.0,0.0,0.0,0.0,0.0,0.0,0.0,0.0,0.0,0.0,0.0,0.0,56
1197_Ethylsulfanylethane.xyz,412.94071894865,58.51479678817496,44.26817811636644,14.973998739342289,12.98147763697883,0.06213862085879178,-0.03690425130461775,-0.059607901634613596,-0.06864056976740929,-0.11921754318631068,-0.16446190242127112,-0.44147926675336147,-0.5353904749480535,-0.9251801967876612,-0.9345649192025357,0.0,0.0,0.0,0.0,0.0,0.0,0.0,0.0,0.0,0.0,0.0,0.0,0.0,0.0,0.0,0.0,0.0,0.0,0.0,0.0,0.0,0.0,0.0,0.0,0.0,0.0,0.0,0.0,0.0,0.0,0.0,0.0,0.0,0.0,0.0,0.0,0.0,0.0,0.0,0.0,0.0,32
1198_Diethyl_sulfite.xyz,467.25321122009973,96.67991391876177,68.44601242641617,47.50433858100698,31.369853758792242,29.851048425141414,12.121342774826447,11.176360904164525,0.037483678689063986,-0.026515046660165464,-0.06491197896016915,-0.07144182683179108,-0.12236810130824083,-0.1615872528964351,-0.47540937598400923,-0.5696863669662363,-0.9672412072320735,-0.9744585472631123,0.0,0.0,0.0,0.0,0.0,0.0,0.0,0.0,0.0,0.0,0.0,0.0,0.0,0.0,0.0,0.0,0.0,0.0,0.0,0.0,0.0,0.0,0.0,0.0,0.0,0.0,0.0,0.0,0.0,0.0,0.0,0.0,0.0,0.0,0.0,0.0,0.0,0.0,50
1199_Difluoromethoxymethane.xyz,200.26471477356228,60.79889635623315,58.33962039904021,19.011197724168056,7.343153853123559,-0.06157793361666749,-0.06981119398400187,-0.4620460795391463,-0.8650432725893105,0.0,0.0,0.0,0.0,0.0,0.0,0.0,0.0,0.0,0.0,0.0,0.0,0.0,0.0,0.0,0.0,0.0,0.0,0.0,0.0,0.0,0.0,0.0,0.0,0.0,0.0,0.0,0.0,0.0,0.0,0.0,0.0,0.0,0.0,0.0,0.0,0.0,0.0,0.0,0.0,0.0,0.0,0.0,0.0,0.0,0.0,0.0,32
1200_Difluoromethoxytrifluoroethane.xyz,288.3974220447344,112.06393777926006,64.74916138595047,60.13352929242018,55.23499205246777,42.88837833041423,8.372164214389002,4.042576597720426,-0.48375780935422014,0.0,0.0,0.0,0.0,0.0,0.0,0.0,0.0,0.0,0.0,0.0,0.0,0.0,0.0,0.0,0.0,0.0,0.0,0.0,0.0,0.0,0.0,0.0,0.0,0.0,0.0,0.0,0.0,0.0,0.0,0.0,0.0,0.0,0.0,0.0,0.0,0.0,0.0,0.0,0.0,0.0,0.0,0.0,0.0,0.0,0.0,0.0,50
1201_3Methyl13methylbutoxybutane.xyz,176.55441865309388,81.01190192542995,61.583695901262736,29.752549599803853,24.307983959277394,24.110920657633017,22.461593521976447,13.145074586265938,11.501143698819309,8.253618134169402,7.990120185236824,0.1294091858265846,0.05626848533101183,-0.009007971744547727,-0.020404494788045235,-0.02629113355555141,-0.07025125080534216,-0.11810397956400565,-0.12587975573099336,-0.1364759642997148,-0.14775878249186358,-0.1544190943216053,-0.18235032616411825,-0.24349281433311473,-0.2834669693179646,-0.5030604875111166,-0.5308853454768664,-0.7605497378169565,-0.8005725072307394,-0.8094642123871633,-0.8240027696106287,-1.0009179769144048,-1.0135962059922028,0.0,0.0,0.0,0.0,0.0,0.0,0.0,0.0,0.0,0.0,0.0,0.0,0.0,0.0,0.0,0.0,0.0,0.0,0.0,0.0,0.0,0.0,0.0,68
1202_Diketene.xyz,170.83562797615866,58.465847684969,33.88804749103504,24.236264705030298,7.048605081019118,3.7101291879798284,-0.0435748588655801,-0.05964576706299336,-0.6658043449139569,-0.9496869180251303,0.0,0.0,0.0,0.0,0.0,0.0,0.0,0.0,0.0,0.0,0.0,0.0,0.0,0.0,0.0,0.0,0.0,0.0,0.0,0.0,0.0,0.0,0.0,0.0,0.0,0.0,0.0,0.0,0.0,0.0,0.0,0.0,0.0,0.0,0.0,0.0,0.0,0.0,0.0,0.0,0.0,0.0,0.0,0.0,0.0,0.0,32
1203_Dimethoxymethane.xyz,157.19088694229796,57.0760783181355,22.26907324688227,17.992648517415795,9.813244182045572,0.00787888916943411,-0.035361584598450915,-0.07709357906949445,-0.0848645261199774,-0.14385946939252495,-0.6723693235204143,-0.8605730648628453,-0.8679835104845006,0.0,0.0,0.0,0.0,0.0,0.0,0.0,0.0,0.0,0.0,0.0,0.0,0.0,0.0,0.0,0.0,0.0,0.0,0.0,0.0,0.0,0.0,0.0,0.0,0.0,0.0,0.0,0.0,0.0,0.0,0.0,0.0,0.0,0.0,0.0,0.0,0.0,0.0,0.0,0.0,0.0,0.0,0.0,32
1204_Dimethyl_carbonate.xyz,188.41165829647318,58.43472187873417,47.76645991420844,21.914005154304412,16.529479727838286,3.076151414291615,-0.04953969493651562,-0.06574524414126494,-0.06715062307570259,-0.07494972278553629,-0.8704984196283952,-0.8801929235740363,0.0,0.0,0.0,0.0,0.0,0.0,0.0,0.0,0.0,0.0,0.0,0.0,0.0,0.0,0.0,0.0,0.0,0.0,0.0,0.0,0.0,0.0,0.0,0.0,0.0,0.0,0.0,0.0,0.0,0.0,0.0,0.0,0.0,0.0,0.0,0.0,0.0,0.0,0.0,0.0,0.0,0.0,0.0,0.0,36
1205_Dimethylchlorosilane.xyz,517.3893432110303,231.16172348587315,33.80366908094432,26.957304796852714,0.1771470858570795,-0.03754866883648632,-0.05738496535353908,-0.09141066770280352,-0.10340736821059013,-0.7698865973216613,-0.7900069226508668,0.0,0.0,0.0,0.0,0.0,0.0,0.0,0.0,0.0,0.0,0.0,0.0,0.0,0.0,0.0,0.0,0.0,0.0,0.0,0.0,0.0,0.0,0.0,0.0,0.0,0.0,0.0,0.0,0.0,0.0,0.0,0.0,0.0,0.0,0.0,0.0,0.0,0.0,0.0,0.0,0.0,0.0,0.0,0.0,0.0,26
1206_Dimethyldichlorosilane.xyz,627.1831232061102,362.72494957037367,207.8255212797166,33.00543335107882,27.027515687148217,-0.02908944418070078,-0.044573738798316484,-0.09040663198037267,-0.1014379754412835,-0.774160183658208,-0.7929466690154022,0.0,0.0,0.0,0.0,0.0,0.0,0.0,0.0,0.0,0.0,0.0,0.0,0.0,0.0,0.0,0.0,0.0,0.0,0.0,0.0,0.0,0.0,0.0,0.0,0.0,0.0,0.0,0.0,0.0,0.0,0.0,0.0,0.0,0.0,0.0,0.0,0.0,0.0,0.0,0.0,0.0,0.0,0.0,0.0,0.0,32
1207_Methyldisulfanylmethane.xyz,527.7067425052874,265.7716461542447,33.90213531696401,27.22784776381182,-0.020738460071078373,-0.05230862898136919,-0.07054774068204252,-0.10523685715477035,-0.7837478348097462,-0.8126997664330312,0.0,0.0,0.0,0.0,0.0,0.0,0.0,0.0,0.0,0.0,0.0,0.0,0.0,0.0,0.0,0.0,0.0,0.0,0.0,0.0,0.0,0.0,0.0,0.0,0.0,0.0,0.0,0.0,0.0,0.0,0.0,0.0,0.0,0.0,0.0,0.0,0.0,0.0,0.0,0.0,0.0,0.0,0.0,0.0,0.0,0.0,26
1208_Dimethylethanolamine.xyz,147.2067344938043,66.23368249082237,24.792489009628817,23.37715992743545,13.335197787946703,8.77077317782606,0.07388988587667032,-0.012535674560084647,-0.025465790512982853,-0.12329540147933059,-0.14807299604973356,-0.16946305452472435,-0.39481129351110067,-0.5435715299979335,-0.789835506859398,-0.8123980467650163,-0.962654561737912,0.0,0.0,0.0,0.0,0.0,0.0,0.0,0.0,0.0,0.0,0.0,0.0,0.0,0.0,0.0,0.0,0.0,0.0,0.0,0.0,0.0,0.0,0.0,0.0,0.0,0.0,0.0,0.0,0.0,0.0,0.0,0.0,0.0,0.0,0.0,0.0,0.0,0.0,0.0,38
1209_Dimethyl_maleate.xyz,224.71141076774717,99.1695217075669,50.785934895225495,48.72160965395653,40.5687417691826,20.534526478528527,19.514849595273063,11.311703703651242,4.330174051722715,2.656038429810054,-0.058955602263140915,-0.06136588236757036,-0.0687431704423538,-0.07040743238294266,-0.24592062349677712,-0.8012213718895098,-0.8697704270891987,-0.9127164669362273,0.0,0.0,0.0,0.0,0.0,0.0,0.0,0.0,0.0,0.0,0.0,0.0,0.0,0.0,0.0,0.0,0.0,0.0,0.0,0.0,0.0,0.0,0.0,0.0,0.0,0.0,0.0,0.0,0.0,0.0,0.0,0.0,0.0,0.0,0.0,0.0,0.0,0.0,56
1210_Dimethylsilane.xyz,299.1580820563942,34.70720605978369,26.980467226662125,0.24878947961823136,0.12456550509840647,-0.05571972793432338,-0.06780745260884041,-0.09201002817555243,-0.10398286675855872,-0.7668703587133473,-0.7875634037567414,0.0,0.0,0.0,0.0,0.0,0.0,0.0,0.0,0.0,0.0,0.0,0.0,0.0,0.0,0.0,0.0,0.0,0.0,0.0,0.0,0.0,0.0,0.0,0.0,0.0,0.0,0.0,0.0,0.0,0.0,0.0,0.0,0.0,0.0,0.0,0.0,0.0,0.0,0.0,0.0,0.0,0.0,0.0,0.0,0.0,20
1211_Dimethyl_sulfate.xyz,489.574527346898,80.16752300472851,60.28023817883482,47.66653732032021,47.537384035429326,18.527009539066338,17.04007952215006,-0.06119922521038918,-0.06482770003380636,-0.06632909270590252,-0.0674865640847175,-0.8509474751268159,-0.8760785855110498,0.0,0.0,0.0,0.0,0.0,0.0,0.0,0.0,0.0,0.0,0.0,0.0,0.0,0.0,0.0,0.0,0.0,0.0,0.0,0.0,0.0,0.0,0.0,0.0,0.0,0.0,0.0,0.0,0.0,0.0,0.0,0.0,0.0,0.0,0.0,0.0,0.0,0.0,0.0,0.0,0.0,0.0,0.0,44
1212_Dimethyl_sulfite.xyz,461.4882583128517,83.35374350035525,59.23861122842751,47.697549942134714,17.833228008838773,17.662591993120063,-0.05168752117349522,-0.05914110601377849,-0.07540551295177317,-0.07888550144200257,-0.8443096871388528,-0.8748180720636467,0.0,0.0,0.0,0.0,0.0,0.0,0.0,0.0,0.0,0.0,0.0,0.0,0.0,0.0,0.0,0.0,0.0,0.0,0.0,0.0,0.0,0.0,0.0,0.0,0.0,0.0,0.0,0.0,0.0,0.0,0.0,0.0,0.0,0.0,0.0,0.0,0.0,0.0,0.0,0.0,0.0,0.0,0.0,0.0,38
1213_1propylsulfanylpropane.xyz,417.47411894895924,77.33274124996271,59.23280433031768,23.446223623781833,21.35889103587832,11.51938289834849,10.439362138887587,0.12192581194616016,0.03378375281509184,-0.06756926301691406,-0.07077070277776662,-0.10791093045329901,-0.137754878545709,-0.13948272587555702,-0.16848913030450988,-0.36686971883170955,-0.45121359415737067,-0.6545515330937912,-0.6754229647895637,-0.9704324405536586,-0.9766936852796633,0.0,0.0,0.0,0.0,0.0,0.0,0.0,0.0,0.0,0.0,0.0,0.0,0.0,0.0,0.0,0.0,0.0,0.0,0.0,0.0,0.0,0.0,0.0,0.0,0.0,0.0,0.0,0.0,0.0,0.0,0.0,0.0,0.0,0.0,0.0,44
1214_1Pentyloxypentane.xyz,171.01648594567888,79.85934270229784,64.97697740906229,37.33322712041677,30.47755475688797,19.561604823017635,16.44918656815996,11.626561111501942,10.634257410199497,9.565650718870565,9.158037812305611,0.19534394929990834,0.11888822139527602,-0.009053528677015588,-0.06864288874651563,-0.06945018223611875,-0.07112405063634587,-0.10440588372228769,-0.12851360743590554,-0.15435411154224885,-0.16571802271227154,-0.16647861763549063,-0.19166870559631363,-0.2870239600863399,-0.36720179326998925,-0.5066249868472643,-0.5208006271711186,-0.6465744783787063,-0.6683143152882562,-0.839134360057034,-0.8835653163262132,-1.009238394933081,-1.0174840037259827,0.0,0.0,0.0,0.0,0.0,0.0,0.0,0.0,0.0,0.0,0.0,0.0,0.0,0.0,0.0,0.0,0.0,0.0,0.0,0.0,0.0,0.0,0.0,68
1215_Phenoxybenzene.xyz,212.6968047283239,88.35108489844262,59.65346721040383,36.261424038415406,35.00455299024259,30.257876420644077,23.218303840917766,9.786831265542,9.557643037042652,8.846084641905133,7.100150368482377,2.9540634935705277,2.2844789810101225,-0.08545555599386792,-0.12982204158880303,-0.24481480762898442,-0.24894899710950463,-0.4693486509418219,-0.4945448831323732,-0.5975948387385248,-0.6004354264181364,-1.1036525196027127,-1.1841910808664642,0.0,0.0,0.0,0.0,0.0,0.0,0.0,0.0,0.0,0.0,0.0,0.0,0.0,0.0,0.0,0.0,0.0,0.0,0.0,0.0,0.0,0.0,0.0,0.0,0.0,0.0,0.0,0.0,0.0,0.0,0.0,0.0,0.0,64
1216_Diphenylmethanone.xyz,216.43774785996612,89.88422090193865,68.63474980899456,37.90268208435336,34.59683351181286,32.724359868867865,30.738205572986132,13.456265298275643,9.728883369866786,9.424341619720497,9.053587077993932,5.507314768271664,3.0013504482496045,1.7177824174287926,-0.08188998329445184,-0.12884556597602626,-0.24164519507046262,-0.2595659495995879,-0.4654039106471175,-0.4875822645865675,-0.5987065027581204,-0.6026779826370404,-1.0900065919534685,-1.1799383498560327,0.0,0.0,0.0,0.0,0.0,0.0,0.0,0.0,0.0,0.0,0.0,0.0,0.0,0.0,0.0,0.0,0.0,0.0,0.0,0.0,0.0,0.0,0.0,0.0,0.0,0.0,0.0,0.0,0.0,0.0,0.0,0.0,68
1217_Dipropylamine.xyz,136.16725626233026,57.392534267674094,38.50394226641259,20.611383724824893,14.69628039065649,10.131903025447224,9.67717906882037,0.14745023963376544,0.027120197189401025,-0.06855097297456482,-0.07092278800244418,-0.10536476999378186,-0.13240193898332225,-0.14106258797657184,-0.1775523801808828,-0.2773782718542311,-0.4494676633010797,-0.48643285831035604,-0.6686120619725463,-0.7755009253819065,-0.9768070212420515,-1.0176566064315842,0.0,0.0,0.0,0.0,0.0,0.0,0.0,0.0,0.0,0.0,0.0,0.0,0.0,0.0,0.0,0.0,0.0,0.0,0.0,0.0,0.0,0.0,0.0,0.0,0.0,0.0,0.0,0.0,0.0,0.0,0.0,0.0,0.0,0.0,44
1218_1_Propoxypropane.xyz,150.82169553328976,56.877129717383774,42.8919909613786,20.35539373101782,15.476829617537156,10.011783256179188,9.97993781537931,0.13708605118885,0.024557370587006595,-0.0699438216977357,-0.071812078698268,-0.10238153128133964,-0.13555724486038098,-0.14124741624776052,-0.1797101807889424,-0.3603225489591935,-0.45282267717893154,-0.6751420896879022,-0.7339057974562807,-0.9824455252804514,-1.0057872254383042,0.0,0.0,0.0,0.0,0.0,0.0,0.0,0.0,0.0,0.0,0.0,0.0,0.0,0.0,0.0,0.0,0.0,0.0,0.0,0.0,0.0,0.0,0.0,0.0,0.0,0.0,0.0,0.0,0.0,0.0,0.0,0.0,0.0,0.0,0.0,44
1219_Dodecanol.xyz,166.8915099775699,99.82474581997538,69.64960260910239,49.96921542356623,36.613180449754616,27.247098317641537,20.582106442634778,15.884645552875192,12.68294578770845,10.655255717719651,9.58192878763307,9.21544856539921,9.152540786960941,0.24087440944579558,0.13872010911864868,0.03761109461745666,-0.04724406750461023,-0.06892699333532863,-0.10127926307891197,-0.1072990367862843,-0.12781808228114588,-0.14307673680048405,-0.16508999399760246,-0.17131468535537497,-0.19040333499077897,-0.191521409153043,-0.2245074603355659,-0.3275180041558313,-0.38266810588178135,-0.4428049864203718,-0.5041380931676439,-0.5589050917795566,-0.6123549866206742,-0.6717576625532834,-0.7456627372936544,-0.8327576109441481,-0.9208697229993459,-0.9898161954549859,-1.0257384779111347,0.0,0.0,0.0,0.0,0.0,0.0,0.0,0.0,0.0,0.0,0.0,0.0,0.0,0.0,0.0,0.0,0.0,80
1220_Dodecane_1_thiol.xyz,408.4258395351576,143.60603559844841,81.52397240998883,56.347726977345,40.370054561559655,29.7792376275157,22.24343257616585,16.98757052843714,13.359145753143395,11.04168223373422,9.757827462667846,9.222454947722733,9.196329884402049,0.24101565869728264,0.13872416070336493,0.11425325707058809,0.03738860878067628,-0.04739665763772532,-0.06895091078074357,-0.10114817153717762,-0.10686305355247874,-0.1278369893778307,-0.1426807032742947,-0.1649822722330506,-0.17120570583330091,-0.19032783695803668,-0.19151370094440034,-0.23587284785914261,-0.349834552426795,-0.4287031818058322,-0.4947096949987984,-0.5489716772333452,-0.5997051380851262,-0.6548567909036876,-0.7248164516095263,-0.81138329929415,-0.9039838427513364,-0.981435083441591,-1.0248097992288394,0.0,0.0,0.0,0.0,0.0,0.0,0.0,0.0,0.0,0.0,0.0,0.0,0.0,0.0,0.0,0.0,0.0,80
1221_Dodecanenitrile.xyz,163.04029954014908,95.11876202407508,66.87466388021514,48.28369891592467,35.51606345701398,26.417387299705126,19.894375163564927,15.238219756700756,12.076172119586639,10.183273716554359,9.299396766585172,9.221019033181118,4.062240240309025,0.23442633742373498,0.12225709620182489,0.015342484164532912,-0.06896004370147159,-0.06983699779953703,-0.10131795444371865,-0.12686908608074243,-0.1294833259571406,-0.16032516962913668,-0.16751069499774404,-0.18842149805689412,-0.19082517320710501,-0.2420913181765067,-0.36429640640112326,-0.4481479522959486,-0.5182301492472439,-0.5776040598587534,-0.6390130627185063,-0.7145312955787289,-0.8100069850785327,-0.9099622089942062,-0.988169538346725,-1.0260251178457698,0.0,0.0,0.0,0.0,0.0,0.0,0.0,0.0,0.0,0.0,0.0,0.0,0.0,0.0,0.0,0.0,0.0,0.0,0.0,0.0,76
1222_1E_13_dichloropropene.xyz,526.7857567018143,395.98001069230156,60.84148335684488,20.58634915092355,7.5861257863483305,-0.06507651384268666,-0.24523278544212568,-0.5000381005526161,-0.8062907283730614,0.0,0.0,0.0,0.0,0.0,0.0,0.0,0.0,0.0,0.0,0.0,0.0,0.0,0.0,0.0,0.0,0.0,0.0,0.0,0.0,0.0,0.0,0.0,0.0,0.0,0.0,0.0,0.0,0.0,0.0,0.0,0.0,0.0,0.0,0.0,0.0,0.0,0.0,0.0,0.0,0.0,0.0,0.0,0.0,0.0,0.0,0.0,30
1223_1E_1_fluoropropene.xyz,138.11944159256342,49.35213526484,18.580758537002406,6.527446567734253,-0.06793724052686619,-0.07066454181477265,-0.2440789249500098,-0.5964472669680166,-0.9932386357345483,0.0,0.0,0.0,0.0,0.0,0.0,0.0,0.0,0.0,0.0,0.0,0.0,0.0,0.0,0.0,0.0,0.0,0.0,0.0,0.0,0.0,0.0,0.0,0.0,0.0,0.0,0.0,0.0,0.0,0.0,0.0,0.0,0.0,0.0,0.0,0.0,0.0,0.0,0.0,0.0,0.0,0.0,0.0,0.0,0.0,0.0,0.0,24
1224_Epichlorohydrin.xyz,470.30514097242815,110.02671757826215,30.032017586628914,17.836282889666187,8.991963489530558,-0.03485194000846576,-0.0668711308466302,-0.26504422709563497,-0.623460928809776,-0.8164979907950968,0.0,0.0,0.0,0.0,0.0,0.0,0.0,0.0,0.0,0.0,0.0,0.0,0.0,0.0,0.0,0.0,0.0,0.0,0.0,0.0,0.0,0.0,0.0,0.0,0.0,0.0,0.0,0.0,0.0,0.0,0.0,0.0,0.0,0.0,0.0,0.0,0.0,0.0,0.0,0.0,0.0,0.0,0.0,0.0,0.0,0.0,30
1225_Ethanethiol.xyz,400.3497728696332,51.91225498819165,13.983434216772839,0.1493652358152253,-0.025101351000313757,-0.0782247458681738,-0.13783637378901453,-0.4823676086249551,-0.9316458056167828,0.0,0.0,0.0,0.0,0.0,0.0,0.0,0.0,0.0,0.0,0.0,0.0,0.0,0.0,0.0,0.0,0.0,0.0,0.0,0.0,0.0,0.0,0.0,0.0,0.0,0.0,0.0,0.0,0.0,0.0,0.0,0.0,0.0,0.0,0.0,0.0,0.0,0.0,0.0,0.0,0.0,0.0,0.0,0.0,0.0,0.0,0.0,20
1226_Ethyl_3_oxobutanoate.xyz,201.03937055405834,85.15290381324544,54.8470013130181,33.97674628770112,30.137604842857307,23.29823589080826,12.050739390889829,5.937296132324586,3.837952639023016,0.009255881272055622,-0.03460768378730415,-0.07014254593677684,-0.0790003146032662,-0.11025791080767626,-0.13677863376079788,-0.5150398979890154,-0.7217578305028388,-0.9361277670327803,-0.9846788047913835,0.0,0.0,0.0,0.0,0.0,0.0,0.0,0.0,0.0,0.0,0.0,0.0,0.0,0.0,0.0,0.0,0.0,0.0,0.0,0.0,0.0,0.0,0.0,0.0,0.0,0.0,0.0,0.0,0.0,0.0,0.0,0.0,0.0,0.0,0.0,0.0,0.0,52
1227_Ethyl_4_chlorobutanoate.xyz,470.51816346916166,167.01918749567244,59.34799975988333,47.73510156801013,33.39000389348734,21.189464320597253,12.584847694516489,10.6165426638432,3.9368350907900482,0.0772121534688963,-0.0008218246064354608,-0.07027842846458056,-0.13292348707382362,-0.13781814380427562,-0.1428490571436079,-0.4040047075427229,-0.5221728210180595,-0.6407438551701611,-0.9043623960578558,-0.9829767715009843,0.0,0.0,0.0,0.0,0.0,0.0,0.0,0.0,0.0,0.0,0.0,0.0,0.0,0.0,0.0,0.0,0.0,0.0,0.0,0.0,0.0,0.0,0.0,0.0,0.0,0.0,0.0,0.0,0.0,0.0,0.0,0.0,0.0,0.0,0.0,0.0,54
1228_Ethyl_acetate.xyz,167.73339372017693,55.527787464656285,34.253859767109205,27.408703584509993,11.985472653149996,4.305399437508471,0.012408650815389485,-0.06286884698126921,-0.07316492665751968,-0.07400708126618519,-0.13703771339720625,-0.5140590706359492,-0.9140353681789486,-0.9860420334850142,0.0,0.0,0.0,0.0,0.0,0.0,0.0,0.0,0.0,0.0,0.0,0.0,0.0,0.0,0.0,0.0,0.0,0.0,0.0,0.0,0.0,0.0,0.0,0.0,0.0,0.0,0.0,0.0,0.0,0.0,0.0,0.0,0.0,0.0,0.0,0.0,0.0,0.0,0.0,0.0,0.0,0.0,36
1229_Ethyl_acrylate.xyz,176.77853221449942,55.99005187193127,45.88887450295301,32.20357309621598,13.123552951067113,11.018357980027675,3.3558593771471656,0.00609277912916417,-0.04083479885079165,-0.07377072518933887,-0.13677649040083056,-0.3340607190545596,-0.5241926947720298,-0.9404018199668787,-0.9909420879864266,0.0,0.0,0.0,0.0,0.0,0.0,0.0,0.0,0.0,0.0,0.0,0.0,0.0,0.0,0.0,0.0,0.0,0.0,0.0,0.0,0.0,0.0,0.0,0.0,0.0,0.0,0.0,0.0,0.0,0.0,0.0,0.0,0.0,0.0,0.0,0.0,0.0,0.0,0.0,0.0,0.0,40
1230_Ethylamine.xyz,93.06167740437763,28.419604274592505,11.53253244836239,0.028660383243624,-0.05243306774340581,-0.13636559331833006,-0.15057139079956383,-0.39712321232127273,-0.7307309408324175,-1.0003325068811735,0.0,0.0,0.0,0.0,0.0,0.0,0.0,0.0,0.0,0.0,0.0,0.0,0.0,0.0,0.0,0.0,0.0,0.0,0.0,0.0,0.0,0.0,0.0,0.0,0.0,0.0,0.0,0.0,0.0,0.0,0.0,0.0,0.0,0.0,0.0,0.0,0.0,0.0,0.0,0.0,0.0,0.0,0.0,0.0,0.0,0.0,20
1231_Ethyl_benzoate.xyz,208.72731125492118,84.17226770936323,55.6771612705499,36.564121283866186,33.71428390017187,30.007836464581853,12.77271336246951,10.218387436300603,9.510994174634652,4.8393495331888845,1.8301322669095232,0.006092428481166979,-0.06799809606911623,-0.1039516631088454,-0.13675347741725413,-0.25121635776010826,-0.4758371655114784,-0.5229711983687193,-0.6019816074243337,-0.9784326925491855,-1.1451725927755638,0.0,0.0,0.0,0.0,0.0,0.0,0.0,0.0,0.0,0.0,0.0,0.0,0.0,0.0,0.0,0.0,0.0,0.0,0.0,0.0,0.0,0.0,0.0,0.0,0.0,0.0,0.0,0.0,0.0,0.0,0.0,0.0,0.0,0.0,0.0,58
1232_Ethyl_butanoate.xyz,181.43552620885873,62.600760195855806,50.64119436057808,33.56714147668912,22.614133448872874,12.775762803380616,10.723925480324631,3.951167079868685,0.07423056661186395,-0.0013947247911187785,-0.06945961397613348,-0.07100456798100942,-0.1330928223642014,-0.1380989413027153,-0.14425741625456096,-0.41401027465224155,-0.5259248210979071,-0.7240054742990111,-0.975649400356492,-1.0049229277889733,0.0,0.0,0.0,0.0,0.0,0.0,0.0,0.0,0.0,0.0,0.0,0.0,0.0,0.0,0.0,0.0,0.0,0.0,0.0,0.0,0.0,0.0,0.0,0.0,0.0,0.0,0.0,0.0,0.0,0.0,0.0,0.0,0.0,0.0,0.0,0.0,48
1233_13_Dioxolan_2_one.xyz,191.8042313261251,55.77746331959008,49.663486382000166,24.13663161563513,9.76540947650343,3.3989100785944046,0.016150756033035063,-0.1384101724851211,-0.4450999412497015,-0.8543730830379032,0.0,0.0,0.0,0.0,0.0,0.0,0.0,0.0,0.0,0.0,0.0,0.0,0.0,0.0,0.0,0.0,0.0,0.0,0.0,0.0,0.0,0.0,0.0,0.0,0.0,0.0,0.0,0.0,0.0,0.0,0.0,0.0,0.0,0.0,0.0,0.0,0.0,0.0,0.0,0.0,0.0,0.0,0.0,0.0,0.0,0.0,34
1234_2_Propoxyethanol.xyz,161.93984458926536,73.30411307078522,47.2383778135125,22.713938578916636,16.222144781762946,10.171103208918472,9.996242237350062,0.11573324380541601,-0.014404877502148097,-0.07089784510045002,-0.1114444336403025,-0.13825501561910641,-0.17599943566512372,-0.32631562635486755,-0.41873416400911007,-0.5413267790390128,-0.7024526749422317,-0.8807636134860638,-0.9969876222080368,0.0,0.0,0.0,0.0,0.0,0.0,0.0,0.0,0.0,0.0,0.0,0.0,0.0,0.0,0.0,0.0,0.0,0.0,0.0,0.0,0.0,0.0,0.0,0.0,0.0,0.0,0.0,0.0,0.0,0.0,0.0,0.0,0.0,0.0,0.0,0.0,0.0,44
1235_Ethyl_formate.xyz,156.11843325354317,54.943698340088,32.933341698343014,12.73613166052386,6.090750235516912,0.006402276924977787,-0.06841469625289212,-0.13661376961117036,-0.4958406269926209,-0.5376427797253016,-0.982540554459565,0.0,0.0,0.0,0.0,0.0,0.0,0.0,0.0,0.0,0.0,0.0,0.0,0.0,0.0,0.0,0.0,0.0,0.0,0.0,0.0,0.0,0.0,0.0,0.0,0.0,0.0,0.0,0.0,0.0,0.0,0.0,0.0,0.0,0.0,0.0,0.0,0.0,0.0,0.0,0.0,0.0,0.0,0.0,0.0,0.0,30
1236_Ethyl_lactate.xyz,197.77046265862117,68.87110832066085,55.83203631716507,33.00265156834155,29.60375416864396,13.751317191129411,11.084700071248614,3.5251140089227775,0.009449004715769291,-0.06205614847345234,-0.0705591758075245,-0.07151611191679766,-0.13663511161593844,-0.30194792727373676,-0.5239900019406322,-0.533469119278207,-0.9281430296147533,-0.981666526967576,0.0,0.0,0.0,0.0,0.0,0.0,0.0,0.0,0.0,0.0,0.0,0.0,0.0,0.0,0.0,0.0,0.0,0.0,0.0,0.0,0.0,0.0,0.0,0.0,0.0,0.0,0.0,0.0,0.0,0.0,0.0,0.0,0.0,0.0,0.0,0.0,0.0,0.0,48
1237_Ethylmethylamine.xyz,108.9225795524145,34.804027792386265,17.097415462691092,10.674620807508092,0.06250987205053227,-0.06118426884693296,-0.07426614120187466,-0.0818669337320799,-0.15920853298694448,-0.3298636668822351,-0.5575182017532669,-0.8607737722482757,-1.003448971292948,0.0,0.0,0.0,0.0,0.0,0.0,0.0,0.0,0.0,0.0,0.0,0.0,0.0,0.0,0.0,0.0,0.0,0.0,0.0,0.0,0.0,0.0,0.0,0.0,0.0,0.0,0.0,0.0,0.0,0.0,0.0,0.0,0.0,0.0,0.0,0.0,0.0,0.0,0.0,0.0,0.0,0.0,0.0,26
1238_Methylsulfanylethane.xyz,408.753434945814,53.067152335376264,29.46040875748698,13.847504570027747,0.03854589123636112,-0.05869450985370716,-0.0725150457071576,-0.07551060446118198,-0.15133231916195064,-0.4874334802139813,-0.7936244023873595,-0.9301795132160566,0.0,0.0,0.0,0.0,0.0,0.0,0.0,0.0,0.0,0.0,0.0,0.0,0.0,0.0,0.0,0.0,0.0,0.0,0.0,0.0,0.0,0.0,0.0,0.0,0.0,0.0,0.0,0.0,0.0,0.0,0.0,0.0,0.0,0.0,0.0,0.0,0.0,0.0,0.0,0.0,0.0,0.0,0.0,0.0,26
1239_Ethyl_propanoate.xyz,175.82796878701572,57.83883202698459,41.8896156830507,33.00889325773471,15.740639926425528,11.490104072478518,3.9510521586902194,0.027641550133240347,-0.022219312787529092,-0.06777585211149911,-0.07024776800365072,-0.1370340067886758,-0.1405250672748851,-0.4832196414322412,-0.5686752908349696,-0.9655678425007393,-0.9955672440288367,0.0,0.0,0.0,0.0,0.0,0.0,0.0,0.0,0.0,0.0,0.0,0.0,0.0,0.0,0.0,0.0,0.0,0.0,0.0,0.0,0.0,0.0,0.0,0.0,0.0,0.0,0.0,0.0,0.0,0.0,0.0,0.0,0.0,0.0,0.0,0.0,0.0,0.0,0.0,42
1240_Ethoxyethene.xyz,137.33077111310433,42.74440265548309,28.503339826738557,11.71259096123472,7.6408530731268485,0.009379657043259645,-0.039121928161917785,-0.06858436003679677,-0.13636372924773177,-0.31606688122641313,-0.5111484978721528,-0.9175734428533018,-1.0033629298184414,0.0,0.0,0.0,0.0,0.0,0.0,0.0,0.0,0.0,0.0,0.0,0.0,0.0,0.0,0.0,0.0,0.0,0.0,0.0,0.0,0.0,0.0,0.0,0.0,0.0,0.0,0.0,0.0,0.0,0.0,0.0,0.0,0.0,0.0,0.0,0.0,0.0,0.0,0.0,0.0,0.0,0.0,0.0,30
1241_Fluoroethane.xyz,128.85653389617184,34.954648135458356,11.595174221154366,0.009964160320677972,-0.06725615629003245,-0.13584836269936104,-0.49161500103296396,-0.972290740362965,0.0,0.0,0.0,0.0,0.0,0.0,0.0,0.0,0.0,0.0,0.0,0.0,0.0,0.0,0.0,0.0,0.0,0.0,0.0,0.0,0.0,0.0,0.0,0.0,0.0,0.0,0.0,0.0,0.0,0.0,0.0,0.0,0.0,0.0,0.0,0.0,0.0,0.0,0.0,0.0,0.0,0.0,0.0,0.0,0.0,0.0,0.0,0.0,20
1242_Fluoromethane.xyz,117.91838697985798,18.939158206918563,-0.05950465080444068,-0.05951094077263076,-0.8473246419054992,0.0,0.0,0.0,0.0,0.0,0.0,0.0,0.0,0.0,0.0,0.0,0.0,0.0,0.0,0.0,0.0,0.0,0.0,0.0,0.0,0.0,0.0,0.0,0.0,0.0,0.0,0.0,0.0,0.0,0.0,0.0,0.0,0.0,0.0,0.0,0.0,0.0,0.0,0.0,0.0,0.0,0.0,0.0,0.0,0.0,0.0,0.0,0.0,0.0,0.0,0.0,14
1243_Formamide.xyz,121.47402837274035,37.98811368379217,7.1919353955149,-0.07500496867337224,-0.33969059141482366,-1.0058745728949574,0.0,0.0,0.0,0.0,0.0,0.0,0.0,0.0,0.0,0.0,0.0,0.0,0.0,0.0,0.0,0.0,0.0,0.0,0.0,0.0,0.0,0.0,0.0,0.0,0.0,0.0,0.0,0.0,0.0,0.0,0.0,0.0,0.0,0.0,0.0,0.0,0.0,0.0,0.0,0.0,0.0,0.0,0.0,0.0,0.0,0.0,0.0,0.0,0.0,0.0,18
1244_Furan_25_dione.xyz,195.06510083812492,73.77730981410566,40.780479425118756,39.48220568939839,13.302447440881167,3.8460219649561247,3.828640683704002,-0.28932384784973214,-0.810377051304807,0.0,0.0,0.0,0.0,0.0,0.0,0.0,0.0,0.0,0.0,0.0,0.0,0.0,0.0,0.0,0.0,0.0,0.0,0.0,0.0,0.0,0.0,0.0,0.0,0.0,0.0,0.0,0.0,0.0,0.0,0.0,0.0,0.0,0.0,0.0,0.0,0.0,0.0,0.0,0.0,0.0,0.0,0.0,0.0,0.0,0.0,0.0,36
1245_Furfural.xyz,177.23898302028843,72.57000633986657,37.42575793374444,26.545593426877307,11.732163611129778,6.318553549452985,3.5659089519593286,-0.18788133952924496,-0.4107713635665383,-0.6092159638975654,-0.8651827295753065,0.0,0.0,0.0,0.0,0.0,0.0,0.0,0.0,0.0,0.0,0.0,0.0,0.0,0.0,0.0,0.0,0.0,0.0,0.0,0.0,0.0,0.0,0.0,0.0,0.0,0.0,0.0,0.0,0.0,0.0,0.0,0.0,0.0,0.0,0.0,0.0,0.0,0.0,0.0,0.0,0.0,0.0,0.0,0.0,0.0,36
1246_Glutamic_acid.xyz,214.53175891642945,108.24596962679296,55.55767533993044,46.51615972168865,45.17294403542749,32.64522110080646,17.732506630779586,11.161778826499866,4.430464621848508,4.008206832770817,0.016657522315181784,-0.11467166424921713,-0.1541528045711039,-0.3087733790122658,-0.4634518494182073,-0.495245712351947,-0.5812625586999413,-0.757604341913644,-0.9281685888743522,0.0,0.0,0.0,0.0,0.0,0.0,0.0,0.0,0.0,0.0,0.0,0.0,0.0,0.0,0.0,0.0,0.0,0.0,0.0,0.0,0.0,0.0,0.0,0.0,0.0,0.0,0.0,0.0,0.0,0.0,0.0,0.0,0.0,0.0,0.0,0.0,0.0,58
1247_Glycoladehyde.xyz,137.1002894244613,61.65428640581897,18.19088664280689,7.442161702239261,-0.06384696273232646,-0.31994584379421903,-0.4268560539799182,-0.827375476347595,0.0,0.0,0.0,0.0,0.0,0.0,0.0,0.0,0.0,0.0,0.0,0.0,0.0,0.0,0.0,0.0,0.0,0.0,0.0,0.0,0.0,0.0,0.0,0.0,0.0,0.0,0.0,0.0,0.0,0.0,0.0,0.0,0.0,0.0,0.0,0.0,0.0,0.0,0.0,0.0,0.0,0.0,0.0,0.0,0.0,0.0,0.0,0.0,24
1248_Halothane.xyz,2576.7483091864574,458.7782695874149,171.60748823948887,60.08337974881387,59.65554413883471,23.34264838430096,5.189526656196649,-0.3824326384072176,0.0,0.0,0.0,0.0,0.0,0.0,0.0,0.0,0.0,0.0,0.0,0.0,0.0,0.0,0.0,0.0,0.0,0.0,0.0,0.0,0.0,0.0,0.0,0.0,0.0,0.0,0.0,0.0,0.0,0.0,0.0,0.0,0.0,0.0,0.0,0.0,0.0,0.0,0.0,0.0,0.0,0.0,0.0,0.0,0.0,0.0,0.0,0.0,44
1249_Heptan_1_ol.xyz,144.8219467242866,77.22452144951455,45.59647829387312,28.042330919321447,17.95675895682096,12.421843952957763,9.833096174824286,9.24474858712657,0.19268851579498691,0.030997349227301157,-0.0689914626601809,-0.08593988781422175,-0.11664484688704811,-0.14167834539463758,-0.17532763360422207,-0.18221629175592866,-0.26432971854977455,-0.37252189910141775,-0.4620069775392005,-0.5603777057365176,-0.663404360571067,-0.7928528026505471,-0.9350180179978285,-1.0206698576930293,0.0,0.0,0.0,0.0,0.0,0.0,0.0,0.0,0.0,0.0,0.0,0.0,0.0,0.0,0.0,0.0,0.0,0.0,0.0,0.0,0.0,0.0,0.0,0.0,0.0,0.0,0.0,0.0,0.0,0.0,0.0,0.0,50
1250_Heptan_4_one.xyz,159.18454302053863,58.159340790830896,50.28189226216628,26.872848023880792,20.95566211380735,12.899873325683204,10.276521295788635,4.696979732647197,0.11667252578562416,0.024532496772699985,-0.06935539831699247,-0.0708775611280831,-0.10986277325531102,-0.13854037576807776,-0.14169911382814512,-0.1768903510939249,-0.3927516255595079,-0.4490184879100906,-0.6687814687961059,-0.7364477320582264,-0.9785375407026476,-1.0126720436924281,0.0,0.0,0.0,0.0,0.0,0.0,0.0,0.0,0.0,0.0,0.0,0.0,0.0,0.0,0.0,0.0,0.0,0.0,0.0,0.0,0.0,0.0,0.0,0.0,0.0,0.0,0.0,0.0,0.0,0.0,0.0,0.0,0.0,0.0,48
1251_Heptane_1_thiol.xyz,406.52874522399816,112.24224835074988,54.52097320732253,32.54810747055385,20.195296637099243,13.499376998762063,10.211981827061033,9.306106820340274,0.1927646654039195,0.11441240292915195,0.030599370157797297,-0.06903694249311887,-0.08568503716583802,-0.11663099584907842,-0.1410709210695787,-0.17522739104928806,-0.1820934398619668,-0.28773543258029727,-0.44245680547960486,-0.5427461175453308,-0.6350873330337197,-0.7570558514435027,-0.9087655537425823,-1.0168437304202222,0.0,0.0,0.0,0.0,0.0,0.0,0.0,0.0,0.0,0.0,0.0,0.0,0.0,0.0,0.0,0.0,0.0,0.0,0.0,0.0,0.0,0.0,0.0,0.0,0.0,0.0,0.0,0.0,0.0,0.0,0.0,0.0,50
1252_Heptanoic_acid.xyz,174.22693804407191,84.12550382314552,46.44726141456198,43.736531340796496,26.63820881081914,16.671133348047377,11.334538975331593,9.432166582910488,4.471855674667491,0.1716126077964094,-0.006443926553299208,-0.06901895992678277,-0.11643033293692558,-0.11838950098514923,-0.17054846755423508,-0.17796807913647442,-0.31143219761433677,-0.4797249137172986,-0.5096568392461924,-0.5950551292050567,-0.7341166500534599,-0.9081456905922626,-1.018694099024997,0.0,0.0,0.0,0.0,0.0,0.0,0.0,0.0,0.0,0.0,0.0,0.0,0.0,0.0,0.0,0.0,0.0,0.0,0.0,0.0,0.0,0.0,0.0,0.0,0.0,0.0,0.0,0.0,0.0,0.0,0.0,0.0,0.0,54
1253_Hexanol.xyz,139.2850756202141,70.94141753349797,39.37421174165322,22.97140452877369,14.36379495437509,10.355334175397525,9.288918245779893,0.17452110466083576,-0.002553747712064669,-0.06897614510519633,-0.11597537382170797,-0.11680419087103393,-0.16970442008585984,-0.17767411265228822,-0.27658337544669714,-0.38464201227059813,-0.4925432931273695,-0.6085475492163609,-0.7467595918879318,-0.9101029424278744,-1.0184852333616643,0.0,0.0,0.0,0.0,0.0,0.0,0.0,0.0,0.0,0.0,0.0,0.0,0.0,0.0,0.0,0.0,0.0,0.0,0.0,0.0,0.0,0.0,0.0,0.0,0.0,0.0,0.0,0.0,0.0,0.0,0.0,0.0,0.0,0.0,0.0,44
1254_Hexane_2_thiol.xyz,409.6451516827681,99.65268054086692,46.425820618204185,27.660834763743154,17.223800848726658,11.205468492203087,8.679715536287137,0.17900207545076435,0.07672109698329115,-0.04502638711120829,-0.0630425865854822,-0.07203873959558582,-0.11100388287887142,-0.14943810393866994,-0.17498061974963602,-0.28111932492063557,-0.4164973881050782,-0.5857377063446108,-0.7667381910081762,-0.9017062752613909,-1.0097942265164015,0.0,0.0,0.0,0.0,0.0,0.0,0.0,0.0,0.0,0.0,0.0,0.0,0.0,0.0,0.0,0.0,0.0,0.0,0.0,0.0,0.0,0.0,0.0,0.0,0.0,0.0,0.0,0.0,0.0,0.0,0.0,0.0,0.0,0.0,0.0,44
1255_Hexanenitrile.xyz,132.29034609546218,65.73785222356906,37.22862341564214,21.636948403107443,13.16600943571607,9.733481373717,4.0629189863229325,0.14904997720305657,-0.044723901489209315,-0.0692732856341507,-0.11570783982112336,-0.16123054786215868,-0.1704565272355618,-0.33171536129426876,-0.5226498397141371,-0.6777002999220688,-0.8855301023168013,-1.018903609066807,0.0,0.0,0.0,0.0,0.0,0.0,0.0,0.0,0.0,0.0,0.0,0.0,0.0,0.0,0.0,0.0,0.0,0.0,0.0,0.0,0.0,0.0,0.0,0.0,0.0,0.0,0.0,0.0,0.0,0.0,0.0,0.0,0.0,0.0,0.0,0.0,0.0,0.0,40
1256_Hexanoic_acid.xyz,170.53050685306454,75.99952169190229,45.59082189365513,37.94501198993371,21.340041196806247,12.97178469186436,9.683212524590413,4.466304537179601,0.14574249009147183,-0.047222159561425815,-0.06909546102859243,-0.11713347206903671,-0.16124179237177536,-0.1715793766330784,-0.3344532031199439,-0.47241978254023304,-0.543173161552789,-0.6797724705186388,-0.8783054551052962,-1.0165308984107884,0.0,0.0,0.0,0.0,0.0,0.0,0.0,0.0,0.0,0.0,0.0,0.0,0.0,0.0,0.0,0.0,0.0,0.0,0.0,0.0,0.0,0.0,0.0,0.0,0.0,0.0,0.0,0.0,0.0,0.0,0.0,0.0,0.0,0.0,0.0,0.0,48
1257_Imidazole.xyz,143.42861353719357,36.93081209011059,28.32203933943613,6.659967072482249,6.01868703272639,-0.15393056534438146,-0.3352387115017646,-0.6780188912181294,-0.9012005059505913,0.0,0.0,0.0,0.0,0.0,0.0,0.0,0.0,0.0,0.0,0.0,0.0,0.0,0.0,0.0,0.0,0.0,0.0,0.0,0.0,0.0,0.0,0.0,0.0,0.0,0.0,0.0,0.0,0.0,0.0,0.0,0.0,0.0,0.0,0.0,0.0,0.0,0.0,0.0,0.0,0.0,0.0,0.0,0.0,0.0,0.0,0.0,26
1258_Indole.xyz,177.10074729069947,61.199080853413776,41.20069553209524,26.223177932970955,24.36091680013971,9.944284965505801,7.476433057749522,5.739796015477351,2.1952195395925926,-0.11743856694508582,-0.20518112129291233,-0.3321504498814085,-0.536216579535743,-0.5438710989168962,-0.8834794454287902,-1.0984657304079224,0.0,0.0,0.0,0.0,0.0,0.0,0.0,0.0,0.0,0.0,0.0,0.0,0.0,0.0,0.0,0.0,0.0,0.0,0.0,0.0,0.0,0.0,0.0,0.0,0.0,0.0,0.0,0.0,0.0,0.0,0.0,0.0,0.0,0.0,0.0,0.0,0.0,0.0,0.0,0.0,44
1259_Isobutanal.xyz,133.96325537845954,48.801298614729234,24.385334897406604,14.463935873494648,6.121120426961657,0.02036419033991884,-0.03526448511070349,-0.10509210636205074,-0.12950458952698743,-0.23069977423407387,-0.5068287046741278,-0.8109863950265701,-0.9878178089430371,0.0,0.0,0.0,0.0,0.0,0.0,0.0,0.0,0.0,0.0,0.0,0.0,0.0,0.0,0.0,0.0,0.0,0.0,0.0,0.0,0.0,0.0,0.0,0.0,0.0,0.0,0.0,0.0,0.0,0.0,0.0,0.0,0.0,0.0,0.0,0.0,0.0,0.0,0.0,0.0,0.0,0.0,0.0,30
1260_Isobutyl_acetate.xyz,181.97304615385593,69.22420865083696,43.62011650502231,29.413971210713424,24.13041504903113,17.178277391134575,8.542474951973494,4.259662325727162,0.05698121194866802,-0.028647108825119026,-0.05999615761123812,-0.0676513736266968,-0.1020361011720402,-0.1293727432209329,-0.14533061279329731,-0.2729905716830514,-0.6853737378149293,-0.8091898957121502,-0.9190364087164888,-0.9975081028915805,0.0,0.0,0.0,0.0,0.0,0.0,0.0,0.0,0.0,0.0,0.0,0.0,0.0,0.0,0.0,0.0,0.0,0.0,0.0,0.0,0.0,0.0,0.0,0.0,0.0,0.0,0.0,0.0,0.0,0.0,0.0,0.0,0.0,0.0,0.0,0.0,48
1261_Isobutyl_formate.xyz,169.8827344868509,69.25488324021067,44.04093070455241,24.224717792444554,17.313236323630726,8.457399153556514,6.7958415313365625,0.05220231696713565,-0.029902921308677537,-0.09118617861874617,-0.1292885777517378,-0.14683860164303722,-0.26703092196839806,-0.5360504548410354,-0.6949844886832991,-0.8087958884319261,-0.9939520795525181,0.0,0.0,0.0,0.0,0.0,0.0,0.0,0.0,0.0,0.0,0.0,0.0,0.0,0.0,0.0,0.0,0.0,0.0,0.0,0.0,0.0,0.0,0.0,0.0,0.0,0.0,0.0,0.0,0.0,0.0,0.0,0.0,0.0,0.0,0.0,0.0,0.0,0.0,0.0,42
1262_2_Methylpropane_1_thiol.xyz,405.9611800439874,81.98275974656067,24.244649489888207,22.186905910269882,8.99174569419105,0.11676613558598128,0.05422523684131118,-0.027114885718593714,-0.08972988758480728,-0.12864398353703158,-0.14728792940859955,-0.2741708358574856,-0.6295779915824593,-0.8087626990112937,-0.9770822202586664,0.0,0.0,0.0,0.0,0.0,0.0,0.0,0.0,0.0,0.0,0.0,0.0,0.0,0.0,0.0,0.0,0.0,0.0,0.0,0.0,0.0,0.0,0.0,0.0,0.0,0.0,0.0,0.0,0.0,0.0,0.0,0.0,0.0,0.0,0.0,0.0,0.0,0.0,0.0,0.0,0.0,32
1263_Isopropylamine.xyz,108.07609063483714,30.18041140974254,24.194136912069794,9.130120436782665,0.046922355617851595,-0.02996587537208357,-0.09359085879756236,-0.1294624239997431,-0.16712473400754171,-0.27286742189587626,-0.7004184605711355,-0.807592688296361,-0.9936362880036919,0.0,0.0,0.0,0.0,0.0,0.0,0.0,0.0,0.0,0.0,0.0,0.0,0.0,0.0,0.0,0.0,0.0,0.0,0.0,0.0,0.0,0.0,0.0,0.0,0.0,0.0,0.0,0.0,0.0,0.0,0.0,0.0,0.0,0.0,0.0,0.0,0.0,0.0,0.0,0.0,0.0,0.0,0.0,26
1264_Methoxyisopropane.xyz,138.18441542854487,39.95602420890926,24.554831497400023,18.068274440903387,8.537087777492152,0.02049322058524781,-0.0037763975338118397,-0.05582542839846806,-0.07384775153138814,-0.12921946431604267,-0.15197418295109905,-0.31421818834119697,-0.8101841518318023,-0.8383298536891836,-0.9946356377279815,0.0,0.0,0.0,0.0,0.0,0.0,0.0,0.0,0.0,0.0,0.0,0.0,0.0,0.0,0.0,0.0,0.0,0.0,0.0,0.0,0.0,0.0,0.0,0.0,0.0,0.0,0.0,0.0,0.0,0.0,0.0,0.0,0.0,0.0,0.0,0.0,0.0,0.0,0.0,0.0,0.0,32
1265_Propan_2_yl_nitrate.xyz,206.47136829704687,66.48045389549297,44.66553633332342,33.99592244916529,24.02149082581178,9.447376717918882,5.303962443337305,0.0029828789556616856,-0.040530115326920337,-0.10865108146015089,-0.12993997274404223,-0.3200348850555434,-0.8171497658149341,-0.9896808631139239,0.0,0.0,0.0,0.0,0.0,0.0,0.0,0.0,0.0,0.0,0.0,0.0,0.0,0.0,0.0,0.0,0.0,0.0,0.0,0.0,0.0,0.0,0.0,0.0,0.0,0.0,0.0,0.0,0.0,0.0,0.0,0.0,0.0,0.0,0.0,0.0,0.0,0.0,0.0,0.0,0.0,0.0,42
1266_Isoquinoline.xyz,184.25181474046474,68.83626547249278,43.62444134322626,32.714622688319864,26.97992054448663,11.9556246797823,9.622819805915807,7.548587033490832,5.018616657841659,1.761301107739094,-0.11877844876918354,-0.24536983033924184,-0.3323161923048032,-0.4792991748472695,-0.5732751585783096,-0.7749566696546543,-1.2083644046049198,0.0,0.0,0.0,0.0,0.0,0.0,0.0,0.0,0.0,0.0,0.0,0.0,0.0,0.0,0.0,0.0,0.0,0.0,0.0,0.0,0.0,0.0,0.0,0.0,0.0,0.0,0.0,0.0,0.0,0.0,0.0,0.0,0.0,0.0,0.0,0.0,0.0,0.0,0.0,48
1267_Isothiocyanic_acid.xyz,404.36621319950194,67.01028083642152,7.9585125491005035,-0.5947529591080657,0.0,0.0,0.0,0.0,0.0,0.0,0.0,0.0,0.0,0.0,0.0,0.0,0.0,0.0,0.0,0.0,0.0,0.0,0.0,0.0,0.0,0.0,0.0,0.0,0.0,0.0,0.0,0.0,0.0,0.0,0.0,0.0,0.0,0.0,0.0,0.0,0.0,0.0,0.0,0.0,0.0,0.0,0.0,0.0,0.0,0.0,0.0,0.0,0.0,0.0,0.0,0.0,16
1268_Isoxazole.xyz,156.7879559580798,36.80104454892024,32.976317811195486,8.211981242001654,5.678562552757406,-0.17444394305621638,-0.47755715642020496,-0.8541432955621516,0.0,0.0,0.0,0.0,0.0,0.0,0.0,0.0,0.0,0.0,0.0,0.0,0.0,0.0,0.0,0.0,0.0,0.0,0.0,0.0,0.0,0.0,0.0,0.0,0.0,0.0,0.0,0.0,0.0,0.0,0.0,0.0,0.0,0.0,0.0,0.0,0.0,0.0,0.0,0.0,0.0,0.0,0.0,0.0,0.0,0.0,0.0,0.0,26
1269_Leucine.xyz,193.7269761269839,70.29814967911759,52.88596661259937,42.280946531087636,24.116915560698892,23.844063354657795,13.281106051702759,8.479359027931059,3.9917598797365526,0.05659853005695327,-0.02400111838882906,-0.09175060303191401,-0.11560604941071519,-0.12663307896597262,-0.15088483884143905,-0.26697968391903854,-0.3351853316004568,-0.4998763346426181,-0.6681355144475529,-0.8080874350925118,-0.833847754092812,-1.0001255761344279,0.0,0.0,0.0,0.0,0.0,0.0,0.0,0.0,0.0,0.0,0.0,0.0,0.0,0.0,0.0,0.0,0.0,0.0,0.0,0.0,0.0,0.0,0.0,0.0,0.0,0.0,0.0,0.0,0.0,0.0,0.0,0.0,0.0,0.0,54
1270_Lysine.xyz,195.34179301121327,87.22330997297757,55.864957583539095,47.84569921526451,37.650301513504914,23.68005881530183,15.287058492499776,11.031771974506503,9.36761888336661,4.012405068078274,0.1299894503249041,-0.052519448154408586,-0.119010609789215,-0.12703459779081613,-0.1554176664416016,-0.1724400289796185,-0.28025698417219036,-0.37945060490110577,-0.4863393224663368,-0.5271764570442724,-0.6401979068931121,-0.7531218011176855,-0.855924878087203,-0.9866382389073381,0.0,0.0,0.0,0.0,0.0,0.0,0.0,0.0,0.0,0.0,0.0,0.0,0.0,0.0,0.0,0.0,0.0,0.0,0.0,0.0,0.0,0.0,0.0,0.0,0.0,0.0,0.0,0.0,0.0,0.0,0.0,0.0,60
1271_4Methylpent3en2one.xyz,154.3693424628856,59.72502259698932,31.94607288001314,23.634644846456577,22.027262115878795,7.780587621299196,3.8315704960270196,-0.0014944516509924053,-0.04328942132630415,-0.0672063969274388,-0.06991810193558645,-0.1097065187327759,-0.13619093018581727,-0.5003482026139107,-0.8116022825208985,-0.8875661733048761,-1.0218546239851807,0.0,0.0,0.0,0.0,0.0,0.0,0.0,0.0,0.0,0.0,0.0,0.0,0.0,0.0,0.0,0.0,0.0,0.0,0.0,0.0,0.0,0.0,0.0,0.0,0.0,0.0,0.0,0.0,0.0,0.0,0.0,0.0,0.0,0.0,0.0,0.0,0.0,0.0,0.0,40
1272_Methacyrlic_acid.xyz,165.66952661466937,50.772660496843386,46.24863414105923,23.25835370014453,10.948101942207634,3.006323175662659,-0.009445094491407464,-0.07091169407954208,-0.11752754561141007,-0.5243063884643547,-0.7318834882643385,-0.98371562235147,0.0,0.0,0.0,0.0,0.0,0.0,0.0,0.0,0.0,0.0,0.0,0.0,0.0,0.0,0.0,0.0,0.0,0.0,0.0,0.0,0.0,0.0,0.0,0.0,0.0,0.0,0.0,0.0,0.0,0.0,0.0,0.0,0.0,0.0,0.0,0.0,0.0,0.0,0.0,0.0,0.0,0.0,0.0,0.0,34
1273_Methionine.xyz,422.6937863974973,159.29962105030046,56.683065837103136,48.156155185130814,34.643993763209735,29.2664399255046,16.93152332928023,10.607162432169877,4.008203883054117,0.04823498109120301,-0.062396842335174986,-0.0674734791164262,-0.12630785602638858,-0.1575010761028181,-0.3064593271811947,-0.4794481788132293,-0.5341019827546496,-0.7296683196195997,-0.7959753240567257,-0.8727905350953947,0.0,0.0,0.0,0.0,0.0,0.0,0.0,0.0,0.0,0.0,0.0,0.0,0.0,0.0,0.0,0.0,0.0,0.0,0.0,0.0,0.0,0.0,0.0,0.0,0.0,0.0,0.0,0.0,0.0,0.0,0.0,0.0,0.0,0.0,0.0,0.0,54
1274_Methyl_benzoate.xyz,201.93725393656,82.26083807608626,51.08392444397356,34.862896969800445,32.90367502462304,19.660507499477394,10.543487820152677,9.543821608457298,4.851441162134825,1.8315399069414844,-0.06296141799118912,-0.06310377077312689,-0.10385230679810867,-0.25084563788975656,-0.47621303203627274,-0.6016516849051711,-0.8776056552602195,-1.1449219075251458,0.0,0.0,0.0,0.0,0.0,0.0,0.0,0.0,0.0,0.0,0.0,0.0,0.0,0.0,0.0,0.0,0.0,0.0,0.0,0.0,0.0,0.0,0.0,0.0,0.0,0.0,0.0,0.0,0.0,0.0,0.0,0.0,0.0,0.0,0.0,0.0,0.0,0.0,52
1275_Methyl_butanoate.xyz,173.75266451113066,59.313481149393525,48.18081534522059,24.921376977809853,18.34215211141437,11.290790941543547,3.9543817893821926,0.0688180442709743,-0.06485918615726076,-0.06541493613360609,-0.07050347253166166,-0.13479374284797135,-0.1438787281838864,-0.4220843608143189,-0.7181127917864364,-0.8778965467345087,-1.0030216682257418,0.0,0.0,0.0,0.0,0.0,0.0,0.0,0.0,0.0,0.0,0.0,0.0,0.0,0.0,0.0,0.0,0.0,0.0,0.0,0.0,0.0,0.0,0.0,0.0,0.0,0.0,0.0,0.0,0.0,0.0,0.0,0.0,0.0,0.0,0.0,0.0,0.0,0.0,0.0,42
1276_Chloromethylsilane.xyz,512.4688736983884,227.42286923145744,30.478107707059603,0.24007580893532213,0.10537871624851525,-0.06956428463333941,-0.08267043667146268,-0.7816331697289853,0.0,0.0,0.0,0.0,0.0,0.0,0.0,0.0,0.0,0.0,0.0,0.0,0.0,0.0,0.0,0.0,0.0,0.0,0.0,0.0,0.0,0.0,0.0,0.0,0.0,0.0,0.0,0.0,0.0,0.0,0.0,0.0,0.0,0.0,0.0,0.0,0.0,0.0,0.0,0.0,0.0,0.0,0.0,0.0,0.0,0.0,0.0,0.0,20
1277_Methyl_decanoate.xyz,193.85686972019636,105.5905470935117,63.57330383737993,49.95938130549215,41.155805428797684,28.931781824844,21.633238306265735,18.354046238934643,14.1978926435918,11.145990415549779,9.551625206668653,9.220470736955894,3.9528343099196426,0.21673298020960952,0.08175828067706253,-0.031427455540708506,-0.06556916639576815,-0.0670286532698874,-0.06895962193795871,-0.10637810710053217,-0.11360030771042948,-0.14405905061964303,-0.15854838956679032,-0.1837737003941464,-0.18807344896353964,-0.26356254462968914,-0.3997291087861859,-0.49078577674880514,-0.5665012014693342,-0.639868119341411,-0.7356140579178564,-0.8467185867617812,-0.8876168663568519,-0.9679375962801681,-1.0239799358972197,0.0,0.0,0.0,0.0,0.0,0.0,0.0,0.0,0.0,0.0,0.0,0.0,0.0,0.0,0.0,0.0,0.0,0.0,0.0,0.0,0.0,78
1278_Dichloromethylsilane.xyz,621.0180869448689,362.99440668685475,204.73143860660008,30.09196945740438,0.16320431081362463,-0.0650150380256852,-0.07383730696070702,-0.7844304096279914,0.0,0.0,0.0,0.0,0.0,0.0,0.0,0.0,0.0,0.0,0.0,0.0,0.0,0.0,0.0,0.0,0.0,0.0,0.0,0.0,0.0,0.0,0.0,0.0,0.0,0.0,0.0,0.0,0.0,0.0,0.0,0.0,0.0,0.0,0.0,0.0,0.0,0.0,0.0,0.0,0.0,0.0,0.0,0.0,0.0,0.0,0.0,0.0,26
1279_22hydroxyethylmethylaminoethan1ol.xyz,171.83267107933088,83.49172840402335,57.9681836284983,25.070494194314833,23.614219241327348,15.261440265155466,10.437692393968687,8.336081674631286,0.06826973327739409,0.024676945039337275,-0.04375747149370501,-0.14358848649996944,-0.15004369332803572,-0.17932570105556916,-0.3272778850232648,-0.37585728098838866,-0.5426728174981292,-0.5477746119471449,-0.7973989541587506,-0.8422952441517961,-0.9728425768439718,0.0,0.0,0.0,0.0,0.0,0.0,0.0,0.0,0.0,0.0,0.0,0.0,0.0,0.0,0.0,0.0,0.0,0.0,0.0,0.0,0.0,0.0,0.0,0.0,0.0,0.0,0.0,0.0,0.0,0.0,0.0,0.0,0.0,0.0,0.0,50
1280_Methyl_dodecanoate.xyz,198.36663011005862,115.35348964868402,72.73345863020106,52.478344991832486,47.73554703220368,36.04480049861618,26.882900681477192,21.312897090533916,18.27733047121321,14.713541843413035,11.834026924712107,10.085685933794272,9.264629943226657,9.211170856490863,3.9527149809412916,0.23375931269959677,0.12114710443232968,0.015111349676596483,-0.058727519662362844,-0.0655758488985222,-0.0689420767774409,-0.07726347582983757,-0.10180963343295364,-0.12748230004338038,-0.13065834094681777,-0.16088828863032362,-0.16794178023592715,-0.18859742926475656,-0.19092722914553417,-0.24463387027469177,-0.36577711246895955,-0.44870854812306105,-0.517492626397484,-0.5755334382956409,-0.6350987708445304,-0.7079912961052048,-0.8000626315099231,-0.8725302144249314,-0.9112763841486806,-0.9851133274575449,-1.0253982291310648,0.0,0.0,0.0,0.0,0.0,0.0,0.0,0.0,0.0,0.0,0.0,0.0,0.0,0.0,0.0,90
1281_Methyl_hexanoate.xyz,182.30954302329064,78.4340274564066,50.25986954638692,38.24829985196845,23.04299267416737,18.45244885453242,12.55602776139966,9.621375756641578,3.9531077078198322,0.147180774198573,-0.04018185957182611,-0.06543998621946662,-0.06921010645756098,-0.07091204100443523,-0.11736034314211226,-0.16169346637612783,-0.17165332144692402,-0.33645436965669046,-0.5208109105116078,-0.6657033457826758,-0.8526702349578541,-0.8964244741404858,-1.0162331119422578,0.0,0.0,0.0,0.0,0.0,0.0,0.0,0.0,0.0,0.0,0.0,0.0,0.0,0.0,0.0,0.0,0.0,0.0,0.0,0.0,0.0,0.0,0.0,0.0,0.0,0.0,0.0,0.0,0.0,0.0,0.0,0.0,0.0,54
1282_Methylperoxol.xyz,135.17537906090868,35.28103803731052,16.84864800804466,-0.05333495303803168,-0.06549413519780012,-0.4415812901898206,-0.8531600887918265,0.0,0.0,0.0,0.0,0.0,0.0,0.0,0.0,0.0,0.0,0.0,0.0,0.0,0.0,0.0,0.0,0.0,0.0,0.0,0.0,0.0,0.0,0.0,0.0,0.0,0.0,0.0,0.0,0.0,0.0,0.0,0.0,0.0,0.0,0.0,0.0,0.0,0.0,0.0,0.0,0.0,0.0,0.0,0.0,0.0,0.0,0.0,0.0,0.0,20
1283_Methylsulfanylisopropane.xyz,413.12183275980306,66.61984667542897,29.618719832350497,23.639837253451752,10.691776100063183,0.026086162273627637,-0.00432665787693596,-0.057605116272710984,-0.07265684706600183,-0.12975810334711801,-0.14788738904926593,-0.3004869538584572,-0.7897558826453744,-0.8159606643308772,-0.9437993445586128,0.0,0.0,0.0,0.0,0.0,0.0,0.0,0.0,0.0,0.0,0.0,0.0,0.0,0.0,0.0,0.0,0.0,0.0,0.0,0.0,0.0,0.0,0.0,0.0,0.0,0.0,0.0,0.0,0.0,0.0,0.0,0.0,0.0,0.0,0.0,0.0,0.0,0.0,0.0,0.0,0.0,32
1284_3Methyl25dihydrofuran25dione.xyz,203.3551854462047,74.661106608487,48.91311364733726,40.36847010780264,23.185041502035066,11.297311307043435,3.8395750563728264,2.874187533699588,-0.06884123705919179,-0.07037164994549304,-0.5698776512605866,-0.9442905141567828,0.0,0.0,0.0,0.0,0.0,0.0,0.0,0.0,0.0,0.0,0.0,0.0,0.0,0.0,0.0,0.0,0.0,0.0,0.0,0.0,0.0,0.0,0.0,0.0,0.0,0.0,0.0,0.0,0.0,0.0,0.0,0.0,0.0,0.0,0.0,0.0,0.0,0.0,0.0,0.0,0.0,0.0,0.0,0.0,42
1285_Methyl_methacrylate.xyz,178.28337112230986,54.859685127103695,48.794128305916864,23.815922677632337,19.78399818289767,9.995730668886067,2.7103372585592256,-0.009348554972029027,-0.05495978405686736,-0.06537288811483219,-0.07927321208327814,-0.11972017671672479,-0.7318002123205174,-0.8773803529661497,-0.9814027253249487,0.0,0.0,0.0,0.0,0.0,0.0,0.0,0.0,0.0,0.0,0.0,0.0,0.0,0.0,0.0,0.0,0.0,0.0,0.0,0.0,0.0,0.0,0.0,0.0,0.0,0.0,0.0,0.0,0.0,0.0,0.0,0.0,0.0,0.0,0.0,0.0,0.0,0.0,0.0,0.0,0.0,40
1286_Methylsulfanylbutane.xyz,412.45488209589337,82.91570130381324,33.17266131754902,28.56527935687691,15.183857631599713,9.959795734010125,0.12811349027807153,-0.03331798055316324,-0.06719439151331509,-0.06905191157455148,-0.10999781093466578,-0.14125164388573816,-0.171521120077625,-0.36082525811979466,-0.5634149459688919,-0.7593510606413612,-0.7960105244610212,-0.9943872584986179,0.0,0.0,0.0,0.0,0.0,0.0,0.0,0.0,0.0,0.0,0.0,0.0,0.0,0.0,0.0,0.0,0.0,0.0,0.0,0.0,0.0,0.0,0.0,0.0,0.0,0.0,0.0,0.0,0.0,0.0,0.0,0.0,0.0,0.0,0.0,0.0,0.0,0.0,38
1287_Methyl_nitrate.xyz,190.8802594234456,53.73589793229541,44.43012540180992,18.90009872800613,5.316004684421869,-0.05941657416154181,-0.06809371144039164,-0.8679791256921714,0.0,0.0,0.0,0.0,0.0,0.0,0.0,0.0,0.0,0.0,0.0,0.0,0.0,0.0,0.0,0.0,0.0,0.0,0.0,0.0,0.0,0.0,0.0,0.0,0.0,0.0,0.0,0.0,0.0,0.0,0.0,0.0,0.0,0.0,0.0,0.0,0.0,0.0,0.0,0.0,0.0,0.0,0.0,0.0,0.0,0.0,0.0,0.0,30
1288_Methoxypentane.xyz,146.23185947974022,68.7150646567462,34.700621184308815,20.65194712185792,15.73246140296242,11.018489530973662,9.37133484964638,0.16182064604101928,-0.001351729633261955,-0.06697022728844479,-0.06989134746545882,-0.08681133974260932,-0.1289107488135881,-0.16460498574454968,-0.17935373701189933,-0.3256413663037424,-0.5130500796349836,-0.6561281894566495,-0.8211532712696626,-0.8905995321598901,-1.013806401386121,0.0,0.0,0.0,0.0,0.0,0.0,0.0,0.0,0.0,0.0,0.0,0.0,0.0,0.0,0.0,0.0,0.0,0.0,0.0,0.0,0.0,0.0,0.0,0.0,0.0,0.0,0.0,0.0,0.0,0.0,0.0,0.0,0.0,0.0,0.0,44
1289_Methyl_octanoate.xyz,188.65458470764764,93.59833983094491,54.14516752811087,47.743801272689524,32.15431579381933,22.28335280825315,18.306750268828427,13.552263257565087,10.31789635278016,9.29112270812984,3.9529899950972167,0.19057764964915266,0.028151854451846647,-0.06221823037540691,-0.06554511372447609,-0.06901099558356075,-0.0917745374885228,-0.11751400313192456,-0.14315148310283554,-0.1757873256289405,-0.18279954403267126,-0.2912798620981739,-0.4473888434475264,-0.5497967015963238,-0.6492587285842077,-0.7803647035560034,-0.8766158190331956,-0.9390457815693363,-1.0214261205600303,0.0,0.0,0.0,0.0,0.0,0.0,0.0,0.0,0.0,0.0,0.0,0.0,0.0,0.0,0.0,0.0,0.0,0.0,0.0,0.0,0.0,0.0,0.0,0.0,0.0,0.0,0.0,66
1290_Methyloxirane.xyz,128.8695007103758,32.90093431656273,17.793350104280595,9.639454532633664,0.004251535943675201,-0.06799320136193555,-0.10915693673127928,-0.2878449895011738,-0.7078786011813106,-0.9436071529327635,0.0,0.0,0.0,0.0,0.0,0.0,0.0,0.0,0.0,0.0,0.0,0.0,0.0,0.0,0.0,0.0,0.0,0.0,0.0,0.0,0.0,0.0,0.0,0.0,0.0,0.0,0.0,0.0,0.0,0.0,0.0,0.0,0.0,0.0,0.0,0.0,0.0,0.0,0.0,0.0,0.0,0.0,0.0,0.0,0.0,0.0,24
1291_Methyl_pentanoate.xyz,178.4471038969583,69.2859370786121,49.449718810711545,31.600911604624173,20.32611891529273,15.13792619905367,10.113142039634607,3.9556529379374883,0.11379778766039321,-0.05987946671014499,-0.06524905363227834,-0.06926871596779731,-0.08959400365703502,-0.1424576693523203,-0.16656548361239282,-0.3713389203772617,-0.5832785022442373,-0.8032989638552257,-0.8864647722368965,-1.0108930826631601,0.0,0.0,0.0,0.0,0.0,0.0,0.0,0.0,0.0,0.0,0.0,0.0,0.0,0.0,0.0,0.0,0.0,0.0,0.0,0.0,0.0,0.0,0.0,0.0,0.0,0.0,0.0,0.0,0.0,0.0,0.0,0.0,0.0,0.0,0.0,0.0,48
1292_Methylsulfanylpentane.xyz,413.50626058541366,94.30078170712417,40.44270637747494,30.05456290639244,20.650081394776965,12.297257430862496,9.56182056382794,0.1574666630770317,-0.011604417074846137,-0.06649196464855403,-0.06980357869559786,-0.08179830909264643,-0.12419256112500268,-0.16343314081963312,-0.17429226443147453,-0.32796696256690194,-0.5102511728903127,-0.6406949977960602,-0.7932153692561081,-0.8294243060730297,-1.0056963612618055,0.0,0.0,0.0,0.0,0.0,0.0,0.0,0.0,0.0,0.0,0.0,0.0,0.0,0.0,0.0,0.0,0.0,0.0,0.0,0.0,0.0,0.0,0.0,0.0,0.0,0.0,0.0,0.0,0.0,0.0,0.0,0.0,0.0,0.0,0.0,44
1293_Methyl_propionate.xyz,167.936035899191,52.319601169103905,41.877504979266064,21.050381527382356,14.05509420211703,3.9546105171863672,0.005255597653313737,-0.06528977137345167,-0.06821056677078728,-0.06920696153718622,-0.14034728793437956,-0.5292489781049491,-0.8748560545114811,-0.9855140343435915,0.0,0.0,0.0,0.0,0.0,0.0,0.0,0.0,0.0,0.0,0.0,0.0,0.0,0.0,0.0,0.0,0.0,0.0,0.0,0.0,0.0,0.0,0.0,0.0,0.0,0.0,0.0,0.0,0.0,0.0,0.0,0.0,0.0,0.0,0.0,0.0,0.0,0.0,0.0,0.0,0.0,0.0,36
1294_Methoxypropane.xyz,133.96685166060027,48.66390760609016,21.70372630337977,14.952011725221203,10.013936084151604,0.10037651720045446,-0.0563874887824829,-0.06706862152233285,-0.07169021134677368,-0.13824681503411443,-0.1650705346261891,-0.40518550559983507,-0.6949115857387872,-0.8567172916049025,-0.9964163248740584,0.0,0.0,0.0,0.0,0.0,0.0,0.0,0.0,0.0,0.0,0.0,0.0,0.0,0.0,0.0,0.0,0.0,0.0,0.0,0.0,0.0,0.0,0.0,0.0,0.0,0.0,0.0,0.0,0.0,0.0,0.0,0.0,0.0,0.0,0.0,0.0,0.0,0.0,0.0,0.0,0.0,32
1295_Methyl_salicylate.xyz,223.2345689694816,87.21315258514728,62.828366177629206,46.37843182005702,33.71858169345692,26.260802673403173,19.007988361167723,10.351308103032682,7.9009573104141815,4.681946687732209,1.5013834100269576,-0.06318547972333775,-0.06350630074711187,-0.12689553357907923,-0.35615912703322966,-0.5123773717360017,-0.559615033461774,-0.8770870344695015,-1.1037361559607357,0.0,0.0,0.0,0.0,0.0,0.0,0.0,0.0,0.0,0.0,0.0,0.0,0.0,0.0,0.0,0.0,0.0,0.0,0.0,0.0,0.0,0.0,0.0,0.0,0.0,0.0,0.0,0.0,0.0,0.0,0.0,0.0,0.0,0.0,0.0,0.0,0.0,58
1296_2_Methoxybutane.xyz,147.85327082079522,46.3524819339095,31.86675460406904,19.582259431008104,14.287629656513758,7.926467527544606,0.047813995087981016,-0.0059613383986877435,-0.0581112661204112,-0.07475100634356949,-0.07966690994953195,-0.14055038209196594,-0.15993257417570741,-0.3071835005764083,-0.5581908803977497,-0.8212487810075906,-0.899718256297038,-1.0041423566295442,0.0,0.0,0.0,0.0,0.0,0.0,0.0,0.0,0.0,0.0,0.0,0.0,0.0,0.0,0.0,0.0,0.0,0.0,0.0,0.0,0.0,0.0,0.0,0.0,0.0,0.0,0.0,0.0,0.0,0.0,0.0,0.0,0.0,0.0,0.0,0.0,0.0,0.0,38
1297_Methylsulfanylbenzene.xyz,421.3339011149727,111.8604112503132,36.60461846704248,33.678914480772164,28.025329986459074,9.599170957098885,9.272765236144465,3.062940446102498,-0.050607088566106725,-0.058053751380003016,-0.10487731182883782,-0.25352934539362626,-0.454313097664368,-0.5990052115174272,-0.7997891072050026,-1.087699602706801,0.0,0.0,0.0,0.0,0.0,0.0,0.0,0.0,0.0,0.0,0.0,0.0,0.0,0.0,0.0,0.0,0.0,0.0,0.0,0.0,0.0,0.0,0.0,0.0,0.0,0.0,0.0,0.0,0.0,0.0,0.0,0.0,0.0,0.0,0.0,0.0,0.0,0.0,0.0,0.0,42
1298_Methoxyethene.xyz,127.740225420907,35.08433201048417,19.726004631466715,6.815497865700233,0.001944856212709393,-0.06020818725554035,-0.11063097388048607,-0.30295765249981194,-0.8225221477994425,-0.9806755052473699,0.0,0.0,0.0,0.0,0.0,0.0,0.0,0.0,0.0,0.0,0.0,0.0,0.0,0.0,0.0,0.0,0.0,0.0,0.0,0.0,0.0,0.0,0.0,0.0,0.0,0.0,0.0,0.0,0.0,0.0,0.0,0.0,0.0,0.0,0.0,0.0,0.0,0.0,0.0,0.0,0.0,0.0,0.0,0.0,0.0,0.0,24
1299_N_methylurea.xyz,154.1475778580174,46.057118818121694,37.90869145791774,17.263597902804907,4.110849809426505,-0.061309182388900624,-0.06777751272992148,-0.10220134841240651,-0.4587793167065313,-0.82374762361178,-1.0237009441205274,0.0,0.0,0.0,0.0,0.0,0.0,0.0,0.0,0.0,0.0,0.0,0.0,0.0,0.0,0.0,0.0,0.0,0.0,0.0,0.0,0.0,0.0,0.0,0.0,0.0,0.0,0.0,0.0,0.0,0.0,0.0,0.0,0.0,0.0,0.0,0.0,0.0,0.0,0.0,0.0,0.0,0.0,0.0,0.0,0.0,30
1300_Morpholine.xyz,160.49723231439867,52.450843819424335,33.74228757093715,15.673659185169116,11.843523013058382,7.8505223827407935,0.03527071043636534,-0.07505780001915616,-0.08137325206550781,-0.14383309878148176,-0.2202923023840073,-0.4719866387215911,-0.5443138949501366,-0.7821518760391025,-0.9665072158617204,0.0,0.0,0.0,0.0,0.0,0.0,0.0,0.0,0.0,0.0,0.0,0.0,0.0,0.0,0.0,0.0,0.0,0.0,0.0,0.0,0.0,0.0,0.0,0.0,0.0,0.0,0.0,0.0,0.0,0.0,0.0,0.0,0.0,0.0,0.0,0.0,0.0,0.0,0.0,0.0,0.0,36
1301_3_Methylbenzaldehyde.xyz,174.45002910973142,74.00977700723038,43.72398877077927,32.7619859213845,21.4596827431406,12.74497677378531,8.447166176195934,6.084932596081447,2.4015766937012395,-0.0638677630415488,-0.0675465494246832,-0.1856052070779209,-0.42457587455706436,-0.4495337033752067,-0.5529304921698625,-0.8226816074577697,-1.1358382797081614,0.0,0.0,0.0,0.0,0.0,0.0,0.0,0.0,0.0,0.0,0.0,0.0,0.0,0.0,0.0,0.0,0.0,0.0,0.0,0.0,0.0,0.0,0.0,0.0,0.0,0.0,0.0,0.0,0.0,0.0,0.0,0.0,0.0,0.0,0.0,0.0,0.0,0.0,0.0,46
1302_22aminoethylaminoethan1ol.xyz,152.93352544590962,76.49074284960038,48.5151361442011,24.186980413834217,16.03890070350142,10.319049715378412,9.72177155062163,0.10789057155836822,-0.02954774304624234,-0.11634826897173016,-0.14329807598260652,-0.17210257699478967,-0.2728080899426802,-0.3776601564040531,-0.45145141789304727,-0.5650772974910988,-0.6793262093691034,-0.8719826224949466,-0.9678646188446172,0.0,0.0,0.0,0.0,0.0,0.0,0.0,0.0,0.0,0.0,0.0,0.0,0.0,0.0,0.0,0.0,0.0,0.0,0.0,0.0,0.0,0.0,0.0,0.0,0.0,0.0,0.0,0.0,0.0,0.0,0.0,0.0,0.0,0.0,0.0,0.0,0.0,44
1303_Naphthalen_1_amine.xyz,191.68406215125378,67.16917722618905,53.489706651610156,32.113059925435365,30.895320373701313,22.38038537885481,11.129796763003938,9.30526079715742,6.601147763464226,4.767462291633152,1.5474333369497517,-0.07900110732189372,-0.1311991950876047,-0.20370357685599952,-0.3416442679891895,-0.4433356635042866,-0.5564137700846626,-0.76527252629556,-0.8799919163204596,-1.2424912417059384,0.0,0.0,0.0,0.0,0.0,0.0,0.0,0.0,0.0,0.0,0.0,0.0,0.0,0.0,0.0,0.0,0.0,0.0,0.0,0.0,0.0,0.0,0.0,0.0,0.0,0.0,0.0,0.0,0.0,0.0,0.0,0.0,0.0,0.0,0.0,0.0,54
1304_Naphthalen_2_amine.xyz,189.37991744993246,73.77605333610575,45.850046342862235,38.641537505099116,27.97458335198742,22.033319072508906,11.314693880745212,8.543534432785194,7.458153047537747,4.418954386660963,1.7777846551211447,-0.09934204043907864,-0.12161216639205379,-0.26933174646300895,-0.3326789807835339,-0.48559231649149864,-0.570754937229624,-0.7031630845937862,-0.8975099822620356,-1.248832812604231,0.0,0.0,0.0,0.0,0.0,0.0,0.0,0.0,0.0,0.0,0.0,0.0,0.0,0.0,0.0,0.0,0.0,0.0,0.0,0.0,0.0,0.0,0.0,0.0,0.0,0.0,0.0,0.0,0.0,0.0,0.0,0.0,0.0,0.0,0.0,0.0,54
1305_N_butylacetamide.xyz,166.3871063404422,69.44969893155366,42.602362560887066,30.362401588998328,22.93398016987725,13.381594197831722,9.757485535328723,4.381661598341739,0.11379769651486145,-0.06310901830438734,-0.06649557022471106,-0.07073826623462316,-0.0851115498125935,-0.14127910932541576,-0.16536290588812474,-0.34671718321545564,-0.48405579426558437,-0.6249908197338024,-0.8212888781426878,-0.9445243156502772,-1.032381892783848,0.0,0.0,0.0,0.0,0.0,0.0,0.0,0.0,0.0,0.0,0.0,0.0,0.0,0.0,0.0,0.0,0.0,0.0,0.0,0.0,0.0,0.0,0.0,0.0,0.0,0.0,0.0,0.0,0.0,0.0,0.0,0.0,0.0,0.0,0.0,48
1306_N_butylamine.xyz,114.17138779083375,49.079373167523826,24.279204992169145,13.050867647046498,9.569669523644475,0.1423472109146765,-0.056007894929862245,-0.06894327026437679,-0.127969731290465,-0.1621270899757087,-0.1887519773072687,-0.32947211278787214,-0.5303564484975912,-0.6726512493335083,-0.8550032067085217,-1.0104391535053345,0.0,0.0,0.0,0.0,0.0,0.0,0.0,0.0,0.0,0.0,0.0,0.0,0.0,0.0,0.0,0.0,0.0,0.0,0.0,0.0,0.0,0.0,0.0,0.0,0.0,0.0,0.0,0.0,0.0,0.0,0.0,0.0,0.0,0.0,0.0,0.0,0.0,0.0,0.0,0.0,32
1307_22dimethylpropane13diol.xyz,167.68709666639717,64.58948195054742,45.60805519067924,24.198814211020405,17.810458334931592,15.473129714461473,6.399778353686431,0.04520885215934156,0.01023525744345531,-0.09217626163474828,-0.09309429442157177,-0.13401455085428549,-0.15830151796609054,-0.4256792030827255,-0.43590253785235267,-0.6853558147208133,-0.7137157128983718,-0.8093020920673133,-0.9508011090780346,0.0,0.0,0.0,0.0,0.0,0.0,0.0,0.0,0.0,0.0,0.0,0.0,0.0,0.0,0.0,0.0,0.0,0.0,0.0,0.0,0.0,0.0,0.0,0.0,0.0,0.0,0.0,0.0,0.0,0.0,0.0,0.0,0.0,0.0,0.0,0.0,0.0,44
1308_N_ethylaniline.xyz,167.50017685953242,65.3589214566322,36.882080190334186,34.95466073145301,22.229441753923975,12.048026168213909,9.483011615448957,7.360122206671275,2.677146545356026,0.01159631548325365,-0.06738020573738449,-0.09590751131973047,-0.13723685615435363,-0.24423729171196154,-0.40285118578771173,-0.44163752778635934,-0.5958707697399003,-0.648672973442941,-0.9710540507703396,-1.1767864753630182,0.0,0.0,0.0,0.0,0.0,0.0,0.0,0.0,0.0,0.0,0.0,0.0,0.0,0.0,0.0,0.0,0.0,0.0,0.0,0.0,0.0,0.0,0.0,0.0,0.0,0.0,0.0,0.0,0.0,0.0,0.0,0.0,0.0,0.0,0.0,0.0,48
1309_N_ethylmorpholine.xyz,178.55599222480663,65.81738166421141,33.679926548473574,33.54038852537688,17.918826115620085,11.841914815947273,11.0022690839727,6.735387737308294,0.046794544392431074,0.0017327257421307105,-0.05570127154825319,-0.057984557225091486,-0.10852777910711227,-0.12658839211996867,-0.185885941490545,-0.4163878584909984,-0.4772987688124415,-0.5216163894022205,-0.7814952470467853,-0.8818188044262021,-1.0032756599877866,0.0,0.0,0.0,0.0,0.0,0.0,0.0,0.0,0.0,0.0,0.0,0.0,0.0,0.0,0.0,0.0,0.0,0.0,0.0,0.0,0.0,0.0,0.0,0.0,0.0,0.0,0.0,0.0,0.0,0.0,0.0,0.0,0.0,0.0,0.0,48
1310_Nitrobenzene.xyz,204.2144320400258,81.1843106469394,45.82502891349187,34.08125427710801,31.779966474499048,11.90464972002202,9.569034376083035,5.944033401840068,2.1283832427597322,-0.10385363433431459,-0.2528302923541244,-0.47853769136688407,-0.603548347281389,-1.1515950914279653,0.0,0.0,0.0,0.0,0.0,0.0,0.0,0.0,0.0,0.0,0.0,0.0,0.0,0.0,0.0,0.0,0.0,0.0,0.0,0.0,0.0,0.0,0.0,0.0,0.0,0.0,0.0,0.0,0.0,0.0,0.0,0.0,0.0,0.0,0.0,0.0,0.0,0.0,0.0,0.0,0.0,0.0,46
1311_Nitroethane.xyz,170.22493643787848,45.71602334564111,40.92412919488072,15.524086763108524,5.944522176837124,0.003909341661688777,-0.06951683565414678,-0.13681969317534776,-0.5346662660979972,-0.9882972267797492,0.0,0.0,0.0,0.0,0.0,0.0,0.0,0.0,0.0,0.0,0.0,0.0,0.0,0.0,0.0,0.0,0.0,0.0,0.0,0.0,0.0,0.0,0.0,0.0,0.0,0.0,0.0,0.0,0.0,0.0,0.0,0.0,0.0,0.0,0.0,0.0,0.0,0.0,0.0,0.0,0.0,0.0,0.0,0.0,0.0,0.0,30
1312_N_methylacetamide.xyz,146.36214754403105,45.816043509049905,29.797211319184964,17.171835587152724,4.424177420731189,-0.05229166624151633,-0.0553503143403731,-0.0771621011654511,-0.07867915857659702,-0.4754253768736044,-0.8584530864203628,-1.0243359586157348,0.0,0.0,0.0,0.0,0.0,0.0,0.0,0.0,0.0,0.0,0.0,0.0,0.0,0.0,0.0,0.0,0.0,0.0,0.0,0.0,0.0,0.0,0.0,0.0,0.0,0.0,0.0,0.0,0.0,0.0,0.0,0.0,0.0,0.0,0.0,0.0,0.0,0.0,0.0,0.0,0.0,0.0,0.0,0.0,30
1313_N_methylaniline.xyz,160.51017527783156,59.093931563386484,35.77730089184119,28.563722626381175,16.296576167931942,9.562939463330771,7.4531055983878085,2.6749917164458945,-0.046164579000603535,-0.06187096475231569,-0.10559654101088936,-0.25233778731815765,-0.42784142763350697,-0.479102052592399,-0.5989814917345642,-0.913571645690831,-1.1818330199937752,0.0,0.0,0.0,0.0,0.0,0.0,0.0,0.0,0.0,0.0,0.0,0.0,0.0,0.0,0.0,0.0,0.0,0.0,0.0,0.0,0.0,0.0,0.0,0.0,0.0,0.0,0.0,0.0,0.0,0.0,0.0,0.0,0.0,0.0,0.0,0.0,0.0,0.0,0.0,42
1314_N_methylcyclohexylamine.xyz,156.13493498455557,58.315746398082126,35.31126314825673,28.517001303894695,16.627060793652216,12.258793388277063,10.110450874452612,6.925706689235762,0.06913625012658559,-0.03521179650126857,-0.05641004110680917,-0.08313335298420196,-0.10207475205248961,-0.11715685109105148,-0.15325043848299694,-0.19051017041951102,-0.37324257575091774,-0.4512390995674483,-0.46838719889583263,-0.6768837480397093,-0.7672048824588362,-0.8986953114487909,-1.0312498159239434,0.0,0.0,0.0,0.0,0.0,0.0,0.0,0.0,0.0,0.0,0.0,0.0,0.0,0.0,0.0,0.0,0.0,0.0,0.0,0.0,0.0,0.0,0.0,0.0,0.0,0.0,0.0,0.0,0.0,0.0,0.0,0.0,0.0,48
1315_N_methylformamide.xyz,132.47604387930284,48.490382499368174,17.57356241441481,6.605246349332581,-0.06219524695734109,-0.07128312680588199,-0.29744850709920817,-0.6124953563182516,-1.0102003867474705,0.0,0.0,0.0,0.0,0.0,0.0,0.0,0.0,0.0,0.0,0.0,0.0,0.0,0.0,0.0,0.0,0.0,0.0,0.0,0.0,0.0,0.0,0.0,0.0,0.0,0.0,0.0,0.0,0.0,0.0,0.0,0.0,0.0,0.0,0.0,0.0,0.0,0.0,0.0,0.0,0.0,0.0,0.0,0.0,0.0,0.0,0.0,24
1316_N_methylpyrrolidine.xyz,141.77102092812322,40.300767251310745,28.13281203641309,18.7652322887535,9.145653121953636,8.83347281170482,0.12154887014308022,-0.04495275849528342,-0.04601174180666391,-0.10162737074062908,-0.14858154658862355,-0.1870657908753132,-0.3120821984972277,-0.514831522845573,-0.7433550246057178,-0.8951449962763236,-0.9276209607130371,0.0,0.0,0.0,0.0,0.0,0.0,0.0,0.0,0.0,0.0,0.0,0.0,0.0,0.0,0.0,0.0,0.0,0.0,0.0,0.0,0.0,0.0,0.0,0.0,0.0,0.0,0.0,0.0,0.0,0.0,0.0,0.0,0.0,0.0,0.0,0.0,0.0,0.0,0.0,36
1317_NN_diethylaniline.xyz,188.31659805093568,70.5965138089785,42.84774214309626,34.54776817208381,33.23828055530146,23.169171795057675,13.813183561935674,10.762726551348877,9.453664124197017,6.328612624613185,2.3935909159196758,0.06506883608957245,-0.048318429348331006,-0.055618433308725186,-0.07365746979565876,-0.10861876670915936,-0.13851892626055398,-0.15300020848416088,-0.2762743305994617,-0.43227158849543595,-0.5313786407911317,-0.5789527710592628,-0.6104757382877335,-0.9261104725851655,-0.9921131840293069,-1.1678527857157506,0.0,0.0,0.0,0.0,0.0,0.0,0.0,0.0,0.0,0.0,0.0,0.0,0.0,0.0,0.0,0.0,0.0,0.0,0.0,0.0,0.0,0.0,0.0,0.0,0.0,0.0,0.0,0.0,0.0,0.0,60
1318_NN_diethylmethylamine.xyz,136.04043640080988,40.51818614060639,31.87778930696456,18.74429054094038,12.977230672321063,8.377267991244528,0.057187903529970704,0.021969879590633696,-0.017406210099694255,-0.07175062197542681,-0.07575398016712258,-0.1386812894479663,-0.1547778640992573,-0.18891063880101497,-0.506538621843785,-0.528377300616968,-0.8283485189891309,-0.9309722870923614,-1.0236081059167839,0.0,0.0,0.0,0.0,0.0,0.0,0.0,0.0,0.0,0.0,0.0,0.0,0.0,0.0,0.0,0.0,0.0,0.0,0.0,0.0,0.0,0.0,0.0,0.0,0.0,0.0,0.0,0.0,0.0,0.0,0.0,0.0,0.0,0.0,0.0,0.0,0.0,38
1319_NN_dimethylacetamide.xyz,158.5031968444457,52.14717422105167,30.295056726536522,22.088361426267063,15.201125580273,3.696122964880121,0.02007527832466781,-0.006457991042958827,-0.07591767437087366,-0.08316731266662619,-0.136094096225906,-0.1527946907614925,-0.8140437047875388,-0.8523311098892147,-1.0224835446920388,0.0,0.0,0.0,0.0,0.0,0.0,0.0,0.0,0.0,0.0,0.0,0.0,0.0,0.0,0.0,0.0,0.0,0.0,0.0,0.0,0.0,0.0,0.0,0.0,0.0,0.0,0.0,0.0,0.0,0.0,0.0,0.0,0.0,0.0,0.0,0.0,0.0,0.0,0.0,0.0,0.0,36
1320_NN_dimethylaniline.xyz,171.7936735663638,64.71545542057166,36.354182627976115,29.327174902100452,23.27765719411954,14.190735598035129,9.449570906030575,6.806435565290236,2.416819693729759,0.01585654258733083,-0.03527160121655204,-0.08939249959383713,-0.1115048922675453,-0.13846856130522373,-0.2721513944923771,-0.4659010296547096,-0.6023545188836967,-0.8124316427849361,-0.9236657804957555,-1.1728711008743211,0.0,0.0,0.0,0.0,0.0,0.0,0.0,0.0,0.0,0.0,0.0,0.0,0.0,0.0,0.0,0.0,0.0,0.0,0.0,0.0,0.0,0.0,0.0,0.0,0.0,0.0,0.0,0.0,0.0,0.0,0.0,0.0,0.0,0.0,0.0,0.0,48
1321_Butyldimethylamine.xyz,140.82316351579306,58.61056827665335,28.30624302614928,23.3900999549418,16.227672512629354,11.089809560238011,8.648325372743503,0.13843503508466823,0.00720727387369222,-0.011268733542388672,-0.06844034306277053,-0.08645130417104721,-0.12335217668335266,-0.13819929702421335,-0.16308586687786394,-0.1833616829810165,-0.37343520217830206,-0.5757527477142522,-0.763167087915313,-0.8085267853339472,-0.9215827549239934,-1.0175619493145185,0.0,0.0,0.0,0.0,0.0,0.0,0.0,0.0,0.0,0.0,0.0,0.0,0.0,0.0,0.0,0.0,0.0,0.0,0.0,0.0,0.0,0.0,0.0,0.0,0.0,0.0,0.0,0.0,0.0,0.0,0.0,0.0,0.0,0.0,44
1322_NN_dipropylpropan_1_amine.xyz,168.02626210514256,55.15769942901561,55.153377613552465,40.13064520986787,20.578776335562694,20.57796743866613,14.217745621923854,10.521785828009762,10.519880217157471,7.927857676760402,0.1016594934111943,0.1015687793655465,0.006110009856338797,-0.07031465002042152,-0.0703160595122133,-0.07177301524280918,-0.10117243985719994,-0.12405877948156155,-0.12408694660790719,-0.15780829369068108,-0.17771982646917273,-0.17778396550802397,-0.3391306168701068,-0.4700085484310374,-0.47007994022805355,-0.6645085322661954,-0.6645595942287572,-0.7765938513817378,-0.9744167922830916,-0.9744368697767902,-1.0309128417745248,0.0,0.0,0.0,0.0,0.0,0.0,0.0,0.0,0.0,0.0,0.0,0.0,0.0,0.0,0.0,0.0,0.0,0.0,0.0,0.0,0.0,0.0,0.0,0.0,0.0,62
1323_Nonan_5_one.xyz,169.78575938333915,67.85708608918917,62.31547170067529,33.19473495708684,29.327201952059507,17.389377137713616,15.070376304216444,10.29444967326279,10.289467154545195,4.965282705130772,0.1598647122284858,0.07112531779767096,-0.06848261226624157,-0.06878542288726615,-0.07090143041402171,-0.09855938106552058,-0.1385569055542051,-0.14341413875985015,-0.16548313922336616,-0.173530056917827,-0.3428035681801534,-0.41537486734188983,-0.5738120541530258,-0.5944700219021739,-0.7549113652436638,-0.855249846239378,-0.9926955537125197,-1.0235252087400213,0.0,0.0,0.0,0.0,0.0,0.0,0.0,0.0,0.0,0.0,0.0,0.0,0.0,0.0,0.0,0.0,0.0,0.0,0.0,0.0,0.0,0.0,0.0,0.0,0.0,0.0,0.0,0.0,60
1324_Nonanoic_acid.xyz,180.75244078127088,97.1740770154127,56.93722202789639,45.434605205829016,36.549904688936785,24.504954686234807,16.908345398153212,12.328189574343229,9.905761464039504,9.25067262566729,4.465197916480857,0.20450014145238213,0.05552654195240192,-0.06258608794086558,-0.0689592610480297,-0.10687900071685087,-0.14042142429551643,-0.14458733566561324,-0.18256008369996812,-0.18425610290717367,-0.27567380842760775,-0.4147677418128457,-0.480642540336472,-0.5321618215897717,-0.6092296629110532,-0.7032941348783212,-0.8308596967731561,-0.9551437887571259,-1.0230393414550139,0.0,0.0,0.0,0.0,0.0,0.0,0.0,0.0,0.0,0.0,0.0,0.0,0.0,0.0,0.0,0.0,0.0,0.0,0.0,0.0,0.0,0.0,0.0,0.0,0.0,0.0,0.0,66
1325_N_pentylamine.xyz,122.99340540924916,56.763374721010315,30.8400811769389,17.454451152851398,11.264382698240096,9.385175873435822,0.1577386840513068,-0.030254150368125336,-0.06897932581843125,-0.11601487338546058,-0.1290660954261286,-0.16776373003024725,-0.17096802071801792,-0.30101021182892884,-0.47116512770543334,-0.5851906488756701,-0.7381204937850405,-0.9116644415193403,-1.0191791993582497,0.0,0.0,0.0,0.0,0.0,0.0,0.0,0.0,0.0,0.0,0.0,0.0,0.0,0.0,0.0,0.0,0.0,0.0,0.0,0.0,0.0,0.0,0.0,0.0,0.0,0.0,0.0,0.0,0.0,0.0,0.0,0.0,0.0,0.0,0.0,0.0,0.0,38
1326_bisprop2en1ylamine.xyz,140.55219088286276,56.48528042505764,37.89368946369013,20.918304624376887,14.04488082617219,7.810627173952037,6.663023994731295,0.005482854315495234,-0.03599239040158015,-0.06310302019869028,-0.11037276532143679,-0.20720330446626037,-0.2845673156120749,-0.36339060449773153,-0.5929845647783896,-0.7276579188166223,-0.9552123234785196,-1.025657441203379,0.0,0.0,0.0,0.0,0.0,0.0,0.0,0.0,0.0,0.0,0.0,0.0,0.0,0.0,0.0,0.0,0.0,0.0,0.0,0.0,0.0,0.0,0.0,0.0,0.0,0.0,0.0,0.0,0.0,0.0,0.0,0.0,0.0,0.0,0.0,0.0,0.0,0.0,40
1327_n_propyl_propionate.xyz,180.65290322089294,66.15329043076707,43.89192307361109,39.79541857225628,18.17602491247645,15.370501337352968,10.303401306608691,3.959994835471574,0.11519676993510605,-0.01658821627620575,-0.06536899998081458,-0.0727028962090623,-0.10848736111419119,-0.1378662342260947,-0.19076937098150754,-0.3893569780063627,-0.5443174672127562,-0.7298548350630424,-0.9711232478532676,-1.010198216272832,0.0,0.0,0.0,0.0,0.0,0.0,0.0,0.0,0.0,0.0,0.0,0.0,0.0,0.0,0.0,0.0,0.0,0.0,0.0,0.0,0.0,0.0,0.0,0.0,0.0,0.0,0.0,0.0,0.0,0.0,0.0,0.0,0.0,0.0,0.0,0.0,48
1328_Octanoic_acid.xyz,177.66744443263406,90.99791281811841,51.331677699012616,45.26201235503219,31.69774374932493,20.5416063044476,13.944297291213802,10.43456838507711,9.307216136647009,4.4654522327169195,0.1897514600599549,0.026133653963039908,-0.06898784118915191,-0.08870233617833108,-0.1172034035386261,-0.1429243637384245,-0.17562990431909434,-0.18274805254719526,-0.29079221549381823,-0.4356775212479602,-0.4928700557403766,-0.5622880630400834,-0.6589700112820691,-0.7914156511361169,-0.9377570284585091,-1.0216190353098413,0.0,0.0,0.0,0.0,0.0,0.0,0.0,0.0,0.0,0.0,0.0,0.0,0.0,0.0,0.0,0.0,0.0,0.0,0.0,0.0,0.0,0.0,0.0,0.0,0.0,0.0,0.0,0.0,0.0,0.0,60
1329_2_Ethylaniline.xyz,169.26655611874736,52.883483095558354,50.49514012263724,29.534875418088173,23.83955158271396,14.512506282783216,8.293828912700002,7.377953822416859,2.228053893935715,0.005199337021410476,-0.046615244987145324,-0.10342446134738355,-0.1388299904165617,-0.14795179633542122,-0.3488533511962876,-0.507634960239309,-0.5472501859025318,-0.7831078188430891,-0.9283917832673231,-1.1615399988317892,0.0,0.0,0.0,0.0,0.0,0.0,0.0,0.0,0.0,0.0,0.0,0.0,0.0,0.0,0.0,0.0,0.0,0.0,0.0,0.0,0.0,0.0,0.0,0.0,0.0,0.0,0.0,0.0,0.0,0.0,0.0,0.0,0.0,0.0,0.0,0.0,48
1330_Oxetane.xyz,130.26390607678735,29.85775008920867,20.61651162411905,8.450090046477229,0.06383624630445166,-0.09572267432906119,-0.15147059937097035,-0.349354225199421,-0.6268093052290858,-0.9377269606802258,0.0,0.0,0.0,0.0,0.0,0.0,0.0,0.0,0.0,0.0,0.0,0.0,0.0,0.0,0.0,0.0,0.0,0.0,0.0,0.0,0.0,0.0,0.0,0.0,0.0,0.0,0.0,0.0,0.0,0.0,0.0,0.0,0.0,0.0,0.0,0.0,0.0,0.0,0.0,0.0,0.0,0.0,0.0,0.0,0.0,0.0,24
1331_Oxolan_2_one.xyz,171.3220431314475,55.54736086814381,38.39179922017922,20.515199063604165,9.568181886528375,4.283522345992658,0.05075157116209187,-0.10068365613518211,-0.14812564151253832,-0.3584141772601702,-0.6843864787504215,-0.9214378960753017,0.0,0.0,0.0,0.0,0.0,0.0,0.0,0.0,0.0,0.0,0.0,0.0,0.0,0.0,0.0,0.0,0.0,0.0,0.0,0.0,0.0,0.0,0.0,0.0,0.0,0.0,0.0,0.0,0.0,0.0,0.0,0.0,0.0,0.0,0.0,0.0,0.0,0.0,0.0,0.0,0.0,0.0,0.0,0.0,34
1332_246_Trimethyl_135_trioxane.xyz,219.95924290234274,61.22371448648335,61.223143361400176,28.512481360640834,28.511384752282105,27.15760308244669,9.321305641107548,9.320664412030782,6.718842329929517,-0.04091566317322396,-0.05878587169697595,-0.05879549052826511,-0.0750487292947243,-0.07505171503274594,-0.08227901513884245,-0.2920555122889397,-0.38326991317833436,-0.3833341663536248,-0.9180887983164185,-0.9180927845531601,-0.9639493131220014,0.0,0.0,0.0,0.0,0.0,0.0,0.0,0.0,0.0,0.0,0.0,0.0,0.0,0.0,0.0,0.0,0.0,0.0,0.0,0.0,0.0,0.0,0.0,0.0,0.0,0.0,0.0,0.0,0.0,0.0,0.0,0.0,0.0,0.0,0.0,54
1333_Pentachloroethane.xyz,830.0067370404981,397.8157770576585,372.3374439934188,348.78714718602197,326.74881724611436,31.482895190180106,11.363955178609846,-0.35463258928949615,0.0,0.0,0.0,0.0,0.0,0.0,0.0,0.0,0.0,0.0,0.0,0.0,0.0,0.0,0.0,0.0,0.0,0.0,0.0,0.0,0.0,0.0,0.0,0.0,0.0,0.0,0.0,0.0,0.0,0.0,0.0,0.0,0.0,0.0,0.0,0.0,0.0,0.0,0.0,0.0,0.0,0.0,0.0,0.0,0.0,0.0,0.0,0.0,44
1334_Pentafluoroethane.xyz,271.37868726414706,92.91237928269709,66.86288916806,59.99004064013118,53.919794371988424,13.093019047637423,4.206534571852858,-0.48163517832211566,0.0,0.0,0.0,0.0,0.0,0.0,0.0,0.0,0.0,0.0,0.0,0.0,0.0,0.0,0.0,0.0,0.0,0.0,0.0,0.0,0.0,0.0,0.0,0.0,0.0,0.0,0.0,0.0,0.0,0.0,0.0,0.0,0.0,0.0,0.0,0.0,0.0,0.0,0.0,0.0,0.0,0.0,0.0,0.0,0.0,0.0,0.0,0.0,44
1335_11122pentafluoro2methoxyethane.xyz,303.4234667154849,99.92292400300427,66.4470234186584,65.25694372829099,53.90875402934858,52.44160598923997,20.54093920666252,9.51541751082639,2.812108175469545,-0.06755579129951399,-0.06988052530824888,-0.8752373729497943,0.0,0.0,0.0,0.0,0.0,0.0,0.0,0.0,0.0,0.0,0.0,0.0,0.0,0.0,0.0,0.0,0.0,0.0,0.0,0.0,0.0,0.0,0.0,0.0,0.0,0.0,0.0,0.0,0.0,0.0,0.0,0.0,0.0,0.0,0.0,0.0,0.0,0.0,0.0,0.0,0.0,0.0,0.0,0.0,56
1336_Pentanenitrile.xyz,125.27785148978028,58.58224017623153,30.577880115690142,16.44151871096471,10.348963999921349,4.066759895164705,0.11598774501348992,-0.06933208214818185,-0.08256721963642824,-0.14111375396134385,-0.16544920818966471,-0.3660971826565134,-0.5910933697916649,-0.8309793843191968,-1.015336535105418,0.0,0.0,0.0,0.0,0.0,0.0,0.0,0.0,0.0,0.0,0.0,0.0,0.0,0.0,0.0,0.0,0.0,0.0,0.0,0.0,0.0,0.0,0.0,0.0,0.0,0.0,0.0,0.0,0.0,0.0,0.0,0.0,0.0,0.0,0.0,0.0,0.0,0.0,0.0,0.0,0.0,34
1337_Pentanoic_acid.xyz,166.24405106760258,66.72122421030224,45.42741510528824,30.76430076911497,16.07311115554307,10.26541959913845,4.470651427552779,0.11175088749130399,-0.06897994140299825,-0.08477070551795081,-0.14222999967996067,-0.1662647191617881,-0.36683572486086413,-0.4854866669505037,-0.6036399911843986,-0.8241518674286101,-1.011649169096534,0.0,0.0,0.0,0.0,0.0,0.0,0.0,0.0,0.0,0.0,0.0,0.0,0.0,0.0,0.0,0.0,0.0,0.0,0.0,0.0,0.0,0.0,0.0,0.0,0.0,0.0,0.0,0.0,0.0,0.0,0.0,0.0,0.0,0.0,0.0,0.0,0.0,0.0,0.0,42
1338_Pentyl_formate.xyz,171.53073433139497,77.51042349004813,50.357299926768775,32.841550355362514,18.77177256503521,11.872474963145212,9.543230738182872,6.079294241555828,0.1491190261308495,-0.043366336266371555,-0.06918135374402633,-0.11576734272547655,-0.1601825942974669,-0.17004979261865735,-0.32795777266345905,-0.5011312263106529,-0.5256137813747088,-0.670480503257634,-0.8747165108803201,-1.0154317873094123,0.0,0.0,0.0,0.0,0.0,0.0,0.0,0.0,0.0,0.0,0.0,0.0,0.0,0.0,0.0,0.0,0.0,0.0,0.0,0.0,0.0,0.0,0.0,0.0,0.0,0.0,0.0,0.0,0.0,0.0,0.0,0.0,0.0,0.0,0.0,0.0,48
1339_4_Ethylphenol.xyz,174.3776841955115,70.6615532460948,40.795280324115254,35.4962656543771,23.96740856987596,13.79934773749646,9.63479782936645,6.597941950682091,2.447268001020334,0.004216354935614,-0.06466304837123538,-0.13817556845846324,-0.2510693360187069,-0.2907104371109044,-0.4988258731076578,-0.5210153060737749,-0.5981900935191603,-0.9097068569568438,-1.127871028641119,0.0,0.0,0.0,0.0,0.0,0.0,0.0,0.0,0.0,0.0,0.0,0.0,0.0,0.0,0.0,0.0,0.0,0.0,0.0,0.0,0.0,0.0,0.0,0.0,0.0,0.0,0.0,0.0,0.0,0.0,0.0,0.0,0.0,0.0,0.0,0.0,0.0,48
1340_Phenazine.xyz,225.9300485342381,85.60304360515316,56.27930173231338,52.244429434225076,33.86908311388152,27.7145340452788,25.997491374555164,14.437442019904854,8.990918058749417,8.769036831665744,7.415153791089691,6.182682231512179,2.892507002638272,0.9875969415810205,-0.11077188711161466,-0.1411549523110135,-0.3277549653859085,-0.38774537605559534,-0.561809617878028,-0.5717963925802844,-1.0049292458789187,-1.1926290868175344,0.0,0.0,0.0,0.0,0.0,0.0,0.0,0.0,0.0,0.0,0.0,0.0,0.0,0.0,0.0,0.0,0.0,0.0,0.0,0.0,0.0,0.0,0.0,0.0,0.0,0.0,0.0,0.0,0.0,0.0,0.0,0.0,0.0,0.0,66
1341_Ethoxybenzene.xyz,178.9748011465794,69.84474207622132,37.71337959939692,34.96626518243328,24.40065516164101,12.162968862430194,9.469366712372064,7.514401873990119,2.5872839904957896,0.0090850228862523,-0.06653477889511439,-0.09728377180413553,-0.13634863844413928,-0.24609555499690394,-0.4357123451657045,-0.5582201797270686,-0.6037095371732236,-0.968845729877856,-1.148662777144307,0.0,0.0,0.0,0.0,0.0,0.0,0.0,0.0,0.0,0.0,0.0,0.0,0.0,0.0,0.0,0.0,0.0,0.0,0.0,0.0,0.0,0.0,0.0,0.0,0.0,0.0,0.0,0.0,0.0,0.0,0.0,0.0,0.0,0.0,0.0,0.0,0.0,48
1342_Phenyl_acetate.xyz,203.4324526724859,81.08864585824182,49.61498026982733,35.35882842381558,30.654106502725305,24.407523191498644,9.64499752103807,8.333174501223858,4.509837939655869,2.5048249778440783,-0.0663195880385102,-0.06721105094076958,-0.10924470188493252,-0.2494059933380796,-0.4877606549855039,-0.6004849315482734,-0.9190737127000915,-1.1516401898922928,0.0,0.0,0.0,0.0,0.0,0.0,0.0,0.0,0.0,0.0,0.0,0.0,0.0,0.0,0.0,0.0,0.0,0.0,0.0,0.0,0.0,0.0,0.0,0.0,0.0,0.0,0.0,0.0,0.0,0.0,0.0,0.0,0.0,0.0,0.0,0.0,0.0,0.0,52
1343_Phenylalanine.xyz,213.28151710255003,97.04170078661079,55.33538476249605,46.48546965043364,36.560275360672,34.85918365065928,21.814093677560795,12.908170278895604,9.632639778086872,7.938715272465741,4.034511819773503,2.800061690224047,-0.058078218861227396,-0.10587227684878892,-0.1175994701771222,-0.260332193997652,-0.32987562861483927,-0.45680319225649335,-0.49895802791581606,-0.5994488736138971,-0.6818910728740015,-0.8213563489994514,-1.1464648919871576,0.0,0.0,0.0,0.0,0.0,0.0,0.0,0.0,0.0,0.0,0.0,0.0,0.0,0.0,0.0,0.0,0.0,0.0,0.0,0.0,0.0,0.0,0.0,0.0,0.0,0.0,0.0,0.0,0.0,0.0,0.0,0.0,0.0,64
1344_Phenylmethanamine.xyz,157.28361096212643,59.52848981490332,35.795975989085605,31.633537327254935,15.505894459146061,9.62149296518032,7.74729199474124,2.8147103015693906,-0.03626216405056952,-0.10111122625627487,-0.138678340930604,-0.2517269185025372,-0.4411829733034631,-0.4984254673878539,-0.5979523100625903,-0.8507634872173663,-1.149457130486355,0.0,0.0,0.0,0.0,0.0,0.0,0.0,0.0,0.0,0.0,0.0,0.0,0.0,0.0,0.0,0.0,0.0,0.0,0.0,0.0,0.0,0.0,0.0,0.0,0.0,0.0,0.0,0.0,0.0,0.0,0.0,0.0,0.0,0.0,0.0,0.0,0.0,0.0,0.0,42
1345_Phenylmethanethiol.xyz,411.56832235199624,124.19476898062649,41.31734774495291,35.529954133484225,19.934827037103638,9.66118430091073,8.101744067982724,2.870792352932822,0.11037566081880798,-0.07480792342582586,-0.1058664272027145,-0.2561283507172117,-0.4522854141757546,-0.596503852179848,-0.636516431105241,-1.1370308093585693,0.0,0.0,0.0,0.0,0.0,0.0,0.0,0.0,0.0,0.0,0.0,0.0,0.0,0.0,0.0,0.0,0.0,0.0,0.0,0.0,0.0,0.0,0.0,0.0,0.0,0.0,0.0,0.0,0.0,0.0,0.0,0.0,0.0,0.0,0.0,0.0,0.0,0.0,0.0,0.0,42
1346_Phenylmethyl_benzoate.xyz,237.75903650267486,105.93534397659326,79.5457170116654,50.805355754286616,36.98536560617845,35.03683057196825,33.57694428057935,31.263710771507945,16.882929578822086,10.724182712682689,9.632265998738486,9.545117126710684,7.783012344213493,4.844800881076047,2.8055013087598235,1.8257250596337598,-0.0634141299979507,-0.08249872648494454,-0.1262908761441959,-0.24503397201648397,-0.26057665124798823,-0.45301415685160257,-0.47913531350565036,-0.5969066229027934,-0.6020319147912052,-0.7013996768332199,-1.1396598536168296,-1.1550153601146758,0.0,0.0,0.0,0.0,0.0,0.0,0.0,0.0,0.0,0.0,0.0,0.0,0.0,0.0,0.0,0.0,0.0,0.0,0.0,0.0,0.0,0.0,0.0,0.0,0.0,0.0,0.0,0.0,80
1347_13_Dihydro_2_benzofuran.xyz,183.16113754822953,70.37773013553611,39.07503917204789,31.84721594093722,21.846666193930794,11.92259196557719,7.900716700744339,7.577374294633956,2.2403181338368836,-0.034526266232438256,-0.09360700530222833,-0.12258107010445053,-0.34227355155571765,-0.5287789673289397,-0.6549504990978353,-0.6874901695953614,-1.103046241039265,0.0,0.0,0.0,0.0,0.0,0.0,0.0,0.0,0.0,0.0,0.0,0.0,0.0,0.0,0.0,0.0,0.0,0.0,0.0,0.0,0.0,0.0,0.0,0.0,0.0,0.0,0.0,0.0,0.0,0.0,0.0,0.0,0.0,0.0,0.0,0.0,0.0,0.0,0.0,46
1348_Benzene_14_diol.xyz,179.4391939853244,77.845851974517,42.05380796724856,35.550276826778024,20.774141677372366,9.654029622929407,6.725920043498355,2.3789418885769,-0.2298059752944645,-0.29715551688981984,-0.4820875054676207,-0.5238172632323566,-0.5988420564199115,-1.1084350327646566,0.0,0.0,0.0,0.0,0.0,0.0,0.0,0.0,0.0,0.0,0.0,0.0,0.0,0.0,0.0,0.0,0.0,0.0,0.0,0.0,0.0,0.0,0.0,0.0,0.0,0.0,0.0,0.0,0.0,0.0,0.0,0.0,0.0,0.0,0.0,0.0,0.0,0.0,0.0,0.0,0.0,0.0,42
1349_Piperidine.xyz,139.0424353278745,40.180432381686096,34.71277329914498,13.328138279664081,12.146118090020485,7.6305654353339305,0.06946435149060441,-0.06870193989157845,-0.08154459077720268,-0.11308101023461029,-0.14047735595577668,-0.18663442251459758,-0.39306359666586665,-0.4637293510638792,-0.7147690442532738,-0.7696205511745098,-1.0290719057254785,0.0,0.0,0.0,0.0,0.0,0.0,0.0,0.0,0.0,0.0,0.0,0.0,0.0,0.0,0.0,0.0,0.0,0.0,0.0,0.0,0.0,0.0,0.0,0.0,0.0,0.0,0.0,0.0,0.0,0.0,0.0,0.0,0.0,0.0,0.0,0.0,0.0,0.0,0.0,36
1350_Benzene_14_diamine.xyz,164.70728409436015,62.906470705191275,35.45583026947389,34.58329594765874,19.230272785661498,9.606350044932384,6.887493427406393,2.494712188686098,-0.08050841227495029,-0.1192278508614552,-0.2715217733610077,-0.2869626056322541,-0.597249790723788,-0.6843293010503977,-0.7990324762325971,-1.1668312570220452,0.0,0.0,0.0,0.0,0.0,0.0,0.0,0.0,0.0,0.0,0.0,0.0,0.0,0.0,0.0,0.0,0.0,0.0,0.0,0.0,0.0,0.0,0.0,0.0,0.0,0.0,0.0,0.0,0.0,0.0,0.0,0.0,0.0,0.0,0.0,0.0,0.0,0.0,0.0,0.0,42
1351_Proline.xyz,190.62681140344841,71.977277861559,46.728048899070814,32.325603476556964,26.650474697877932,10.927802282825338,9.498430204233289,3.919913783501525,0.06220758056897644,-0.10016962501988931,-0.12895535824044638,-0.21466419836643763,-0.3955086956896058,-0.47247230966281034,-0.5242241408461084,-0.7791188234214408,-0.9188342018172911,0.0,0.0,0.0,0.0,0.0,0.0,0.0,0.0,0.0,0.0,0.0,0.0,0.0,0.0,0.0,0.0,0.0,0.0,0.0,0.0,0.0,0.0,0.0,0.0,0.0,0.0,0.0,0.0,0.0,0.0,0.0,0.0,0.0,0.0,0.0,0.0,0.0,0.0,0.0,46
1352_Propanal.xyz,123.21587010165359,41.78725281186386,17.53023695804237,6.643913063865667,-0.0023395808469341382,-0.063220986717241,-0.13999422906271425,-0.2794951312360108,-0.6108138533653336,-0.9903988361092831,0.0,0.0,0.0,0.0,0.0,0.0,0.0,0.0,0.0,0.0,0.0,0.0,0.0,0.0,0.0,0.0,0.0,0.0,0.0,0.0,0.0,0.0,0.0,0.0,0.0,0.0,0.0,0.0,0.0,0.0,0.0,0.0,0.0,0.0,0.0,0.0,0.0,0.0,0.0,0.0,0.0,0.0,0.0,0.0,0.0,0.0,24
1353_Propanamide.xyz,144.23075062372578,41.715882809767756,37.784799877207924,15.198304580092884,4.733479388637547,0.0023214073690108056,-0.0657965995319507,-0.08802400216704832,-0.14287403762250733,-0.521086032044679,-0.8696752503620809,-1.0283650471564618,0.0,0.0,0.0,0.0,0.0,0.0,0.0,0.0,0.0,0.0,0.0,0.0,0.0,0.0,0.0,0.0,0.0,0.0,0.0,0.0,0.0,0.0,0.0,0.0,0.0,0.0,0.0,0.0,0.0,0.0,0.0,0.0,0.0,0.0,0.0,0.0,0.0,0.0,0.0,0.0,0.0,0.0,0.0,0.0,30
1354_Propane_12_diol.xyz,150.37449032096396,56.04232235114432,31.875277712864406,18.485622029351862,7.851134955232551,-0.03145847563778756,-0.044166180040851245,-0.1000882953779863,-0.2335837894745841,-0.417565471371607,-0.5329119416621624,-0.7191362328360551,-0.9422319452578654,0.0,0.0,0.0,0.0,0.0,0.0,0.0,0.0,0.0,0.0,0.0,0.0,0.0,0.0,0.0,0.0,0.0,0.0,0.0,0.0,0.0,0.0,0.0,0.0,0.0,0.0,0.0,0.0,0.0,0.0,0.0,0.0,0.0,0.0,0.0,0.0,0.0,0.0,0.0,0.0,0.0,0.0,0.0,32
1355_Propane_13_diol.xyz,139.3162570936593,71.00145680459643,30.757522212397006,14.003839367893118,9.568285553527714,0.09271577497142555,-0.12473896386980722,-0.1401339303461128,-0.3219884444457336,-0.43902676986872213,-0.5108322937020398,-0.6753270355014066,-0.9203243314128181,0.0,0.0,0.0,0.0,0.0,0.0,0.0,0.0,0.0,0.0,0.0,0.0,0.0,0.0,0.0,0.0,0.0,0.0,0.0,0.0,0.0,0.0,0.0,0.0,0.0,0.0,0.0,0.0,0.0,0.0,0.0,0.0,0.0,0.0,0.0,0.0,0.0,0.0,0.0,0.0,0.0,0.0,0.0,32
1356_Propanedinitrile.xyz,125.98072472278346,58.464126260904145,25.791954252033673,5.867095646118652,3.075396254703571,-0.06675210227885602,-0.8208146363306016,0.0,0.0,0.0,0.0,0.0,0.0,0.0,0.0,0.0,0.0,0.0,0.0,0.0,0.0,0.0,0.0,0.0,0.0,0.0,0.0,0.0,0.0,0.0,0.0,0.0,0.0,0.0,0.0,0.0,0.0,0.0,0.0,0.0,0.0,0.0,0.0,0.0,0.0,0.0,0.0,0.0,0.0,0.0,0.0,0.0,0.0,0.0,0.0,0.0,24
1357_Propanenitrile.xyz,108.10614500214506,40.09348811335203,15.901129533044767,4.0702130200910345,0.00388541287685478,-0.06945308861728201,-0.13751909608473184,-0.5396219284886521,-0.9952439702131091,0.0,0.0,0.0,0.0,0.0,0.0,0.0,0.0,0.0,0.0,0.0,0.0,0.0,0.0,0.0,0.0,0.0,0.0,0.0,0.0,0.0,0.0,0.0,0.0,0.0,0.0,0.0,0.0,0.0,0.0,0.0,0.0,0.0,0.0,0.0,0.0,0.0,0.0,0.0,0.0,0.0,0.0,0.0,0.0,0.0,0.0,0.0,22
1358_Propenal.xyz,122.4763085552041,45.70894798165781,13.461107979102769,6.199222679471389,-0.045723060874502675,-0.23697158328053364,-0.5021183711452402,-0.9697638620477032,0.0,0.0,0.0,0.0,0.0,0.0,0.0,0.0,0.0,0.0,0.0,0.0,0.0,0.0,0.0,0.0,0.0,0.0,0.0,0.0,0.0,0.0,0.0,0.0,0.0,0.0,0.0,0.0,0.0,0.0,0.0,0.0,0.0,0.0,0.0,0.0,0.0,0.0,0.0,0.0,0.0,0.0,0.0,0.0,0.0,0.0,0.0,0.0,22
1359_Propyl_acetate.xyz,173.6604594841515,62.173062101452665,42.2412977703945,29.129717119361327,17.922812430425733,10.348825336502157,4.301928451237688,0.0747092240860644,-0.06557638348035627,-0.06971139209988077,-0.07111052636747978,-0.13240126736777408,-0.1414572743209887,-0.4108570011418892,-0.7163744969636768,-0.9194468436156585,-1.001961295503805,0.0,0.0,0.0,0.0,0.0,0.0,0.0,0.0,0.0,0.0,0.0,0.0,0.0,0.0,0.0,0.0,0.0,0.0,0.0,0.0,0.0,0.0,0.0,0.0,0.0,0.0,0.0,0.0,0.0,0.0,0.0,0.0,0.0,0.0,0.0,0.0,0.0,0.0,0.0,42
1360_Propylamine.xyz,104.3966229011418,39.8909483758822,17.240087393883982,10.062972077641247,0.10727388840081174,-0.06921301672259939,-0.10071864371195965,-0.14211122111597674,-0.1868058449444989,-0.3664593741989152,-0.5976599143568632,-0.7996450958539745,-1.0022685279393362,0.0,0.0,0.0,0.0,0.0,0.0,0.0,0.0,0.0,0.0,0.0,0.0,0.0,0.0,0.0,0.0,0.0,0.0,0.0,0.0,0.0,0.0,0.0,0.0,0.0,0.0,0.0,0.0,0.0,0.0,0.0,0.0,0.0,0.0,0.0,0.0,0.0,0.0,0.0,0.0,0.0,0.0,0.0,26
1361_Propyl_formate.xyz,162.40196084994182,61.0964930509047,42.192171468967295,18.9158385969512,10.698286759311504,6.080246416369548,0.07159115610152428,-0.07083355198429969,-0.1306495200242101,-0.1413647946348732,-0.4090933540709706,-0.5077958953285361,-0.7312671447781144,-0.9997738004023914,0.0,0.0,0.0,0.0,0.0,0.0,0.0,0.0,0.0,0.0,0.0,0.0,0.0,0.0,0.0,0.0,0.0,0.0,0.0,0.0,0.0,0.0,0.0,0.0,0.0,0.0,0.0,0.0,0.0,0.0,0.0,0.0,0.0,0.0,0.0,0.0,0.0,0.0,0.0,0.0,0.0,0.0,36
1362_Pyrazole.xyz,144.16661368315522,33.05811077611431,31.014161476490038,7.213132871346565,5.882108385899084,-0.14107431031871498,-0.3507073911119979,-0.6500874900664703,-0.9005276035740319,0.0,0.0,0.0,0.0,0.0,0.0,0.0,0.0,0.0,0.0,0.0,0.0,0.0,0.0,0.0,0.0,0.0,0.0,0.0,0.0,0.0,0.0,0.0,0.0,0.0,0.0,0.0,0.0,0.0,0.0,0.0,0.0,0.0,0.0,0.0,0.0,0.0,0.0,0.0,0.0,0.0,0.0,0.0,0.0,0.0,0.0,0.0,26
1363_Pyridazine.xyz,153.6508816261898,42.47620811627163,37.74513770684981,11.459617154592657,9.707529429414569,3.117831619715789,-0.10719678429305858,-0.3296352363909318,-0.5318616752773063,-1.0386763597129915,0.0,0.0,0.0,0.0,0.0,0.0,0.0,0.0,0.0,0.0,0.0,0.0,0.0,0.0,0.0,0.0,0.0,0.0,0.0,0.0,0.0,0.0,0.0,0.0,0.0,0.0,0.0,0.0,0.0,0.0,0.0,0.0,0.0,0.0,0.0,0.0,0.0,0.0,0.0,0.0,0.0,0.0,0.0,0.0,0.0,0.0,30
1364_Pyrrolidine_2_one.xyz,158.92655337615827,54.51725670735015,32.91693170356063,20.41427881859753,9.398641709590482,4.357984439586168,0.05091241305777531,-0.09900405330537178,-0.15190665254817348,-0.31799673164665515,-0.46424635114913854,-0.8187969468606772,-0.9227855150488704,0.0,0.0,0.0,0.0,0.0,0.0,0.0,0.0,0.0,0.0,0.0,0.0,0.0,0.0,0.0,0.0,0.0,0.0,0.0,0.0,0.0,0.0,0.0,0.0,0.0,0.0,0.0,0.0,0.0,0.0,0.0,0.0,0.0,0.0,0.0,0.0,0.0,0.0,0.0,0.0,0.0,0.0,0.0,34
1365_Quinoline.xyz,185.56266869192018,65.03225243037258,46.96805778194349,30.511489335489536,28.227819641866873,12.269754469769499,9.218871593239186,7.792331118819578,4.991534014385865,1.6730481553158287,-0.10775111059180144,-0.18358530685967095,-0.3388546045428952,-0.43161955425408294,-0.5654349432959064,-0.8393417519475482,-1.1995857669691568,0.0,0.0,0.0,0.0,0.0,0.0,0.0,0.0,0.0,0.0,0.0,0.0,0.0,0.0,0.0,0.0,0.0,0.0,0.0,0.0,0.0,0.0,0.0,0.0,0.0,0.0,0.0,0.0,0.0,0.0,0.0,0.0,0.0,0.0,0.0,0.0,0.0,0.0,0.0,48
1366_Salicylaldehyde.xyz,192.85506484088603,70.89613538822289,58.61706380795186,34.01702270128669,26.014997956282215,12.01673285156343,8.225343560489337,6.500383156041868,2.0568885830522565,-0.1234277859893333,-0.3281254587616161,-0.4424144653918081,-0.5639781618866773,-0.5786705355319566,-1.1228906026133676,0.0,0.0,0.0,0.0,0.0,0.0,0.0,0.0,0.0,0.0,0.0,0.0,0.0,0.0,0.0,0.0,0.0,0.0,0.0,0.0,0.0,0.0,0.0,0.0,0.0,0.0,0.0,0.0,0.0,0.0,0.0,0.0,0.0,0.0,0.0,0.0,0.0,0.0,0.0,0.0,0.0,46
1367_Butan_2_yl_acetate.xyz,184.45339845558016,64.97039014408494,42.40051815370199,31.192962803056854,26.689703386073724,15.919972148442179,8.440282177039768,4.277927181744352,0.02840495271329724,-0.022064057465046347,-0.06500876646122938,-0.06839173537696319,-0.08506679127872904,-0.11644221789981252,-0.15963230257829863,-0.30720968533965554,-0.5684071957220314,-0.8631353590491676,-0.9186154290228468,-1.0175652260673342,0.0,0.0,0.0,0.0,0.0,0.0,0.0,0.0,0.0,0.0,0.0,0.0,0.0,0.0,0.0,0.0,0.0,0.0,0.0,0.0,0.0,0.0,0.0,0.0,0.0,0.0,0.0,0.0,0.0,0.0,0.0,0.0,0.0,0.0,0.0,0.0,48
1368_Butan_2_amine.xyz,120.06880783439533,37.80803069520002,28.472959648151964,15.533133445245662,8.257186376969576,0.058364642198616666,-0.029432221261382098,-0.0595036685155328,-0.07711665118593183,-0.15764770056859825,-0.18261099144980228,-0.24560720601568697,-0.5385342667546251,-0.7243049486503934,-0.8742941349153968,-1.0183026553120076,0.0,0.0,0.0,0.0,0.0,0.0,0.0,0.0,0.0,0.0,0.0,0.0,0.0,0.0,0.0,0.0,0.0,0.0,0.0,0.0,0.0,0.0,0.0,0.0,0.0,0.0,0.0,0.0,0.0,0.0,0.0,0.0,0.0,0.0,0.0,0.0,0.0,0.0,0.0,0.0,32
1369_Hexan_2_yl_acetate.xyz,193.2692085303703,79.34261448795299,52.190849926598375,36.36702180916104,28.14038391672455,26.63155352844798,16.346966934259488,10.668465891984756,8.237776711810605,4.274594384159855,0.12309980421735768,-0.037405018399382005,-0.061976045999121425,-0.06536535458227002,-0.06905335920472419,-0.0806950743643965,-0.10842471837764493,-0.14943152072854116,-0.17273044870028958,-0.285168709790541,-0.4287284817211735,-0.5926970420942009,-0.7703041078927039,-0.9094571405098126,-0.9395731359527806,-1.0232947323415327,0.0,0.0,0.0,0.0,0.0,0.0,0.0,0.0,0.0,0.0,0.0,0.0,0.0,0.0,0.0,0.0,0.0,0.0,0.0,0.0,0.0,0.0,0.0,0.0,0.0,0.0,0.0,0.0,0.0,0.0,60
1370_Succinic_anhydride.xyz,194.0801725959668,74.2157527762304,40.168101363378675,38.5134926101006,15.787790333470166,4.900945222416985,3.844681387246712,0.01012236109014872,-0.14817378590915334,-0.496574472924838,-0.893805433931999,0.0,0.0,0.0,0.0,0.0,0.0,0.0,0.0,0.0,0.0,0.0,0.0,0.0,0.0,0.0,0.0,0.0,0.0,0.0,0.0,0.0,0.0,0.0,0.0,0.0,0.0,0.0,0.0,0.0,0.0,0.0,0.0,0.0,0.0,0.0,0.0,0.0,0.0,0.0,0.0,0.0,0.0,0.0,0.0,0.0,38
1371_Succinimide.xyz,181.82697411817406,74.46567863153611,39.549519521320185,31.59817695924724,16.024212862901546,5.257388548118723,3.781690025389722,0.01015070393689536,-0.14881288842471235,-0.4432262109119319,-0.7188199108556892,-0.878414723279768,0.0,0.0,0.0,0.0,0.0,0.0,0.0,0.0,0.0,0.0,0.0,0.0,0.0,0.0,0.0,0.0,0.0,0.0,0.0,0.0,0.0,0.0,0.0,0.0,0.0,0.0,0.0,0.0,0.0,0.0,0.0,0.0,0.0,0.0,0.0,0.0,0.0,0.0,0.0,0.0,0.0,0.0,0.0,0.0,38
1372_Sulfolane.xyz,462.4777418927831,75.59569856420869,48.12498679228366,47.914030872036655,29.976512804660583,15.705223996274476,9.449450718631319,0.055851320551322685,-0.07088845479261492,-0.12373342254579238,-0.13600527113718494,-0.3136711302184003,-0.5218593397905126,-0.7119868714942615,-0.9321012074648533,0.0,0.0,0.0,0.0,0.0,0.0,0.0,0.0,0.0,0.0,0.0,0.0,0.0,0.0,0.0,0.0,0.0,0.0,0.0,0.0,0.0,0.0,0.0,0.0,0.0,0.0,0.0,0.0,0.0,0.0,0.0,0.0,0.0,0.0,0.0,0.0,0.0,0.0,0.0,0.0,0.0,42
1373_tert_butyl_formate.xyz,178.3867723702657,60.49740508351523,38.992459281979826,24.264655039121244,23.547691575030328,8.731004114396999,5.496428500083302,0.03102861504150907,-0.025919113576015788,-0.043794298792836445,-0.12651991490298842,-0.13326444390684053,-0.15575821928061853,-0.5085272456001317,-0.8192804873918751,-0.8201879295436776,-0.990277489688902,0.0,0.0,0.0,0.0,0.0,0.0,0.0,0.0,0.0,0.0,0.0,0.0,0.0,0.0,0.0,0.0,0.0,0.0,0.0,0.0,0.0,0.0,0.0,0.0,0.0,0.0,0.0,0.0,0.0,0.0,0.0,0.0,0.0,0.0,0.0,0.0,0.0,0.0,0.0,42
1374_Tetraethoxysilane.xyz,410.1046790807485,97.09383479055157,71.94670844821947,71.94669854091272,69.69337469580127,30.76058226136133,30.238357959932962,30.238356420825408,29.747911984353667,11.589897340131463,11.589814282541862,11.589812316115482,10.77031583326565,0.03214748097001923,0.017896942298577703,-0.01220402728265633,-0.01220424472077621,-0.06394963251140463,-0.06915223937258119,-0.06915226132781326,-0.07359215582513291,-0.13246599642723708,-0.13965194812989826,-0.14309209520411803,-0.14309219643671195,-0.4482397534598896,-0.5390105165966236,-0.5413986947208258,-0.5413987271188967,-0.9677265284542933,-0.9677265320081201,-0.9677389312786344,-0.9680253317485599,0.0,0.0,0.0,0.0,0.0,0.0,0.0,0.0,0.0,0.0,0.0,0.0,0.0,0.0,0.0,0.0,0.0,0.0,0.0,0.0,0.0,0.0,0.0,80
1375_Thiethane.xyz,409.6093634078395,60.46144314843585,22.390738752720257,11.151655331304127,0.05790467786565368,-0.09486255644500492,-0.15018912464083067,-0.34044854391053664,-0.6166973169022578,-0.8711511513271736,0.0,0.0,0.0,0.0,0.0,0.0,0.0,0.0,0.0,0.0,0.0,0.0,0.0,0.0,0.0,0.0,0.0,0.0,0.0,0.0,0.0,0.0,0.0,0.0,0.0,0.0,0.0,0.0,0.0,0.0,0.0,0.0,0.0,0.0,0.0,0.0,0.0,0.0,0.0,0.0,0.0,0.0,0.0,0.0,0.0,0.0,24
1376_22Hydroxyethylsulfanylethan1ol.xyz,422.56544938178763,104.55477102717471,85.40561664478953,29.745900724970326,26.225316044280074,11.958221714608115,10.683471226486008,0.06629495739875778,-0.03326719306679034,-0.12003594403211477,-0.16435381323936332,-0.3197313268177925,-0.3625296109443484,-0.49709857363779364,-0.5488092719693526,-0.8299137982959265,-0.8400509255055566,0.0,0.0,0.0,0.0,0.0,0.0,0.0,0.0,0.0,0.0,0.0,0.0,0.0,0.0,0.0,0.0,0.0,0.0,0.0,0.0,0.0,0.0,0.0,0.0,0.0,0.0,0.0,0.0,0.0,0.0,0.0,0.0,0.0,0.0,0.0,0.0,0.0,0.0,0.0,44
1377_Thiourea.xyz,410.60670682852805,83.54418899275782,33.22941665937594,8.098966347641937,-0.04640974382233757,-0.13950462597677124,-0.7483627971622381,-0.9460406355984115,0.0,0.0,0.0,0.0,0.0,0.0,0.0,0.0,0.0,0.0,0.0,0.0,0.0,0.0,0.0,0.0,0.0,0.0,0.0,0.0,0.0,0.0,0.0,0.0,0.0,0.0,0.0,0.0,0.0,0.0,0.0,0.0,0.0,0.0,0.0,0.0,0.0,0.0,0.0,0.0,0.0,0.0,0.0,0.0,0.0,0.0,0.0,0.0,24
1378_1E_12_dichloroethene.xyz,536.0231322190028,382.9788584533861,44.81588972729715,9.351372788807382,-0.26689021890032577,-0.5973806089968693,0.0,0.0,0.0,0.0,0.0,0.0,0.0,0.0,0.0,0.0,0.0,0.0,0.0,0.0,0.0,0.0,0.0,0.0,0.0,0.0,0.0,0.0,0.0,0.0,0.0,0.0,0.0,0.0,0.0,0.0,0.0,0.0,0.0,0.0,0.0,0.0,0.0,0.0,0.0,0.0,0.0,0.0,0.0,0.0,0.0,0.0,0.0,0.0,0.0,0.0,24
1379_2E_but_2_en_14_diol.xyz,147.24584725019218,76.73338991679748,40.180874774320635,19.24826931118894,12.00782868141351,6.357419658692152,-0.06452181461628058,-0.06640172483586229,-0.21091682916443932,-0.36150103605646083,-0.3781751981824004,-0.5362579062216715,-0.7380254552011475,-0.9520193910024434,0.0,0.0,0.0,0.0,0.0,0.0,0.0,0.0,0.0,0.0,0.0,0.0,0.0,0.0,0.0,0.0,0.0,0.0,0.0,0.0,0.0,0.0,0.0,0.0,0.0,0.0,0.0,0.0,0.0,0.0,0.0,0.0,0.0,0.0,0.0,0.0,0.0,0.0,0.0,0.0,0.0,0.0,36
1380_1R3R3methylcyclohexan1ol.xyz,167.20988275110352,58.09934119124464,40.993391631162645,27.999028988240823,21.224541771004414,11.72746002465489,9.99478111735186,6.318791940451531,0.07024224268114268,-0.04082481623764704,-0.05893862091391632,-0.09441423341356592,-0.12902153151293114,-0.14394238370861512,-0.1630135600043991,-0.29075253185764294,-0.42841052929755674,-0.5069322558719084,-0.6528080630682062,-0.7268338278421936,-0.8601141660268863,-1.0180240223482466,0.0,0.0,0.0,0.0,0.0,0.0,0.0,0.0,0.0,0.0,0.0,0.0,0.0,0.0,0.0,0.0,0.0,0.0,0.0,0.0,0.0,0.0,0.0,0.0,0.0,0.0,0.0,0.0,0.0,0.0,0.0,0.0,0.0,0.0,48
1381_2Ebut2enoic_acid.xyz,161.92205719240604,56.85400351403876,45.080888118069254,23.130534691493917,9.344744037910612,3.684218550597545,-0.06665007506628796,-0.06951951597562392,-0.26607658494817304,-0.504281666188666,-0.6368255004977721,-1.0072825245153898,0.0,0.0,0.0,0.0,0.0,0.0,0.0,0.0,0.0,0.0,0.0,0.0,0.0,0.0,0.0,0.0,0.0,0.0,0.0,0.0,0.0,0.0,0.0,0.0,0.0,0.0,0.0,0.0,0.0,0.0,0.0,0.0,0.0,0.0,0.0,0.0,0.0,0.0,0.0,0.0,0.0,0.0,0.0,0.0,34
1382_Tribromomethane.xyz,3311.3327245955084,2158.9006948843657,2158.889702477591,26.803988261210225,-0.33049203393745014,0.0,0.0,0.0,0.0,0.0,0.0,0.0,0.0,0.0,0.0,0.0,0.0,0.0,0.0,0.0,0.0,0.0,0.0,0.0,0.0,0.0,0.0,0.0,0.0,0.0,0.0,0.0,0.0,0.0,0.0,0.0,0.0,0.0,0.0,0.0,0.0,0.0,0.0,0.0,0.0,0.0,0.0,0.0,0.0,0.0,0.0,0.0,0.0,0.0,0.0,0.0,26
1383_Tributylamine.xyz,184.53831599375582,67.2125978786154,67.19501170049635,52.456015471044836,29.020249796744803,29.0188278333385,21.4999387101361,14.510552212968383,14.50835344439127,11.217745975362611,9.700925804833998,9.698777445815132,7.921768293821678,0.14167206436625243,0.14160027085289956,0.06033967787989641,-0.06798080372540871,-0.06945220966143775,-0.06947141194671637,-0.07884581108287553,-0.0789508562555058,-0.08094958654167797,-0.13965435249654837,-0.14462040608606705,-0.1446810598775073,-0.16540654234508326,-0.18900216015600485,-0.18912455991053034,-0.29586241054389206,-0.4177730103333338,-0.4179182520957515,-0.5712728529762152,-0.5712906538217594,-0.5853055297549148,-0.7615488690037888,-0.7615992838062646,-0.8630039043156889,-0.9952381260320469,-0.9952672960911788,-1.0325028326241374,0.0,0.0,0.0,0.0,0.0,0.0,0.0,0.0,0.0,0.0,0.0,0.0,0.0,0.0,0.0,0.0,80
1384_Trichloroacetaldehyde.xyz,678.7174279312609,350.35506545654505,350.3298419635666,86.15224684556358,21.86523561226684,7.167499230866305,-0.4712539787909239,0.0,0.0,0.0,0.0,0.0,0.0,0.0,0.0,0.0,0.0,0.0,0.0,0.0,0.0,0.0,0.0,0.0,0.0,0.0,0.0,0.0,0.0,0.0,0.0,0.0,0.0,0.0,0.0,0.0,0.0,0.0,0.0,0.0,0.0,0.0,0.0,0.0,0.0,0.0,0.0,0.0,0.0,0.0,0.0,0.0,0.0,0.0,0.0,0.0,36
1385_Trichloroethylsilane.xyz,726.3166602320498,362.3361847373025,362.14550379805456,191.8228337046584,49.12234884138692,14.096190771273148,-0.003319665425539212,-0.06641308627358679,-0.1372996136160882,-0.4811445064928994,-0.9232307806914395,0.0,0.0,0.0,0.0,0.0,0.0,0.0,0.0,0.0,0.0,0.0,0.0,0.0,0.0,0.0,0.0,0.0,0.0,0.0,0.0,0.0,0.0,0.0,0.0,0.0,0.0,0.0,0.0,0.0,0.0,0.0,0.0,0.0,0.0,0.0,0.0,0.0,0.0,0.0,0.0,0.0,0.0,0.0,0.0,0.0,38
1386_Trichloromethylbenzene.xyz,688.4548065931656,349.96592962165624,349.301939543666,110.93950617975034,37.76593257806638,35.35270818670108,17.55606358548212,9.608841276320858,7.752691229443211,2.7402160150897203,-0.10295192771266906,-0.24840369625294864,-0.4728416069440263,-0.6017409452327726,-1.122802294601092,0.0,0.0,0.0,0.0,0.0,0.0,0.0,0.0,0.0,0.0,0.0,0.0,0.0,0.0,0.0,0.0,0.0,0.0,0.0,0.0,0.0,0.0,0.0,0.0,0.0,0.0,0.0,0.0,0.0,0.0,0.0,0.0,0.0,0.0,0.0,0.0,0.0,0.0,0.0,0.0,0.0,54
1387_Trichloromethylsilane.xyz,722.0094186799062,362.18095687392434,362.17911409938677,191.10497098743195,29.812865324941665,-0.06457630229159725,-0.06458070877178872,-0.7879597217274972,0.0,0.0,0.0,0.0,0.0,0.0,0.0,0.0,0.0,0.0,0.0,0.0,0.0,0.0,0.0,0.0,0.0,0.0,0.0,0.0,0.0,0.0,0.0,0.0,0.0,0.0,0.0,0.0,0.0,0.0,0.0,0.0,0.0,0.0,0.0,0.0,0.0,0.0,0.0,0.0,0.0,0.0,0.0,0.0,0.0,0.0,0.0,0.0,32
1388_Triethanolamine.xyz,195.86469662253842,81.29668104329986,81.28166980037304,54.71911092329504,24.847493578575698,24.846339409183887,16.07583646980833,10.733133410118171,10.731828189423544,7.9305302111096925,0.04952377313430607,0.04934159776326022,-0.08682862104782518,-0.1211259183205564,-0.16332358104817943,-0.1634717796367577,-0.2916627788332656,-0.3783908087217849,-0.37845514693355586,-0.5443652110936804,-0.5444068959382508,-0.5526225718378869,-0.8379124774058097,-0.8379297657187478,-0.968266716272576,0.0,0.0,0.0,0.0,0.0,0.0,0.0,0.0,0.0,0.0,0.0,0.0,0.0,0.0,0.0,0.0,0.0,0.0,0.0,0.0,0.0,0.0,0.0,0.0,0.0,0.0,0.0,0.0,0.0,0.0,0.0,62
1389_Triethylamine.xyz,146.3057560678829,40.42299167982875,40.41676281277432,26.098760237533927,12.906896995429772,12.904402358647328,8.051276739195147,0.04270354244903184,0.042523615868920096,-0.012282519310284993,-0.07540931916030187,-0.07542714703978358,-0.08725185816219452,-0.12004989458492407,-0.17956538318153695,-0.17961084561544138,-0.4967814298596849,-0.5309082569420875,-0.5309721982029878,-0.9316857213316245,-0.9317184693000364,-1.0330724105353792,0.0,0.0,0.0,0.0,0.0,0.0,0.0,0.0,0.0,0.0,0.0,0.0,0.0,0.0,0.0,0.0,0.0,0.0,0.0,0.0,0.0,0.0,0.0,0.0,0.0,0.0,0.0,0.0,0.0,0.0,0.0,0.0,0.0,0.0,44
1390_Trifluoroacetamide.xyz,247.21121849566163,77.08454946408706,61.554834390805226,60.05182321322373,36.26366594238346,10.215410551708814,2.8510450745551355,-0.09500570231198466,-0.9466296500188838,0.0,0.0,0.0,0.0,0.0,0.0,0.0,0.0,0.0,0.0,0.0,0.0,0.0,0.0,0.0,0.0,0.0,0.0,0.0,0.0,0.0,0.0,0.0,0.0,0.0,0.0,0.0,0.0,0.0,0.0,0.0,0.0,0.0,0.0,0.0,0.0,0.0,0.0,0.0,0.0,0.0,0.0,0.0,0.0,0.0,0.0,0.0,42
1391_Trifluoroacetic_acid.xyz,253.95724131108224,81.77255037283302,62.380883918630516,60.141959730398554,43.36655374287945,10.133709873349854,2.629471056812577,-0.5334709059097087,0.0,0.0,0.0,0.0,0.0,0.0,0.0,0.0,0.0,0.0,0.0,0.0,0.0,0.0,0.0,0.0,0.0,0.0,0.0,0.0,0.0,0.0,0.0,0.0,0.0,0.0,0.0,0.0,0.0,0.0,0.0,0.0,0.0,0.0,0.0,0.0,0.0,0.0,0.0,0.0,0.0,0.0,0.0,0.0,0.0,0.0,0.0,0.0,42
1392_Trifluoromethylbenzene.xyz,250.04413846731632,88.71074562502935,61.008756442361246,59.95142132153089,34.87161186533791,32.64625958219375,11.225965086675263,9.585164513721095,5.468935319409196,2.1586721021492274,-0.10215916620047183,-0.24946179467579874,-0.4753915052497728,-0.6000869885041453,-1.1385352135082851,0.0,0.0,0.0,0.0,0.0,0.0,0.0,0.0,0.0,0.0,0.0,0.0,0.0,0.0,0.0,0.0,0.0,0.0,0.0,0.0,0.0,0.0,0.0,0.0,0.0,0.0,0.0,0.0,0.0,0.0,0.0,0.0,0.0,0.0,0.0,0.0,0.0,0.0,0.0,0.0,0.0,54
1393_Trimethylaluminium.xyz,260.6146544926759,36.91107161000888,27.993925745370607,27.993127248103928,-0.034345601362799266,-0.046141827382684256,-0.04615125198227668,-0.08955566914974364,-0.08956551218195846,-0.11135071746075806,-0.7454325102659124,-0.7677460832260873,-0.7677559922415228,0.0,0.0,0.0,0.0,0.0,0.0,0.0,0.0,0.0,0.0,0.0,0.0,0.0,0.0,0.0,0.0,0.0,0.0,0.0,0.0,0.0,0.0,0.0,0.0,0.0,0.0,0.0,0.0,0.0,0.0,0.0,0.0,0.0,0.0,0.0,0.0,0.0,0.0,0.0,0.0,0.0,0.0,0.0,24
1394_Trimethylsilane.xyz,307.5944814894692,38.40260045093373,26.895039211625505,26.89452845700358,0.19380098766588466,-0.03832125365602744,-0.04197558492643188,-0.041988586632579726,-0.10344204459275651,-0.10345426777117843,-0.12323661224268832,-0.7532132713766678,-0.7857684077758478,-0.7857888786886389,0.0,0.0,0.0,0.0,0.0,0.0,0.0,0.0,0.0,0.0,0.0,0.0,0.0,0.0,0.0,0.0,0.0,0.0,0.0,0.0,0.0,0.0,0.0,0.0,0.0,0.0,0.0,0.0,0.0,0.0,0.0,0.0,0.0,0.0,0.0,0.0,0.0,0.0,0.0,0.0,0.0,0.0,26
1395_Undecanenitrile.xyz,158.86673363902634,91.21233756841164,62.90041428627312,44.46520601226518,32.025608542228674,23.349314463211165,17.301882827901903,13.175820887230868,10.656076325684287,9.420908835443376,9.226899777318872,4.062486849643463,0.22688639490806184,0.10413306017957304,-0.00788668787352022,-0.0689790738098415,-0.08986570394634046,-0.1069522006016119,-0.12692593240663505,-0.15498657546466044,-0.160784030181598,-0.18777563362308403,-0.18838599427293187,-0.2504808498839799,-0.37997021471814624,-0.46796054353428956,-0.5412078827335787,-0.6062769398235415,-0.6818142492938387,-0.7796034832438629,-0.890460991538398,-0.9809564593943622,-1.0255714298690197,0.0,0.0,0.0,0.0,0.0,0.0,0.0,0.0,0.0,0.0,0.0,0.0,0.0,0.0,0.0,0.0,0.0,0.0,0.0,0.0,0.0,0.0,0.0,70
1396_Uracil.xyz,199.2161504099327,77.77275566239638,52.83083929530193,32.63268121019465,26.258375511807422,8.928606263881827,5.701301989590764,2.2633474167627456,-0.18894191186852577,-0.501103813566972,-0.5848557410462787,-1.145931256406218,0.0,0.0,0.0,0.0,0.0,0.0,0.0,0.0,0.0,0.0,0.0,0.0,0.0,0.0,0.0,0.0,0.0,0.0,0.0,0.0,0.0,0.0,0.0,0.0,0.0,0.0,0.0,0.0,0.0,0.0,0.0,0.0,0.0,0.0,0.0,0.0,0.0,0.0,0.0,0.0,0.0,0.0,0.0,0.0,42
1397_Urea.xyz,142.66027370239286,40.10786177522061,33.475642604924175,4.785406807014507,-0.061593306540064556,-0.1415195065989981,-0.7256239811794439,-1.0082333763413989,0.0,0.0,0.0,0.0,0.0,0.0,0.0,0.0,0.0,0.0,0.0,0.0,0.0,0.0,0.0,0.0,0.0,0.0,0.0,0.0,0.0,0.0,0.0,0.0,0.0,0.0,0.0,0.0,0.0,0.0,0.0,0.0,0.0,0.0,0.0,0.0,0.0,0.0,0.0,0.0,0.0,0.0,0.0,0.0,0.0,0.0,0.0,0.0,24
1398_Valine.xyz,187.16878071580737,66.04608169587283,49.84030743371475,37.32160901094907,23.47518966111177,17.576414836007633,8.886399801188198,4.009008147213808,0.02592335317355527,-0.03792840930847475,-0.10712738429050356,-0.12685137357062906,-0.14672037534287874,-0.2630149996792548,-0.39408357245730746,-0.5187186693648816,-0.7605660950972568,-0.8183856376108413,-0.9936953017386205,0.0,0.0,0.0,0.0,0.0,0.0,0.0,0.0,0.0,0.0,0.0,0.0,0.0,0.0,0.0,0.0,0.0,0.0,0.0,0.0,0.0,0.0,0.0,0.0,0.0,0.0,0.0,0.0,0.0,0.0,0.0,0.0,0.0,0.0,0.0,0.0,0.0,48
1399_Ethenyl_acetate.xyz,168.29417661547785,57.13947651081695,34.52256463203692,27.16397926957755,8.57900480464203,4.144288000296807,-0.04116305534567082,-0.06616668066427948,-0.06771503062490106,-0.32655694722039785,-0.9032914568076741,-0.9727864248609965,0.0,0.0,0.0,0.0,0.0,0.0,0.0,0.0,0.0,0.0,0.0,0.0,0.0,0.0,0.0,0.0,0.0,0.0,0.0,0.0,0.0,0.0,0.0,0.0,0.0,0.0,0.0,0.0,0.0,0.0,0.0,0.0,0.0,0.0,0.0,0.0,0.0,0.0,0.0,0.0,0.0,0.0,0.0,0.0,34
1400_Ethenyl_formate.xyz,156.80694806148574,56.37247565511259,33.07305136559531,9.699970427732774,5.498093479121623,-0.04001541711190016,-0.3246662885661679,-0.5176920742234827,-0.9604601712481934,0.0,0.0,0.0,0.0,0.0,0.0,0.0,0.0,0.0,0.0,0.0,0.0,0.0,0.0,0.0,0.0,0.0,0.0,0.0,0.0,0.0,0.0,0.0,0.0,0.0,0.0,0.0,0.0,0.0,0.0,0.0,0.0,0.0,0.0,0.0,0.0,0.0,0.0,0.0,0.0,0.0,0.0,0.0,0.0,0.0,0.0,0.0,28
1401_Ethenyl_pivalate.xyz,196.25856089404977,63.41313374006418,52.340185737435824,33.10468107737808,24.169201999890028,23.32819836947425,11.610387566556783,8.01607492282212,3.1818406180524264,0.034373599757108214,-0.02776991722989293,-0.03024480484849075,-0.0537274596419749,-0.1310535591345922,-0.13281882448670443,-0.15503483256789483,-0.33111742529378496,-0.814781064686821,-0.816220829326652,-0.9452889081416238,-0.9784550645200294,0.0,0.0,0.0,0.0,0.0,0.0,0.0,0.0,0.0,0.0,0.0,0.0,0.0,0.0,0.0,0.0,0.0,0.0,0.0,0.0,0.0,0.0,0.0,0.0,0.0,0.0,0.0,0.0,0.0,0.0,0.0,0.0,0.0,0.0,0.0,52
1402_2Z_13_dichlorobut_2_ene.xyz,541.6739316471467,386.0091954700711,69.62630356785705,31.327964590713233,15.794073441649223,5.804283077180118,-0.05476840283565621,-0.06668801635700784,-0.07537340958357952,-0.3771456209519539,-0.7253858078105927,-0.915197777630562,0.0,0.0,0.0,0.0,0.0,0.0,0.0,0.0,0.0,0.0,0.0,0.0,0.0,0.0,0.0,0.0,0.0,0.0,0.0,0.0,0.0,0.0,0.0,0.0,0.0,0.0,0.0,0.0,0.0,0.0,0.0,0.0,0.0,0.0,0.0,0.0,0.0,0.0,0.0,0.0,0.0,0.0,0.0,0.0,36
1403_1Z_13_dichloroprop_1_ene.xyz,536.0384360816333,386.98772107344433,60.094699686028356,21.43455901578799,7.181097939263856,-0.05079263653797244,-0.19908701258432104,-0.49894795488565463,-0.8245986321276695,0.0,0.0,0.0,0.0,0.0,0.0,0.0,0.0,0.0,0.0,0.0,0.0,0.0,0.0,0.0,0.0,0.0,0.0,0.0,0.0,0.0,0.0,0.0,0.0,0.0,0.0,0.0,0.0,0.0,0.0,0.0,0.0,0.0,0.0,0.0,0.0,0.0,0.0,0.0,0.0,0.0,0.0,0.0,0.0,0.0,0.0,0.0,30
1404_1Z_1_chloroprop_1_ene.xyz,464.1768692550936,68.94486199001356,23.263125417515703,7.324236905294111,-0.04706121148737931,-0.06833243919485002,-0.19634869302906408,-0.5556480803695015,-0.9730015646861407,0.0,0.0,0.0,0.0,0.0,0.0,0.0,0.0,0.0,0.0,0.0,0.0,0.0,0.0,0.0,0.0,0.0,0.0,0.0,0.0,0.0,0.0,0.0,0.0,0.0,0.0,0.0,0.0,0.0,0.0,0.0,0.0,0.0,0.0,0.0,0.0,0.0,0.0,0.0,0.0,0.0,0.0,0.0,0.0,0.0,0.0,0.0,24
1405_1Z_1_fluoroprop_1_ene.xyz,139.81337454456155,46.47639359619969,20.288343202955428,5.956811507788946,-0.054947554726269686,-0.06801796436334799,-0.20023771616549724,-0.607352802895794,-0.996951461208859,0.0,0.0,0.0,0.0,0.0,0.0,0.0,0.0,0.0,0.0,0.0,0.0,0.0,0.0,0.0,0.0,0.0,0.0,0.0,0.0,0.0,0.0,0.0,0.0,0.0,0.0,0.0,0.0,0.0,0.0,0.0,0.0,0.0,0.0,0.0,0.0,0.0,0.0,0.0,0.0,0.0,0.0,0.0,0.0,0.0,0.0,0.0,24
1406_2Z_but_2_enedinitrile.xyz,136.98613317038294,61.810591620926964,36.74820654930613,13.875046393077653,4.784017920603443,2.124642291439214,-0.2525163399151763,-0.926286008461249,0.0,0.0,0.0,0.0,0.0,0.0,0.0,0.0,0.0,0.0,0.0,0.0,0.0,0.0,0.0,0.0,0.0,0.0,0.0,0.0,0.0,0.0,0.0,0.0,0.0,0.0,0.0,0.0,0.0,0.0,0.0,0.0,0.0,0.0,0.0,0.0,0.0,0.0,0.0,0.0,0.0,0.0,0.0,0.0,0.0,0.0,0.0,0.0,28
1407_Prop_2_en_1_ol.xyz,119.17110302952861,45.72128320145875,16.97011086629969,7.6505454641428825,0.005929445601910236,-0.10534351338040494,-0.25222031557674895,-0.4303357109053725,-0.6554482566557199,-0.9846138924255349,0.0,0.0,0.0,0.0,0.0,0.0,0.0,0.0,0.0,0.0,0.0,0.0,0.0,0.0,0.0,0.0,0.0,0.0,0.0,0.0,0.0,0.0,0.0,0.0,0.0,0.0,0.0,0.0,0.0,0.0,0.0,0.0,0.0,0.0,0.0,0.0,0.0,0.0,0.0,0.0,0.0,0.0,0.0,0.0,0.0,0.0,24
1408_Butanal.xyz,131.08697191830913,52.884037289588285,24.45305728727539,12.806498501573184,6.5102510261319635,0.06444252456143532,-0.06886502725052895,-0.13333331743977853,-0.14398269937432484,-0.276654090985895,-0.47388594565272846,-0.7540950790069378,-1.0053268702151579,0.0,0.0,0.0,0.0,0.0,0.0,0.0,0.0,0.0,0.0,0.0,0.0,0.0,0.0,0.0,0.0,0.0,0.0,0.0,0.0,0.0,0.0,0.0,0.0,0.0,0.0,0.0,0.0,0.0,0.0,0.0,0.0,0.0,0.0,0.0,0.0,0.0,0.0,0.0,0.0,0.0,0.0,0.0,30
1409_34_Dihyrdro_2H_pyran.xyz,153.41465700367394,45.90278353842599,35.12604811632235,14.203397284557782,11.163508309077587,5.048585587781298,0.019267868059247618,-0.0919539666534899,-0.11628743885840231,-0.168566044576397,-0.37125172326634626,-0.5791659193628961,-0.721530386185585,-1.0222715120551864,0.0,0.0,0.0,0.0,0.0,0.0,0.0,0.0,0.0,0.0,0.0,0.0,0.0,0.0,0.0,0.0,0.0,0.0,0.0,0.0,0.0,0.0,0.0,0.0,0.0,0.0,0.0,0.0,0.0,0.0,0.0,0.0,0.0,0.0,0.0,0.0,0.0,0.0,0.0,0.0,0.0,0.0,34
1410_3_Methyl_2_butanone.xyz,146.8735622999688,48.087071215785585,29.802514474890852,23.779918424439124,12.94030653242148,4.732249236128917,0.011923163737234023,-0.010100889333495405,-0.05410185371818099,-0.07548700337559305,-0.1309316094793487,-0.14459436750729926,-0.3306684869962637,-0.8121159790963804,-0.8610996832355163,-1.0012247576899167,0.0,0.0,0.0,0.0,0.0,0.0,0.0,0.0,0.0,0.0,0.0,0.0,0.0,0.0,0.0,0.0,0.0,0.0,0.0,0.0,0.0,0.0,0.0,0.0,0.0,0.0,0.0,0.0,0.0,0.0,0.0,0.0,0.0,0.0,0.0,0.0,0.0,0.0,0.0,0.0,36
1411_Pentanal.xyz,137.90137909609464,62.05239245459515,31.54173537864623,17.48867757518103,10.821581803970965,6.49579978796576,0.1108231483700752,-0.0689554043281011,-0.08519860159808922,-0.14234117167224483,-0.1661720536313302,-0.26348328505485724,-0.42255172539178,-0.6093397729280474,-0.8343628705092623,-1.0127636427703095,0.0,0.0,0.0,0.0,0.0,0.0,0.0,0.0,0.0,0.0,0.0,0.0,0.0,0.0,0.0,0.0,0.0,0.0,0.0,0.0,0.0,0.0,0.0,0.0,0.0,0.0,0.0,0.0,0.0,0.0,0.0,0.0,0.0,0.0,0.0,0.0,0.0,0.0,0.0,0.0,36
1412_Propoxyethylene.xyz,145.5079462677317,51.619204578497715,33.57141188470951,18.41685840398778,10.736935008567503,6.62869328780117,0.07353724904232295,-0.03853373700301365,-0.07173472101473281,-0.13025104215804464,-0.14114669004599725,-0.294874099284785,-0.4191236599358716,-0.7006204290648083,-0.9348804833232082,-1.016201101567415,0.0,0.0,0.0,0.0,0.0,0.0,0.0,0.0,0.0,0.0,0.0,0.0,0.0,0.0,0.0,0.0,0.0,0.0,0.0,0.0,0.0,0.0,0.0,0.0,0.0,0.0,0.0,0.0,0.0,0.0,0.0,0.0,0.0,0.0,0.0,0.0,0.0,0.0,0.0,0.0,36
1413_33_Dimethyloxetane.xyz,151.79351186122187,47.53479069774979,24.183139853719705,20.601556606390478,15.726721975732161,6.465228222921498,0.005328715250641185,-0.008858008112194775,-0.04162915918150859,-0.07434862838043409,-0.15274888125409317,-0.1561940939045753,-0.6259634590132708,-0.6776205762032131,-0.8070544931361209,-0.9586399168607574,0.0,0.0,0.0,0.0,0.0,0.0,0.0,0.0,0.0,0.0,0.0,0.0,0.0,0.0,0.0,0.0,0.0,0.0,0.0,0.0,0.0,0.0,0.0,0.0,0.0,0.0,0.0,0.0,0.0,0.0,0.0,0.0,0.0,0.0,0.0,0.0,0.0,0.0,0.0,0.0,36
1414_2_Ethenyloxypropane.xyz,149.0256910591345,46.52915161483142,30.11863557749132,24.109781663249002,9.414917427863749,7.285691351204269,0.0072161660128350095,-0.030213289448694537,-0.04530819695987546,-0.10758379367785595,-0.12922158025690503,-0.2642070587161196,-0.3650178293742428,-0.814496036054438,-0.9226075747322915,-1.0052087836266093,0.0,0.0,0.0,0.0,0.0,0.0,0.0,0.0,0.0,0.0,0.0,0.0,0.0,0.0,0.0,0.0,0.0,0.0,0.0,0.0,0.0,0.0,0.0,0.0,0.0,0.0,0.0,0.0,0.0,0.0,0.0,0.0,0.0,0.0,0.0,0.0,0.0,0.0,0.0,0.0,36
1415_2_Pentanol.xyz,140.2335196481124,52.74070528453383,32.96342644061418,22.095539043626957,11.924621793647763,8.06802370606033,0.09182780208190763,-0.05577555322760347,-0.06671481977575122,-0.07046148272588482,-0.13734173785124085,-0.16126394329045668,-0.26459661318442196,-0.45435786527411737,-0.49585294987779666,-0.6925734559398724,-0.9052615382740796,-1.0062430423162534,0.0,0.0,0.0,0.0,0.0,0.0,0.0,0.0,0.0,0.0,0.0,0.0,0.0,0.0,0.0,0.0,0.0,0.0,0.0,0.0,0.0,0.0,0.0,0.0,0.0,0.0,0.0,0.0,0.0,0.0,0.0,0.0,0.0,0.0,0.0,0.0,0.0,0.0,38
1416_2_Methyl_2_butanol.xyz,146.57651500656237,42.40205277802229,32.90721570068152,24.151007629142242,15.209987048124233,6.763506585496629,0.05070237294509114,-0.010742523652856262,-0.031638156389092766,-0.07433997391678526,-0.12417403015420009,-0.14756426275408738,-0.165505668632462,-0.4843279124340335,-0.5206346552484958,-0.8140792901557903,-0.8748121886517722,-1.0059477420450342,0.0,0.0,0.0,0.0,0.0,0.0,0.0,0.0,0.0,0.0,0.0,0.0,0.0,0.0,0.0,0.0,0.0,0.0,0.0,0.0,0.0,0.0,0.0,0.0,0.0,0.0,0.0,0.0,0.0,0.0,0.0,0.0,0.0,0.0,0.0,0.0,0.0,0.0,38
1417_1_Methoxybutane.xyz,140.56818722291547,59.5673227512425,27.760735537021024,17.828872898654286,12.58050656848075,9.55492418437679,0.1344744775793625,-0.02594927962382081,-0.06780064524424596,-0.06899447204381287,-0.11901805822863536,-0.1409535791716952,-0.17793459933875194,-0.35787905220397237,-0.5735286452671351,-0.7811447063504369,-0.8657200585224833,-1.0088798273354047,0.0,0.0,0.0,0.0,0.0,0.0,0.0,0.0,0.0,0.0,0.0,0.0,0.0,0.0,0.0,0.0,0.0,0.0,0.0,0.0,0.0,0.0,0.0,0.0,0.0,0.0,0.0,0.0,0.0,0.0,0.0,0.0,0.0,0.0,0.0,0.0,0.0,0.0,38
1418_2_Hexanone.xyz,151.9488134674363,59.402725685714685,34.02107610317227,28.068586705270604,15.943690635825572,10.307806014519562,5.108492619844262,0.0690602169606745,-0.016152292103974678,-0.06375842553808814,-0.0706885829193065,-0.12451000295980431,-0.1358025517192889,-0.14988845696529157,-0.3777238601165207,-0.554284830467673,-0.7883081351782563,-0.9069423345661226,-1.0168660598437993,0.0,0.0,0.0,0.0,0.0,0.0,0.0,0.0,0.0,0.0,0.0,0.0,0.0,0.0,0.0,0.0,0.0,0.0,0.0,0.0,0.0,0.0,0.0,0.0,0.0,0.0,0.0,0.0,0.0,0.0,0.0,0.0,0.0,0.0,0.0,0.0,0.0,42
1419_33_Dimethyl_2_butanone.xyz,158.5156401153631,53.304166025105005,30.3569028365704,24.149826252755748,22.395596717632078,11.786368514922424,4.232391936418271,0.04843853367002401,0.016079903235729588,-0.029551943832321875,-0.06074778484107572,-0.12041905957994425,-0.1407979952907138,-0.14954520754263112,-0.1628741269482218,-0.8097299641138015,-0.8121909574722507,-0.8560745264168166,-0.9981533532690461,0.0,0.0,0.0,0.0,0.0,0.0,0.0,0.0,0.0,0.0,0.0,0.0,0.0,0.0,0.0,0.0,0.0,0.0,0.0,0.0,0.0,0.0,0.0,0.0,0.0,0.0,0.0,0.0,0.0,0.0,0.0,0.0,0.0,0.0,0.0,0.0,0.0,42
1420_3_Hexanone.xyz,152.57640366814678,54.4680089861556,41.53380486427438,24.736621615306433,15.821350924994134,10.925226468622105,4.703241001399326,0.09605744533445941,-0.019214770497134662,-0.06690967904231628,-0.07023706098921718,-0.11710206739512498,-0.1398992567235872,-0.1749935207783289,-0.4149537317225486,-0.5204942783196486,-0.7030047735857374,-0.9574323941824124,-1.0111475246311732,0.0,0.0,0.0,0.0,0.0,0.0,0.0,0.0,0.0,0.0,0.0,0.0,0.0,0.0,0.0,0.0,0.0,0.0,0.0,0.0,0.0,0.0,0.0,0.0,0.0,0.0,0.0,0.0,0.0,0.0,0.0,0.0,0.0,0.0,0.0,0.0,0.0,42
1421_2_Methyl_3_pentanone.xyz,156.30972530865444,49.013593007968026,41.644168316605615,24.17570207948176,18.008171386956455,11.195833456940251,4.402039313289577,0.015176982915062373,0.0018264539609911534,-0.036898140574497265,-0.06714107651663814,-0.10724509892977292,-0.13184883262483857,-0.15559308023025262,-0.324873871670427,-0.5181605723703557,-0.8129353430061493,-0.9420300775709372,-1.0041842969122978,0.0,0.0,0.0,0.0,0.0,0.0,0.0,0.0,0.0,0.0,0.0,0.0,0.0,0.0,0.0,0.0,0.0,0.0,0.0,0.0,0.0,0.0,0.0,0.0,0.0,0.0,0.0,0.0,0.0,0.0,0.0,0.0,0.0,0.0,0.0,0.0,0.0,42
1422_Phenylmethanol.xyz,164.43877701467954,69.20434903882018,36.03294868075629,33.47973527752007,15.929617213025091,9.626865259860251,7.736071727534656,2.807974797593623,-0.05444420791026087,-0.10059503446754141,-0.24983358136502468,-0.4222554069784297,-0.4535029038114194,-0.5968996427622781,-0.7097581747101125,-1.1456189419929474,0.0,0.0,0.0,0.0,0.0,0.0,0.0,0.0,0.0,0.0,0.0,0.0,0.0,0.0,0.0,0.0,0.0,0.0,0.0,0.0,0.0,0.0,0.0,0.0,0.0,0.0,0.0,0.0,0.0,0.0,0.0,0.0,0.0,0.0,0.0,0.0,0.0,0.0,0.0,0.0,42
1423_2_Methylphenol.xyz,170.31134152977188,59.43033942305784,42.922493709925966,27.431864470024415,20.493824614614866,8.772534559856497,7.571200565662756,2.229599198025787,-0.059402030274181186,-0.06999820065078576,-0.13292858140766806,-0.3505612216691334,-0.5046657153055731,-0.5525843439404122,-0.8336743608990803,-1.1359525010013314,0.0,0.0,0.0,0.0,0.0,0.0,0.0,0.0,0.0,0.0,0.0,0.0,0.0,0.0,0.0,0.0,0.0,0.0,0.0,0.0,0.0,0.0,0.0,0.0,0.0,0.0,0.0,0.0,0.0,0.0,0.0,0.0,0.0,0.0,0.0,0.0,0.0,0.0,0.0,0.0,42
1424_3_Methylphenol.xyz,168.13108594113385,63.24417767552516,41.70254559745897,26.274650376932982,21.224710288433293,8.94358088021226,7.16110918286128,2.5608027764806827,-0.06199973991535082,-0.06788976510165057,-0.18475519690962774,-0.44030090091817914,-0.44480683124963266,-0.5625055682541243,-0.820069357431959,-1.1369042434660515,0.0,0.0,0.0,0.0,0.0,0.0,0.0,0.0,0.0,0.0,0.0,0.0,0.0,0.0,0.0,0.0,0.0,0.0,0.0,0.0,0.0,0.0,0.0,0.0,0.0,0.0,0.0,0.0,0.0,0.0,0.0,0.0,0.0,0.0,0.0,0.0,0.0,0.0,0.0,0.0,42
1425_Bicyclo221heptan_2_one.xyz,173.94934932865976,61.87000164704427,32.73339388543765,28.03727689417985,20.530265172751996,10.37384368063331,8.098441002962998,4.631699339323304,0.035417301145945886,-0.03418831328632121,-0.13436534146893875,-0.14580096367342651,-0.16230668718651386,-0.3407011613269417,-0.5081327753221645,-0.6937689786841452,-0.8084903598157013,-0.9085025555831674,0.0,0.0,0.0,0.0,0.0,0.0,0.0,0.0,0.0,0.0,0.0,0.0,0.0,0.0,0.0,0.0,0.0,0.0,0.0,0.0,0.0,0.0,0.0,0.0,0.0,0.0,0.0,0.0,0.0,0.0,0.0,0.0,0.0,0.0,0.0,0.0,0.0,0.0,44
1426_8_Oxatricyclo321015octane.xyz,181.34579584131706,45.77729327394529,38.472576926389955,30.75910035628699,15.57284234054469,15.351011277316852,7.939618944209173,4.915145349285273,0.06403598738413797,-0.02205200446043963,-0.08891462574777567,-0.14613596718744892,-0.15116819728331027,-0.37787142953477554,-0.47625361337830885,-0.6417613464327842,-0.8746975232493803,-0.8951344736133484,0.0,0.0,0.0,0.0,0.0,0.0,0.0,0.0,0.0,0.0,0.0,0.0,0.0,0.0,0.0,0.0,0.0,0.0,0.0,0.0,0.0,0.0,0.0,0.0,0.0,0.0,0.0,0.0,0.0,0.0,0.0,0.0,0.0,0.0,0.0,0.0,0.0,0.0,44
1427_Heptanal.xyz,149.01635503551807,76.98899941053989,44.27041854309534,27.449749577318627,17.686585762653202,11.963813783997603,9.553385809715156,6.495283743697296,0.17020317322058204,-0.008494934972611244,-0.06898352521262344,-0.11654768485396846,-0.11929720809914822,-0.1706878176960005,-0.17791767913965037,-0.24677304132278416,-0.36585896618867375,-0.49782233485753685,-0.6109780615401265,-0.7500308990377701,-0.9179456453984155,-1.020025925644576,0.0,0.0,0.0,0.0,0.0,0.0,0.0,0.0,0.0,0.0,0.0,0.0,0.0,0.0,0.0,0.0,0.0,0.0,0.0,0.0,0.0,0.0,0.0,0.0,0.0,0.0,0.0,0.0,0.0,0.0,0.0,0.0,0.0,0.0,48
1428_22_Dimethyl_3_pentanone.xyz,167.61033841521578,54.43581064585299,41.91815880069233,24.16026734983738,23.805503003868992,16.924147518364595,10.447799033386088,3.971268289235832,0.04375076833319681,0.03297830301667478,-0.030649950126862377,-0.053529551969730416,-0.07175038185309239,-0.12400814967596799,-0.13434674288669204,-0.15314729627134688,-0.17299035946224742,-0.5219245801144355,-0.8109583589016696,-0.8154982252687558,-0.9369134510694869,-1.0008739644118119,0.0,0.0,0.0,0.0,0.0,0.0,0.0,0.0,0.0,0.0,0.0,0.0,0.0,0.0,0.0,0.0,0.0,0.0,0.0,0.0,0.0,0.0,0.0,0.0,0.0,0.0,0.0,0.0,0.0,0.0,0.0,0.0,0.0,0.0,48
1429_24_Dimethyl_3_pentanone.xyz,166.68875874719072,50.752333968148164,47.04019521137933,25.074332625383516,23.3496586129253,16.0731927615795,10.172492229565181,4.14535883252592,0.023107087545268933,0.0052476365157152136,-0.015613791285568336,-0.054519460363601446,-0.0933450497739448,-0.12164017729598266,-0.13106768528860482,-0.13562908780842062,-0.3113365047586718,-0.36255625796160174,-0.8089229522911472,-0.8170834973764549,-0.9494257241900881,-1.0001064085727445,0.0,0.0,0.0,0.0,0.0,0.0,0.0,0.0,0.0,0.0,0.0,0.0,0.0,0.0,0.0,0.0,0.0,0.0,0.0,0.0,0.0,0.0,0.0,0.0,0.0,0.0,0.0,0.0,0.0,0.0,0.0,0.0,0.0,0.0,48
1430_Ethenyloxybenzene.xyz,179.6712985942412,70.70498907452306,38.25846633745885,34.917714001750426,24.511964682314346,9.860213345474081,8.915901994810474,6.854491749864763,2.565603686745647,-0.036682138679839736,-0.09675753304204884,-0.24349642042731157,-0.31772562111048885,-0.49049072041539094,-0.5992638238787781,-0.9401857479416865,-1.1545051464694653,0.0,0.0,0.0,0.0,0.0,0.0,0.0,0.0,0.0,0.0,0.0,0.0,0.0,0.0,0.0,0.0,0.0,0.0,0.0,0.0,0.0,0.0,0.0,0.0,0.0,0.0,0.0,0.0,0.0,0.0,0.0,0.0,0.0,0.0,0.0,0.0,0.0,0.0,0.0,46
1431_2_Ethylphenol.xyz,178.76024178877907,59.60326476292266,50.872217396951385,30.590583052707668,25.5715070232507,14.163752591979236,8.559079377184306,7.399211359263316,2.197678304027152,-0.005611118625714949,-0.06840872688858357,-0.12167194529508825,-0.14311564924627676,-0.350571089113481,-0.5039281557105472,-0.5326994248171691,-0.553621392959232,-0.9262473831325079,-1.1301244560590655,0.0,0.0,0.0,0.0,0.0,0.0,0.0,0.0,0.0,0.0,0.0,0.0,0.0,0.0,0.0,0.0,0.0,0.0,0.0,0.0,0.0,0.0,0.0,0.0,0.0,0.0,0.0,0.0,0.0,0.0,0.0,0.0,0.0,0.0,0.0,0.0,0.0,48
1432_3_Ethylphenol.xyz,175.2288192656972,67.40170713979634,47.04732401583145,30.081327620853227,25.291975155690615,14.577315463123597,8.801633180185851,6.858293234811288,2.502545862545712,0.0014224406643968779,-0.06519833498345631,-0.13738991138448886,-0.18562958586262163,-0.43938132724247697,-0.4446199026042636,-0.5287183866007422,-0.5640439415338034,-0.9161441904911131,-1.1297014832789558,0.0,0.0,0.0,0.0,0.0,0.0,0.0,0.0,0.0,0.0,0.0,0.0,0.0,0.0,0.0,0.0,0.0,0.0,0.0,0.0,0.0,0.0,0.0,0.0,0.0,0.0,0.0,0.0,0.0,0.0,0.0,0.0,0.0,0.0,0.0,0.0,0.0,48
1433_24_Dimethylphenol.xyz,178.11648581645596,65.63735641673054,43.16219926718443,33.329861461606285,22.236592579959186,18.02501697408416,8.676863592308903,6.412845721508084,2.071574773637957,-0.06109765984088827,-0.06145386184871789,-0.07623284698631103,-0.07710081841643689,-0.2782852312993639,-0.4866886869327381,-0.5048234751771407,-0.7464455827628115,-0.8742371414282115,-1.1208949835651376,0.0,0.0,0.0,0.0,0.0,0.0,0.0,0.0,0.0,0.0,0.0,0.0,0.0,0.0,0.0,0.0,0.0,0.0,0.0,0.0,0.0,0.0,0.0,0.0,0.0,0.0,0.0,0.0,0.0,0.0,0.0,0.0,0.0,0.0,0.0,0.0,0.0,48
1434_25_Dimethylphenol.xyz,178.3624920893413,63.81117277688586,47.031088940575096,28.1530048138686,25.951597949468454,17.2014940783841,8.609723794104124,6.4742016826400155,2.078547859839438,-0.05397806749727172,-0.06358406589909558,-0.07389240669449773,-0.07763234335114537,-0.2828328815760565,-0.4780875955677633,-0.5352235549082454,-0.7302421140677858,-0.8713399903242457,-1.1249746500030886,0.0,0.0,0.0,0.0,0.0,0.0,0.0,0.0,0.0,0.0,0.0,0.0,0.0,0.0,0.0,0.0,0.0,0.0,0.0,0.0,0.0,0.0,0.0,0.0,0.0,0.0,0.0,0.0,0.0,0.0,0.0,0.0,0.0,0.0,0.0,0.0,0.0,48
1435_34_Dimethylphenol.xyz,176.8892818092674,68.31652795519146,41.930873514353834,32.93934335984155,22.366804558580142,18.06475436518336,8.738308857557566,6.278014482135651,2.1533613110955194,0.004490774279155711,-0.033543892723316246,-0.11218026233683182,-0.14206352702339387,-0.27791493880799445,-0.4417263333932546,-0.5451784497158757,-0.7976619235806204,-0.8192562020922907,-1.1306991425943436,0.0,0.0,0.0,0.0,0.0,0.0,0.0,0.0,0.0,0.0,0.0,0.0,0.0,0.0,0.0,0.0,0.0,0.0,0.0,0.0,0.0,0.0,0.0,0.0,0.0,0.0,0.0,0.0,0.0,0.0,0.0,0.0,0.0,0.0,0.0,0.0,0.0,48
1436_35_Dimethylphenol.xyz,176.61787886217672,65.23731877042282,48.61992198898005,28.06865790354292,21.830384623254318,20.546173701473304,7.345320676440489,7.082921959943375,2.4084972953386643,-0.06023447005216271,-0.06463374178056262,-0.07454878809307848,-0.07826645521840607,-0.4206024593181016,-0.4482442224879857,-0.5069656721155962,-0.7228190408618433,-0.8765208335062719,-1.1227037829209354,0.0,0.0,0.0,0.0,0.0,0.0,0.0,0.0,0.0,0.0,0.0,0.0,0.0,0.0,0.0,0.0,0.0,0.0,0.0,0.0,0.0,0.0,0.0,0.0,0.0,0.0,0.0,0.0,0.0,0.0,0.0,0.0,0.0,0.0,0.0,0.0,0.0,48
1437_12_Ethanediol.xyz,138.1035586745467,55.579454527237566,22.6580818852525,9.733505296399056,-0.01702569530575845,-0.1013860156678927,-0.3179580960985171,-0.4165815316426973,-0.5852157313079404,-0.8868334749405637,0.0,0.0,0.0,0.0,0.0,0.0,0.0,0.0,0.0,0.0,0.0,0.0,0.0,0.0,0.0,0.0,0.0,0.0,0.0,0.0,0.0,0.0,0.0,0.0,0.0,0.0,0.0,0.0,0.0,0.0,0.0,0.0,0.0,0.0,0.0,0.0,0.0,0.0,0.0,0.0,0.0,0.0,0.0,0.0,0.0,0.0,26
1438_Methylperoxymethane.xyz,149.78175468991483,41.524727903140494,18.989481807774794,15.416178103909148,-0.017907499351560552,-0.05817930164387971,-0.07409864915069186,-0.10280759296375358,-0.8278429682340357,-0.8817066549229851,0.0,0.0,0.0,0.0,0.0,0.0,0.0,0.0,0.0,0.0,0.0,0.0,0.0,0.0,0.0,0.0,0.0,0.0,0.0,0.0,0.0,0.0,0.0,0.0,0.0,0.0,0.0,0.0,0.0,0.0,0.0,0.0,0.0,0.0,0.0,0.0,0.0,0.0,0.0,0.0,0.0,0.0,0.0,0.0,0.0,0.0,26
1439_Propanoic_acid.xyz,154.76949663461744,46.34100227026903,41.85304871796585,15.40628792978141,4.473810874757544,-0.0012600389650543609,-0.0676380741276701,-0.13987633188051818,-0.45323195654997606,-0.5871052438888033,-0.9868297440808305,0.0,0.0,0.0,0.0,0.0,0.0,0.0,0.0,0.0,0.0,0.0,0.0,0.0,0.0,0.0,0.0,0.0,0.0,0.0,0.0,0.0,0.0,0.0,0.0,0.0,0.0,0.0,0.0,0.0,0.0,0.0,0.0,0.0,0.0,0.0,0.0,0.0,0.0,0.0,0.0,0.0,0.0,0.0,0.0,0.0,30
1440_Cyclobutane_13_dione.xyz,161.40099087902666,72.0767390535306,31.275771893704782,21.947445612578058,7.2114199015216105,4.148507692899084,-0.03283728271349003,-0.09344430519635015,-0.6108170576597732,-0.8579661503667579,0.0,0.0,0.0,0.0,0.0,0.0,0.0,0.0,0.0,0.0,0.0,0.0,0.0,0.0,0.0,0.0,0.0,0.0,0.0,0.0,0.0,0.0,0.0,0.0,0.0,0.0,0.0,0.0,0.0,0.0,0.0,0.0,0.0,0.0,0.0,0.0,0.0,0.0,0.0,0.0,0.0,0.0,0.0,0.0,0.0,0.0,32
1441_23_Butanedione.xyz,163.27496474401818,64.1037035107218,30.942402396333613,27.184385068879187,10.724758050499348,3.3165427744828584,-0.05615794377427131,-0.06335073288735082,-0.06777127084889313,-0.08712534646463052,-0.8599386431984953,-0.946602370437071,0.0,0.0,0.0,0.0,0.0,0.0,0.0,0.0,0.0,0.0,0.0,0.0,0.0,0.0,0.0,0.0,0.0,0.0,0.0,0.0,0.0,0.0,0.0,0.0,0.0,0.0,0.0,0.0,0.0,0.0,0.0,0.0,0.0,0.0,0.0,0.0,0.0,0.0,0.0,0.0,0.0,0.0,0.0,0.0,34
1442_2_Methyl_13_dioxolane.xyz,174.5771603408714,50.189477391213416,36.77032133903708,21.96668358194849,9.735277192535994,8.023804131429868,0.025437114298928316,-0.06534801573999377,-0.07008182922535737,-0.14067628780143362,-0.3348578747902981,-0.44093569466240123,-0.8418387550585072,-0.9286123967330305,0.0,0.0,0.0,0.0,0.0,0.0,0.0,0.0,0.0,0.0,0.0,0.0,0.0,0.0,0.0,0.0,0.0,0.0,0.0,0.0,0.0,0.0,0.0,0.0,0.0,0.0,0.0,0.0,0.0,0.0,0.0,0.0,0.0,0.0,0.0,0.0,0.0,0.0,0.0,0.0,0.0,0.0,36
1443_Ethylperoxyethane.xyz,166.9201519058342,53.929243668092404,35.43957618679195,23.441322639341724,11.565299412230415,11.532391036196273,0.0392594109036474,-0.019361773523387745,-0.06943019818104984,-0.07004379599740554,-0.12754180590668734,-0.14767805236323459,-0.46260265747001894,-0.5639042668003968,-0.9659564208024073,-0.9749150510217475,0.0,0.0,0.0,0.0,0.0,0.0,0.0,0.0,0.0,0.0,0.0,0.0,0.0,0.0,0.0,0.0,0.0,0.0,0.0,0.0,0.0,0.0,0.0,0.0,0.0,0.0,0.0,0.0,0.0,0.0,0.0,0.0,0.0,0.0,0.0,0.0,0.0,0.0,0.0,0.0,38
1444_2_Furanmethanol.xyz,175.82902595925515,70.36098823226547,37.25443782667995,27.60569216251045,15.231368002009686,6.44951377837317,4.3553250882521555,-0.060201472713353514,-0.1876376518065913,-0.41990730943536947,-0.4731900348474777,-0.7467786159018501,-0.8747205278913771,0.0,0.0,0.0,0.0,0.0,0.0,0.0,0.0,0.0,0.0,0.0,0.0,0.0,0.0,0.0,0.0,0.0,0.0,0.0,0.0,0.0,0.0,0.0,0.0,0.0,0.0,0.0,0.0,0.0,0.0,0.0,0.0,0.0,0.0,0.0,0.0,0.0,0.0,0.0,0.0,0.0,0.0,0.0,38
1445_Methyl_2E_but_2_enoate.xyz,174.39993301811086,59.95036867299903,48.516832233350385,24.935466862613186,18.411250753239962,8.790944558717937,3.3513144169720963,-0.06096913277822082,-0.06519288718083531,-0.06685301317724635,-0.07203890305029223,-0.2731844020476177,-0.6132494188516125,-0.8735311637958088,-1.0071761583716552,0.0,0.0,0.0,0.0,0.0,0.0,0.0,0.0,0.0,0.0,0.0,0.0,0.0,0.0,0.0,0.0,0.0,0.0,0.0,0.0,0.0,0.0,0.0,0.0,0.0,0.0,0.0,0.0,0.0,0.0,0.0,0.0,0.0,0.0,0.0,0.0,0.0,0.0,0.0,0.0,0.0,40
1446_4_Methyl_13_dioxane.xyz,181.82012736627462,58.956657966362094,42.02289472992874,25.366866171141755,12.975465090619435,11.457664902366496,7.273685958848772,0.04035773403372419,-0.045484928030210724,-0.06953094976191047,-0.10573175065152278,-0.14405569430337983,-0.28046859879038566,-0.4932636727984267,-0.6654149294104679,-0.8155377138420756,-0.9703162452373046,0.0,0.0,0.0,0.0,0.0,0.0,0.0,0.0,0.0,0.0,0.0,0.0,0.0,0.0,0.0,0.0,0.0,0.0,0.0,0.0,0.0,0.0,0.0,0.0,0.0,0.0,0.0,0.0,0.0,0.0,0.0,0.0,0.0,0.0,0.0,0.0,0.0,0.0,0.0,42
1447_2S4R24dimethyl13dioxolane.xyz,183.9178439073395,52.747760901668826,41.87428351071699,27.742804251434624,17.474559775051453,8.102752023054792,7.947775897315078,0.014582934658018291,-0.06432057300681868,-0.06743814862009663,-0.0759814792878366,-0.1173710227580813,-0.26623390978987743,-0.358022472946865,-0.684408216187603,-0.927799996329775,-0.9368719455621526,0.0,0.0,0.0,0.0,0.0,0.0,0.0,0.0,0.0,0.0,0.0,0.0,0.0,0.0,0.0,0.0,0.0,0.0,0.0,0.0,0.0,0.0,0.0,0.0,0.0,0.0,0.0,0.0,0.0,0.0,0.0,0.0,0.0,0.0,0.0,0.0,0.0,0.0,0.0,42
1448_22_Dimethoxypropane.xyz,181.8712136931896,56.73138587068422,35.2738416278265,25.283151367723846,19.651609688008502,16.642987351364425,5.932377627186551,0.008165598994996942,-0.018513432723891967,-0.03134013265491366,-0.03290402673020911,-0.10377256181241329,-0.11242118930279689,-0.14266264484146543,-0.14586060967987188,-0.814870020530275,-0.8171350464495937,-0.8774796309819546,-0.9738580925211036,0.0,0.0,0.0,0.0,0.0,0.0,0.0,0.0,0.0,0.0,0.0,0.0,0.0,0.0,0.0,0.0,0.0,0.0,0.0,0.0,0.0,0.0,0.0,0.0,0.0,0.0,0.0,0.0,0.0,0.0,0.0,0.0,0.0,0.0,0.0,0.0,0.0,44
1449_15_Pentanediol.xyz,154.32302269679346,80.28770270533273,44.90718951120943,26.712119951496533,16.740272841599317,10.264741826556223,8.530045869005773,0.08629853552003619,-0.0526884196054314,-0.07757835032915042,-0.13939530331255878,-0.14406378237943984,-0.27740038182958016,-0.40213504331118194,-0.48108908077630275,-0.5177597993847831,-0.6310799929860401,-0.8242502280296136,-0.9800381188193565,0.0,0.0,0.0,0.0,0.0,0.0,0.0,0.0,0.0,0.0,0.0,0.0,0.0,0.0,0.0,0.0,0.0,0.0,0.0,0.0,0.0,0.0,0.0,0.0,0.0,0.0,0.0,0.0,0.0,0.0,0.0,0.0,0.0,0.0,0.0,0.0,0.0,44
1450_Diethoxymethane.xyz,173.43065302393455,65.4666706384554,37.90792372595371,29.83615362765923,13.843372999434056,12.004485076634477,8.962609726750134,0.042051441144246304,-0.003986863942113309,-0.062446830448039996,-0.07100668617136915,-0.07971234454500663,-0.1392542700940918,-0.1550297615111674,-0.4849949410591409,-0.5460654114080282,-0.6777210293905672,-0.967148842451201,-0.9826378421951176,0.0,0.0,0.0,0.0,0.0,0.0,0.0,0.0,0.0,0.0,0.0,0.0,0.0,0.0,0.0,0.0,0.0,0.0,0.0,0.0,0.0,0.0,0.0,0.0,0.0,0.0,0.0,0.0,0.0,0.0,0.0,0.0,0.0,0.0,0.0,0.0,0.0,44
1451_13_Benzenediol.xyz,180.55965887367344,74.33347361082512,49.09708566490707,27.872703386106764,24.282216861129285,8.880562676054508,6.948192380146666,2.46432842632233,-0.17232601338851894,-0.42694785513588474,-0.44262095196431334,-0.5351008929679678,-0.5648965250123292,-1.1143090045200712,0.0,0.0,0.0,0.0,0.0,0.0,0.0,0.0,0.0,0.0,0.0,0.0,0.0,0.0,0.0,0.0,0.0,0.0,0.0,0.0,0.0,0.0,0.0,0.0,0.0,0.0,0.0,0.0,0.0,0.0,0.0,0.0,0.0,0.0,0.0,0.0,0.0,0.0,0.0,0.0,0.0,0.0,42
1452_Ethyl_2Ebut2enoate.xyz,182.04179720038314,63.15086357006693,51.10194973929849,33.518799053745575,22.75230494378244,12.409689141171595,8.579583278298639,3.354621016102151,0.006182628997683869,-0.06649168965903504,-0.07003897143685026,-0.07020388936838375,-0.13693606806769767,-0.2721227616727315,-0.5161587495019566,-0.6183742866118334,-0.9737678465009573,-1.0096756728512053,0.0,0.0,0.0,0.0,0.0,0.0,0.0,0.0,0.0,0.0,0.0,0.0,0.0,0.0,0.0,0.0,0.0,0.0,0.0,0.0,0.0,0.0,0.0,0.0,0.0,0.0,0.0,0.0,0.0,0.0,0.0,0.0,0.0,0.0,0.0,0.0,0.0,0.0,46
1453_Methyl_22_dimethylpropanoate.xyz,188.39056657253303,58.17480359907813,49.86580565909602,24.160101093179616,23.692035337834074,20.091550398322283,10.57190505565787,3.293377417330059,0.03459937734664454,-0.025360638224440964,-0.03131832638838445,-0.06659195215868176,-0.0722600357512264,-0.13246540490886724,-0.13334572045848217,-0.15526776970553582,-0.8143030629546101,-0.81560228391736,-0.8782071198958427,-0.9680015598382453,0.0,0.0,0.0,0.0,0.0,0.0,0.0,0.0,0.0,0.0,0.0,0.0,0.0,0.0,0.0,0.0,0.0,0.0,0.0,0.0,0.0,0.0,0.0,0.0,0.0,0.0,0.0,0.0,0.0,0.0,0.0,0.0,0.0,0.0,0.0,0.0,48
1454_Butyl_acetate.xyz,180.03454462267587,69.34037074375775,45.51182161303892,31.08602901929897,24.58304675570199,14.250602959910934,9.267708029827673,4.267329258972524,0.07197076859117295,-0.0507072331996466,-0.06634591809930128,-0.07203391290454901,-0.08623977931830809,-0.13773537212583922,-0.1457632345859849,-0.36364824567613896,-0.5643430597338671,-0.807934540582441,-0.924420374202458,-1.0122314651712911,0.0,0.0,0.0,0.0,0.0,0.0,0.0,0.0,0.0,0.0,0.0,0.0,0.0,0.0,0.0,0.0,0.0,0.0,0.0,0.0,0.0,0.0,0.0,0.0,0.0,0.0,0.0,0.0,0.0,0.0,0.0,0.0,0.0,0.0,0.0,0.0,48
1455_2_Methoxyoxane.xyz,189.24227387084812,65.33525429952564,45.39743887743558,29.85611552243632,18.438665874634932,13.287943439668814,9.977936227144784,6.890864563591119,0.040975747898098415,-0.059382780535699266,-0.06857380329381715,-0.08194233910567185,-0.1115732043592569,-0.12582424685807397,-0.26177932460925896,-0.41240591539589194,-0.5713962282498883,-0.736744396834774,-0.8666408548635978,-0.9891846929016846,0.0,0.0,0.0,0.0,0.0,0.0,0.0,0.0,0.0,0.0,0.0,0.0,0.0,0.0,0.0,0.0,0.0,0.0,0.0,0.0,0.0,0.0,0.0,0.0,0.0,0.0,0.0,0.0,0.0,0.0,0.0,0.0,0.0,0.0,0.0,0.0,48
1456_45_Dimethyl_13_dioxane.xyz,192.07381315767162,58.956896571215935,48.60802416848584,28.15004396360841,20.840638977920136,12.291904304160726,11.312643173334191,6.1789057819628,0.014135347106101643,-0.003891718131781771,-0.040072078437846374,-0.08905722053415686,-0.11278023490706157,-0.1513055089833019,-0.2142098352759281,-0.42244462917520537,-0.656894256631095,-0.7098365539042207,-0.8565350870926621,-0.9879576862163666,0.0,0.0,0.0,0.0,0.0,0.0,0.0,0.0,0.0,0.0,0.0,0.0,0.0,0.0,0.0,0.0,0.0,0.0,0.0,0.0,0.0,0.0,0.0,0.0,0.0,0.0,0.0,0.0,0.0,0.0,0.0,0.0,0.0,0.0,0.0,0.0,48
1457_12_Diethoxyethane.xyz,172.6604888987476,83.17639202522446,39.48583537731152,32.065430242958975,20.01392195380407,11.722911781319958,10.848223920192133,10.000543590350366,0.1106204409775003,0.014540010393878968,-0.06555631080739298,-0.06743818127936806,-0.06831461141543724,-0.1052079328391767,-0.1546704048477778,-0.1824413243132644,-0.43894100468297037,-0.518698407465235,-0.5229892714866688,-0.8386466634899603,-0.9705283494516186,-0.9834551430255507,0.0,0.0,0.0,0.0,0.0,0.0,0.0,0.0,0.0,0.0,0.0,0.0,0.0,0.0,0.0,0.0,0.0,0.0,0.0,0.0,0.0,0.0,0.0,0.0,0.0,0.0,0.0,0.0,0.0,0.0,0.0,0.0,0.0,0.0,50
1458_11_Diethoxyethane.xyz,184.3240417827672,66.78076384668775,40.45221952133431,29.543027451412623,27.516101088705266,12.17374480782634,11.373833558258838,7.820718486618238,0.02675331426673458,0.013242489997933522,-0.06224031479933553,-0.06695277106651441,-0.07045305055068307,-0.08355459006776256,-0.13405950243981582,-0.15218901189221018,-0.3673462251873631,-0.4894527341463607,-0.5454912642819847,-0.9117427957788643,-0.9685481398939424,-0.990395311594231,0.0,0.0,0.0,0.0,0.0,0.0,0.0,0.0,0.0,0.0,0.0,0.0,0.0,0.0,0.0,0.0,0.0,0.0,0.0,0.0,0.0,0.0,0.0,0.0,0.0,0.0,0.0,0.0,0.0,0.0,0.0,0.0,0.0,0.0,50
1459_Benzoic_acid.xyz,191.33184387096662,78.54254481011986,46.90851175574059,34.30575581535715,32.17828469571399,11.195180829641387,9.5577476932684,5.156562450292914,1.9659405177482618,-0.10153324968802158,-0.24945377329835244,-0.4697125043459403,-0.532765433724628,-0.6021075702536147,-1.1466740719366089,0.0,0.0,0.0,0.0,0.0,0.0,0.0,0.0,0.0,0.0,0.0,0.0,0.0,0.0,0.0,0.0,0.0,0.0,0.0,0.0,0.0,0.0,0.0,0.0,0.0,0.0,0.0,0.0,0.0,0.0,0.0,0.0,0.0,0.0,0.0,0.0,0.0,0.0,0.0,0.0,0.0,46
1460_2_Hydroxy_246_cycloheptatriene_1_one.xyz,193.1394447642905,67.31156023885964,60.398943171715636,35.37921768671025,25.431619321302477,11.854718412672838,11.365797073445487,3.813229909030691,2.318477065363454,-0.07416118099027867,-0.2536780373552526,-0.39225543743120567,-0.4781606480469418,-0.7875923571199608,-0.9870341468451966,0.0,0.0,0.0,0.0,0.0,0.0,0.0,0.0,0.0,0.0,0.0,0.0,0.0,0.0,0.0,0.0,0.0,0.0,0.0,0.0,0.0,0.0,0.0,0.0,0.0,0.0,0.0,0.0,0.0,0.0,0.0,0.0,0.0,0.0,0.0,0.0,0.0,0.0,0.0,0.0,0.0,46
1461_Phenyl_formate.xyz,193.38029861420713,78.88100016975281,49.92386795837911,34.95925611516902,26.86515391874614,9.623985350986777,9.034569263737795,5.923733732597035,2.576218549515388,-0.10367785663400973,-0.2535867327661236,-0.44621216917587936,-0.5640861315853307,-0.6070233229734994,-1.1533716243543564,0.0,0.0,0.0,0.0,0.0,0.0,0.0,0.0,0.0,0.0,0.0,0.0,0.0,0.0,0.0,0.0,0.0,0.0,0.0,0.0,0.0,0.0,0.0,0.0,0.0,0.0,0.0,0.0,0.0,0.0,0.0,0.0,0.0,0.0,0.0,0.0,0.0,0.0,0.0,0.0,0.0,46
1462_2E_3_furan_2_ylprop_2_enal.xyz,183.69034262770813,92.75231291398649,43.75912250467514,37.39757768611008,24.062985480909795,12.876916218034385,6.77905085104578,6.282049617128268,3.544243620773922,-0.17158088433572946,-0.2544511196039365,-0.4172419023948704,-0.5131329399273389,-0.8019047700140325,-0.9461640684940257,0.0,0.0,0.0,0.0,0.0,0.0,0.0,0.0,0.0,0.0,0.0,0.0,0.0,0.0,0.0,0.0,0.0,0.0,0.0,0.0,0.0,0.0,0.0,0.0,0.0,0.0,0.0,0.0,0.0,0.0,0.0,0.0,0.0,0.0,0.0,0.0,0.0,0.0,0.0,0.0,0.0,46
1463_Ethyl_pentenoate.xyz,187.88968711591298,71.85780055729767,52.33441997204689,35.21886973550553,28.594999669050264,16.81253753334458,11.769375466601845,7.135693714143405,3.850442761979854,-0.0033994032808783523,-0.004969714838355344,-0.03752477418562483,-0.07181281775045889,-0.13498043838937596,-0.14493884456284958,-0.23235623294284052,-0.49811400766653613,-0.5441992685119266,-0.747118645181215,-0.9759494431120742,-1.0283370998587056,0.0,0.0,0.0,0.0,0.0,0.0,0.0,0.0,0.0,0.0,0.0,0.0,0.0,0.0,0.0,0.0,0.0,0.0,0.0,0.0,0.0,0.0,0.0,0.0,0.0,0.0,0.0,0.0,0.0,0.0,0.0,0.0,0.0,0.0,0.0,52
1464_Ethyl_3Z_3_pentenoate.xyz,188.56074894128903,68.92215340785532,54.81073357776794,34.59869674494776,28.14503786051159,18.07596331727444,11.97906780336216,6.533236641415998,3.7997354723093744,0.016471460121012735,0.006640629333148654,-0.0692381575923383,-0.07030167769278504,-0.1365167506507913,-0.14412570513490036,-0.18729975711097946,-0.5008977349373379,-0.5296523802626238,-0.7563946230641713,-0.9778460682971813,-1.0360871658426756,0.0,0.0,0.0,0.0,0.0,0.0,0.0,0.0,0.0,0.0,0.0,0.0,0.0,0.0,0.0,0.0,0.0,0.0,0.0,0.0,0.0,0.0,0.0,0.0,0.0,0.0,0.0,0.0,0.0,0.0,0.0,0.0,0.0,0.0,0.0,52
1465_Ethyl_3E_3_pentenoate.xyz,187.88675890966823,69.04052541416009,55.23997357792447,34.88839800645488,28.902903404661046,16.72865755520508,11.893354100511207,6.99035688380044,3.901011275929099,0.008129680549367245,-0.05640839884509391,-0.0690537980827494,-0.0724228984794332,-0.08147991912266148,-0.13685723003812716,-0.24052852629368449,-0.4875859409870868,-0.5249420936146028,-0.7712842568145597,-0.9763193544875728,-1.0230605564962323,0.0,0.0,0.0,0.0,0.0,0.0,0.0,0.0,0.0,0.0,0.0,0.0,0.0,0.0,0.0,0.0,0.0,0.0,0.0,0.0,0.0,0.0,0.0,0.0,0.0,0.0,0.0,0.0,0.0,0.0,0.0,0.0,0.0,0.0,0.0,52
1466_Ethyl_2E_2_pentenoate.xyz,186.86405569481178,71.13451586983817,53.78653340675405,34.841213294488895,29.780598590743736,15.63254943746611,11.992310211025366,8.093318914922113,3.344681321541869,0.008936847748373182,-0.0012878705252370745,-0.06852657039528935,-0.07016932026964129,-0.1369254597192565,-0.13825468516018308,-0.26445654430588256,-0.49664086627911164,-0.5201628332727731,-0.7430547595780383,-0.977676083617408,-1.0214327606156388,0.0,0.0,0.0,0.0,0.0,0.0,0.0,0.0,0.0,0.0,0.0,0.0,0.0,0.0,0.0,0.0,0.0,0.0,0.0,0.0,0.0,0.0,0.0,0.0,0.0,0.0,0.0,0.0,0.0,0.0,0.0,0.0,0.0,0.0,0.0,52
1467_Propyl_2E_2_Butenoate.xyz,187.55238155171168,67.56758091485487,53.768071395004355,42.28737365167439,23.742192066190427,17.998528636766085,10.694694847700081,8.508679571609541,3.35362761009737,0.0714040814697752,-0.06647508606540257,-0.06981457157919752,-0.07095485911530267,-0.1311194875915619,-0.14148195061373553,-0.2708547031546838,-0.4157348466927747,-0.6098730109897958,-0.7254853685895628,-0.9901643149769078,-1.0124502921075962,0.0,0.0,0.0,0.0,0.0,0.0,0.0,0.0,0.0,0.0,0.0,0.0,0.0,0.0,0.0,0.0,0.0,0.0,0.0,0.0,0.0,0.0,0.0,0.0,0.0,0.0,0.0,0.0,0.0,0.0,0.0,0.0,0.0,0.0,0.0,52
1468_Isopropyl_2E_2_Butenoate.xyz,191.65187626443242,66.4123196581591,51.894930847788785,37.04332094842089,24.087849402475975,22.67172786367459,10.330959150703148,8.02467660801062,3.3540353352969268,0.002425529044713497,-0.03956421630643969,-0.06654941566710712,-0.06949995008010341,-0.10785429248509713,-0.1292769056030492,-0.26733278757560175,-0.32911664002150526,-0.6148210541536725,-0.8153686302363501,-0.9840543519333182,-1.0105575283430048,0.0,0.0,0.0,0.0,0.0,0.0,0.0,0.0,0.0,0.0,0.0,0.0,0.0,0.0,0.0,0.0,0.0,0.0,0.0,0.0,0.0,0.0,0.0,0.0,0.0,0.0,0.0,0.0,0.0,0.0,0.0,0.0,0.0,0.0,0.0,52
1469_Trimethoxymethane.xyz,197.3267680292904,59.08451398837514,55.765698996431006,22.782919046572445,18.455216156685353,16.27803674292151,6.750467727733557,-0.02054315679432249,-0.037177898058608036,-0.06813483018510154,-0.07165048386387445,-0.08095720264979775,-0.1254903879819816,-0.4603697090071298,-0.8521744960396974,-0.8697008745970917,-0.874916691697443,0.0,0.0,0.0,0.0,0.0,0.0,0.0,0.0,0.0,0.0,0.0,0.0,0.0,0.0,0.0,0.0,0.0,0.0,0.0,0.0,0.0,0.0,0.0,0.0,0.0,0.0,0.0,0.0,0.0,0.0,0.0,0.0,0.0,0.0,0.0,0.0,0.0,0.0,0.0,44
1470_136_Trioxacyclooctane.xyz,205.4641304009171,69.8044652078998,59.2893638728117,27.244804603714048,22.266286981215565,11.385424900899329,10.325783071506503,7.6936714811187255,0.030906406694618232,-0.05999213027515069,-0.06509825125019215,-0.12108065456464635,-0.13968604019475717,-0.4199847047733867,-0.4749781373317426,-0.6661730889278514,-0.8115796665339695,-0.9056540963651636,0.0,0.0,0.0,0.0,0.0,0.0,0.0,0.0,0.0,0.0,0.0,0.0,0.0,0.0,0.0,0.0,0.0,0.0,0.0,0.0,0.0,0.0,0.0,0.0,0.0,0.0,0.0,0.0,0.0,0.0,0.0,0.0,0.0,0.0,0.0,0.0,0.0,0.0,48
1471_111_Trimethoxyethane.xyz,209.9269692831282,57.80363428794421,56.788703357647385,29.778765310908327,21.45653508074042,17.152249495347274,17.086548910867695,4.91339019412499,-0.006202908681149282,-0.021968772832714905,-0.046315999925081834,-0.05528279532266572,-0.0751259294260898,-0.10111459008637246,-0.12537095630348635,-0.1419075980807769,-0.8015755651529904,-0.8728775954010204,-0.8760157216267648,-0.9424273313089641,0.0,0.0,0.0,0.0,0.0,0.0,0.0,0.0,0.0,0.0,0.0,0.0,0.0,0.0,0.0,0.0,0.0,0.0,0.0,0.0,0.0,0.0,0.0,0.0,0.0,0.0,0.0,0.0,0.0,0.0,0.0,0.0,0.0,0.0,0.0,0.0,50
1472_Butanedioic_acid.xyz,196.2198816195285,100.32151428905551,46.37201958880046,44.97564173693303,34.617101229167176,15.560904976022446,5.044875281593738,3.9774099248520143,-0.01229926791618235,-0.14179622845255083,-0.4401741998421598,-0.4916442521136165,-0.592617971510363,-0.9116170491732557,0.0,0.0,0.0,0.0,0.0,0.0,0.0,0.0,0.0,0.0,0.0,0.0,0.0,0.0,0.0,0.0,0.0,0.0,0.0,0.0,0.0,0.0,0.0,0.0,0.0,0.0,0.0,0.0,0.0,0.0,0.0,0.0,0.0,0.0,0.0,0.0,0.0,0.0,0.0,0.0,0.0,0.0,46
1473_1357_Tetroxane.xyz,219.52442638919666,71.23726324497187,71.21822968557561,38.49760502265094,18.319916035270726,10.649918854967034,10.647749810209609,8.447333188146066,0.06303205470129015,-0.09015241172396789,-0.09040525358385884,-0.16684294697556407,-0.6363635725468153,-0.68909462202195,-0.68925085864382,-0.7441649432489583,0.0,0.0,0.0,0.0,0.0,0.0,0.0,0.0,0.0,0.0,0.0,0.0,0.0,0.0,0.0,0.0,0.0,0.0,0.0,0.0,0.0,0.0,0.0,0.0,0.0,0.0,0.0,0.0,0.0,0.0,0.0,0.0,0.0,0.0,0.0,0.0,0.0,0.0,0.0,0.0,48
1474_2R3S_1234_butanetetrol.xyz,200.27243408975988,77.58198677954371,62.39304282090224,50.78959805659162,23.540456556708865,18.412254235583166,10.89666342422607,6.790597263621003,-0.0334801248599054,-0.0739429685891203,-0.22655849930425442,-0.333937862104702,-0.35789987745856805,-0.4408935822195129,-0.5413270487053337,-0.5642725236879332,-0.7481808790143084,-0.8573401840482395,0.0,0.0,0.0,0.0,0.0,0.0,0.0,0.0,0.0,0.0,0.0,0.0,0.0,0.0,0.0,0.0,0.0,0.0,0.0,0.0,0.0,0.0,0.0,0.0,0.0,0.0,0.0,0.0,0.0,0.0,0.0,0.0,0.0,0.0,0.0,0.0,0.0,0.0,50
1475_3_Butenenitrile.xyz,118.48285648478645,50.993620363860806,23.12160591242173,8.739206380198203,4.00136744833694,-0.00157800660489763,-0.10844254338049499,-0.262941413714013,-0.6702488757274927,-1.0043175526453527,0.0,0.0,0.0,0.0,0.0,0.0,0.0,0.0,0.0,0.0,0.0,0.0,0.0,0.0,0.0,0.0,0.0,0.0,0.0,0.0,0.0,0.0,0.0,0.0,0.0,0.0,0.0,0.0,0.0,0.0,0.0,0.0,0.0,0.0,0.0,0.0,0.0,0.0,0.0,0.0,0.0,0.0,0.0,0.0,0.0,0.0,26
1476_2_Methylpropanenitrile.xyz,120.77014625538598,44.687898260573384,24.338348173787384,13.190609173310943,3.702709602636259,0.004239111696416923,-0.03404764109627502,-0.1059709340931804,-0.1302643299464202,-0.32160644366086916,-0.815717978792632,-0.995215052269124,0.0,0.0,0.0,0.0,0.0,0.0,0.0,0.0,0.0,0.0,0.0,0.0,0.0,0.0,0.0,0.0,0.0,0.0,0.0,0.0,0.0,0.0,0.0,0.0,0.0,0.0,0.0,0.0,0.0,0.0,0.0,0.0,0.0,0.0,0.0,0.0,0.0,0.0,0.0,0.0,0.0,0.0,0.0,0.0,28
1477_Cyclobutylamine.xyz,123.82398883980616,40.53927810519414,21.357436687800842,15.475290419452092,7.425563964177997,0.08531886504598626,-0.1032412621323458,-0.10591829719732072,-0.16271521787375037,-0.22082721319355167,-0.4737797547650399,-0.6207154055524143,-0.7348932280347467,-0.9936583051961707,0.0,0.0,0.0,0.0,0.0,0.0,0.0,0.0,0.0,0.0,0.0,0.0,0.0,0.0,0.0,0.0,0.0,0.0,0.0,0.0,0.0,0.0,0.0,0.0,0.0,0.0,0.0,0.0,0.0,0.0,0.0,0.0,0.0,0.0,0.0,0.0,0.0,0.0,0.0,0.0,0.0,0.0,30
1478_2_Methylpropylamine.xyz,118.89495561764741,42.25570641721778,24.208928875290958,16.465819561979234,8.320752399298161,0.06710319587014626,-0.02178869931496191,-0.050452316533395526,-0.12707043721422404,-0.1455422069452363,-0.1798359939650693,-0.2608245061387443,-0.49918892543714455,-0.8034961781220261,-0.8253690565507499,-1.0085695495502185,0.0,0.0,0.0,0.0,0.0,0.0,0.0,0.0,0.0,0.0,0.0,0.0,0.0,0.0,0.0,0.0,0.0,0.0,0.0,0.0,0.0,0.0,0.0,0.0,0.0,0.0,0.0,0.0,0.0,0.0,0.0,0.0,0.0,0.0,0.0,0.0,0.0,0.0,0.0,0.0,32
1479_1E_2_pentenenitrile.xyz,127.60389780017823,57.82829044222894,30.241229502732658,16.92303312343507,8.204198852343612,3.079771750987075,0.00039881271315643177,-0.0663929557618545,-0.13985958808372936,-0.23257241403179402,-0.4961934270466161,-0.7541421202401708,-1.0424263824968125,0.0,0.0,0.0,0.0,0.0,0.0,0.0,0.0,0.0,0.0,0.0,0.0,0.0,0.0,0.0,0.0,0.0,0.0,0.0,0.0,0.0,0.0,0.0,0.0,0.0,0.0,0.0,0.0,0.0,0.0,0.0,0.0,0.0,0.0,0.0,0.0,0.0,0.0,0.0,0.0,0.0,0.0,0.0,32
1480_1E_3_pentenenitrile.xyz,126.82876208499641,58.473339569893135,30.540969981021092,16.934922085397567,7.126788330894253,3.9815218201236338,-0.05622336365008742,-0.06816415206239074,-0.07946489950992598,-0.2331060566824753,-0.4918553018617199,-0.7805498461214634,-1.0277068554803226,0.0,0.0,0.0,0.0,0.0,0.0,0.0,0.0,0.0,0.0,0.0,0.0,0.0,0.0,0.0,0.0,0.0,0.0,0.0,0.0,0.0,0.0,0.0,0.0,0.0,0.0,0.0,0.0,0.0,0.0,0.0,0.0,0.0,0.0,0.0,0.0,0.0,0.0,0.0,0.0,0.0,0.0,0.0,32
1481_Cyclopentylamine.xyz,135.79068671385738,45.134604301313146,28.618626128195167,20.273875468697053,9.238999657475372,8.072398563003167,0.11025568821796554,-0.07614140399435977,-0.08704937986286636,-0.12791022442248434,-0.18596445858026225,-0.20046157527423186,-0.38633347843234794,-0.5209966621152982,-0.6831013324909305,-0.8994434849457849,-0.9228111236829551,0.0,0.0,0.0,0.0,0.0,0.0,0.0,0.0,0.0,0.0,0.0,0.0,0.0,0.0,0.0,0.0,0.0,0.0,0.0,0.0,0.0,0.0,0.0,0.0,0.0,0.0,0.0,0.0,0.0,0.0,0.0,0.0,0.0,0.0,0.0,0.0,0.0,0.0,0.0,36
1482_Bicyclo210pentane_1_carbonitrile.xyz,149.37450824301104,56.899404303943236,28.849551568887026,21.363169987818484,12.789128362984748,8.73348012729818,2.6802950919492394,0.035929717049484465,-0.08947356071226165,-0.13827907398040368,-0.31225681383628545,-0.5042310541673327,-0.7694650183262852,-0.9044232855350678,0.0,0.0,0.0,0.0,0.0,0.0,0.0,0.0,0.0,0.0,0.0,0.0,0.0,0.0,0.0,0.0,0.0,0.0,0.0,0.0,0.0,0.0,0.0,0.0,0.0,0.0,0.0,0.0,0.0,0.0,0.0,0.0,0.0,0.0,0.0,0.0,0.0,0.0,0.0,0.0,0.0,0.0,36
1483_3Methylidenecyclobutane1carbonitrile.xyz,143.80505164641647,60.597970981703014,31.08128638175107,21.581613556097192,14.451135990620255,5.843319714369203,3.479582405268838,-0.02574265718783426,-0.04179832588254604,-0.10370829545514026,-0.32569189895097295,-0.6218332773383801,-0.704445936323,-1.009401688704352,0.0,0.0,0.0,0.0,0.0,0.0,0.0,0.0,0.0,0.0,0.0,0.0,0.0,0.0,0.0,0.0,0.0,0.0,0.0,0.0,0.0,0.0,0.0,0.0,0.0,0.0,0.0,0.0,0.0,0.0,0.0,0.0,0.0,0.0,0.0,0.0,0.0,0.0,0.0,0.0,0.0,0.0,36
1484_Cyclopent_1_ene_1_carbonitrile.xyz,145.5850110281305,58.99904954945582,28.785171028073528,26.701011050453996,9.883872017898362,8.518573681512565,2.221677988163266,0.05179326544631488,-0.09804016516957213,-0.16107860106557956,-0.31634759889635755,-0.43543540366865496,-0.8246528199134397,-0.9032664240369506,0.0,0.0,0.0,0.0,0.0,0.0,0.0,0.0,0.0,0.0,0.0,0.0,0.0,0.0,0.0,0.0,0.0,0.0,0.0,0.0,0.0,0.0,0.0,0.0,0.0,0.0,0.0,0.0,0.0,0.0,0.0,0.0,0.0,0.0,0.0,0.0,0.0,0.0,0.0,0.0,0.0,0.0,36
1485_25_Dimethyl_1H_pyrrole.xyz,154.07756625346582,44.544619351483426,32.698361016056886,25.903843243423477,15.900085725849635,4.902515805865302,4.722661339826357,-0.056573411285990645,-0.060481057589232196,-0.07515127512889037,-0.07947331507127874,-0.3002905978158971,-0.5871797169080217,-0.6803222685216788,-0.9471960204461586,-0.9556464768200547,0.0,0.0,0.0,0.0,0.0,0.0,0.0,0.0,0.0,0.0,0.0,0.0,0.0,0.0,0.0,0.0,0.0,0.0,0.0,0.0,0.0,0.0,0.0,0.0,0.0,0.0,0.0,0.0,0.0,0.0,0.0,0.0,0.0,0.0,0.0,0.0,0.0,0.0,0.0,0.0,38
1486_2_Methylpiperidine.xyz,149.9985117741649,43.75797179503839,38.77752386507069,22.418124353800724,12.947958538789456,10.531119569785508,7.1761661814929765,0.07593802454729584,-0.03631879893176089,-0.058941043864613955,-0.10175600579911108,-0.10770723786606687,-0.1458108439924563,-0.18140831112059502,-0.37774694764290956,-0.4091300871868162,-0.61419295007131,-0.7406780002185156,-0.8728216920684013,-1.0294635875435059,0.0,0.0,0.0,0.0,0.0,0.0,0.0,0.0,0.0,0.0,0.0,0.0,0.0,0.0,0.0,0.0,0.0,0.0,0.0,0.0,0.0,0.0,0.0,0.0,0.0,0.0,0.0,0.0,0.0,0.0,0.0,0.0,0.0,0.0,0.0,0.0,42
1487_Diisopropylamine.xyz,144.42812214758106,49.85274227696749,27.039677531277626,24.11355361123581,23.944667880433528,10.216992631000215,7.604808122118232,0.03514527048449172,0.01592220913639323,-0.01649516510562487,-0.035434818072631304,-0.10542737674528392,-0.10996346445904961,-0.13180309785761196,-0.13454432121608279,-0.26005099962674005,-0.34914266062520666,-0.5157980870137081,-0.8097203620470811,-0.8125182584733845,-0.9453367042673909,-1.0180577683412804,0.0,0.0,0.0,0.0,0.0,0.0,0.0,0.0,0.0,0.0,0.0,0.0,0.0,0.0,0.0,0.0,0.0,0.0,0.0,0.0,0.0,0.0,0.0,0.0,0.0,0.0,0.0,0.0,0.0,0.0,0.0,0.0,0.0,0.0,44
1488_23_Dimethylpyridine.xyz,164.32629896760386,47.383098329323865,44.268293154801356,24.561960440731067,19.9026137857185,9.371771422438362,7.511891650164105,2.180243694959513,0.0035692864992606884,-0.029100733640347414,-0.1120560230294146,-0.14068030138988816,-0.17664507237202162,-0.43767330044430003,-0.8089943773060094,-0.831184075082049,-1.1079630531661937,0.0,0.0,0.0,0.0,0.0,0.0,0.0,0.0,0.0,0.0,0.0,0.0,0.0,0.0,0.0,0.0,0.0,0.0,0.0,0.0,0.0,0.0,0.0,0.0,0.0,0.0,0.0,0.0,0.0,0.0,0.0,0.0,0.0,0.0,0.0,0.0,0.0,0.0,0.0,42
1489_24_Dimethylpyridine.xyz,163.21757439047934,51.83619274589282,40.68399532926411,22.67260805242913,22.253124172961968,9.053501893151886,7.400845561164284,2.4717544194586676,-0.057557216158721496,-0.06176219033222685,-0.07446160731050205,-0.07745847806356769,-0.25361376011211795,-0.49404776638334297,-0.7294999033042517,-0.8784366111092483,-1.0973152362184342,0.0,0.0,0.0,0.0,0.0,0.0,0.0,0.0,0.0,0.0,0.0,0.0,0.0,0.0,0.0,0.0,0.0,0.0,0.0,0.0,0.0,0.0,0.0,0.0,0.0,0.0,0.0,0.0,0.0,0.0,0.0,0.0,0.0,0.0,0.0,0.0,0.0,0.0,0.0,42
1490_25_Dimethylpyridine.xyz,163.2257061113927,51.95511178365399,39.28708154686862,27.78255342727266,17.705843498155836,10.120896247568023,7.114859212386121,2.391093711080784,-0.05493971024090832,-0.0628967049047804,-0.0730166786878632,-0.07670074504651561,-0.27721985753928496,-0.47685688438043855,-0.7223850730259331,-0.8740128350320925,-1.0996732537112186,0.0,0.0,0.0,0.0,0.0,0.0,0.0,0.0,0.0,0.0,0.0,0.0,0.0,0.0,0.0,0.0,0.0,0.0,0.0,0.0,0.0,0.0,0.0,0.0,0.0,0.0,0.0,0.0,0.0,0.0,0.0,0.0,0.0,0.0,0.0,0.0,0.0,0.0,0.0,42
1491_26_Dimethylpyridine.xyz,164.30448891151275,47.52448427252646,43.081304970567786,25.22513414322388,20.50001465764392,9.34521745984971,7.164842301419801,2.4033139409480957,-0.050262488183159315,-0.056530689365643226,-0.07346303342019701,-0.080769739958668,-0.20258304342657707,-0.4485398378580519,-0.77844047430076,-0.8846426194328687,-1.1081249359367364,0.0,0.0,0.0,0.0,0.0,0.0,0.0,0.0,0.0,0.0,0.0,0.0,0.0,0.0,0.0,0.0,0.0,0.0,0.0,0.0,0.0,0.0,0.0,0.0,0.0,0.0,0.0,0.0,0.0,0.0,0.0,0.0,0.0,0.0,0.0,0.0,0.0,0.0,0.0,42
1492_34_Dimethylpyridine.xyz,163.3344224583729,52.191563501411736,40.851715628752814,24.069909098983278,20.053203400342625,8.934372077452172,7.863269277188561,2.2632805717596476,0.002124446955086383,-0.032187533052057835,-0.11195034949615133,-0.13921394467634893,-0.2571040791882603,-0.48408995320635934,-0.7557172265000367,-0.821310214480469,-1.0968433648094358,0.0,0.0,0.0,0.0,0.0,0.0,0.0,0.0,0.0,0.0,0.0,0.0,0.0,0.0,0.0,0.0,0.0,0.0,0.0,0.0,0.0,0.0,0.0,0.0,0.0,0.0,0.0,0.0,0.0,0.0,0.0,0.0,0.0,0.0,0.0,0.0,0.0,0.0,0.0,42
1493_35_Dimethylpyridine.xyz,162.66362730623575,48.12988296285606,46.68758587730107,22.56179058632296,20.16131503473317,9.679291457832562,7.2400192615159344,2.5149666462842353,-0.057636334946522066,-0.06546769049892961,-0.07524667034386236,-0.07703925774915027,-0.4317182407578215,-0.4480831835883703,-0.6586860775269326,-0.8774793449272811,-1.0816785369329558,0.0,0.0,0.0,0.0,0.0,0.0,0.0,0.0,0.0,0.0,0.0,0.0,0.0,0.0,0.0,0.0,0.0,0.0,0.0,0.0,0.0,0.0,0.0,0.0,0.0,0.0,0.0,0.0,0.0,0.0,0.0,0.0,0.0,0.0,0.0,0.0,0.0,0.0,0.0,42
1494_Cyclohexanecarbonitrile.xyz,156.8605334371755,58.036834132073984,35.314973392618136,33.137911236185005,13.386530850909953,12.337554991666842,8.242974359434895,3.4760168668502143,0.051159164959762214,-0.0707767137858224,-0.08638801869630053,-0.11600102202447193,-0.1376378438925351,-0.19421692799492696,-0.3865834997525924,-0.4667303171397731,-0.7166629100807977,-0.772302652757607,-1.0317447299397482,0.0,0.0,0.0,0.0,0.0,0.0,0.0,0.0,0.0,0.0,0.0,0.0,0.0,0.0,0.0,0.0,0.0,0.0,0.0,0.0,0.0,0.0,0.0,0.0,0.0,0.0,0.0,0.0,0.0,0.0,0.0,0.0,0.0,0.0,0.0,0.0,0.0,44
1495_1_Azabicyclo222octane.xyz,169.27333311529645,42.97692954700571,34.07909695010431,34.078486524025266,12.479747925653886,12.479025827559408,11.478402480246501,5.646214459110335,0.06546132945482624,0.06545206122369475,-0.11976135610848594,-0.12225191350753543,-0.1295662862190231,-0.1295683373524066,-0.20966538228629936,-0.4697563167734064,-0.4697830414207944,-0.5394706698929728,-0.7785694321445347,-0.7785745407409749,-1.0097391474242485,0.0,0.0,0.0,0.0,0.0,0.0,0.0,0.0,0.0,0.0,0.0,0.0,0.0,0.0,0.0,0.0,0.0,0.0,0.0,0.0,0.0,0.0,0.0,0.0,0.0,0.0,0.0,0.0,0.0,0.0,0.0,0.0,0.0,0.0,0.0,46
1496_Heptanenitrile.xyz,138.60218194525925,71.94229707776594,43.34334995674247,26.660493340276314,16.90858488024658,11.435196603449397,9.46212692093192,4.063243111078152,0.17339372251788202,-0.005025120098359782,-0.0691354718691319,-0.11589248425102518,-0.11778848103844602,-0.1698302594613224,-0.1777844870282069,-0.3063743248506867,-0.4794866884178427,-0.5986775187402988,-0.744693020527156,-0.9193083290017332,-1.0214275771739814,0.0,0.0,0.0,0.0,0.0,0.0,0.0,0.0,0.0,0.0,0.0,0.0,0.0,0.0,0.0,0.0,0.0,0.0,0.0,0.0,0.0,0.0,0.0,0.0,0.0,0.0,0.0,0.0,0.0,0.0,0.0,0.0,0.0,0.0,0.0,46
1497_Methylhydrazine.xyz,106.6020165721088,28.50313834183162,13.683409262274647,-0.005325950829766955,-0.06331171917668035,-0.16057243577471045,-0.3637641122180097,-0.7032355586058084,-0.9168344005279128,0.0,0.0,0.0,0.0,0.0,0.0,0.0,0.0,0.0,0.0,0.0,0.0,0.0,0.0,0.0,0.0,0.0,0.0,0.0,0.0,0.0,0.0,0.0,0.0,0.0,0.0,0.0,0.0,0.0,0.0,0.0,0.0,0.0,0.0,0.0,0.0,0.0,0.0,0.0,0.0,0.0,0.0,0.0,0.0,0.0,0.0,0.0,20
1498_11_Dimethylhydrazine.xyz,123.12829066532554,29.65977479245455,23.455265429836217,10.996115854450435,0.039780854848017945,-0.02567113697430862,-0.10085261882051282,-0.1342437889558124,-0.16223994900481872,-0.6889415507041239,-0.8084826979483245,-0.925170655998761,0.0,0.0,0.0,0.0,0.0,0.0,0.0,0.0,0.0,0.0,0.0,0.0,0.0,0.0,0.0,0.0,0.0,0.0,0.0,0.0,0.0,0.0,0.0,0.0,0.0,0.0,0.0,0.0,0.0,0.0,0.0,0.0,0.0,0.0,0.0,0.0,0.0,0.0,0.0,0.0,0.0,0.0,0.0,0.0,26
1499_1E_Butenendinitrile.xyz,133.56580656955367,66.9062821678757,34.94350484781779,14.045632623897042,4.268623433911929,2.6474018727679876,-0.30565559041027773,-0.9217603280538258,0.0,0.0,0.0,0.0,0.0,0.0,0.0,0.0,0.0,0.0,0.0,0.0,0.0,0.0,0.0,0.0,0.0,0.0,0.0,0.0,0.0,0.0,0.0,0.0,0.0,0.0,0.0,0.0,0.0,0.0,0.0,0.0,0.0,0.0,0.0,0.0,0.0,0.0,0.0,0.0,0.0,0.0,0.0,0.0,0.0,0.0,0.0,0.0,28
1500_12_Butanediamine.xyz,137.27290301105498,48.503091414633296,36.61255344104896,21.024230311618712,13.796171792308266,7.356438167768187,0.03623703267823512,-0.01793943187970033,-0.06795774782767948,-0.10861490724022207,-0.13124690432733488,-0.20441802987309426,-0.24236750588496556,-0.5333631912187646,-0.5622641845499272,-0.7055152122998197,-0.876569019722732,-1.0015334389263828,0.0,0.0,0.0,0.0,0.0,0.0,0.0,0.0,0.0,0.0,0.0,0.0,0.0,0.0,0.0,0.0,0.0,0.0,0.0,0.0,0.0,0.0,0.0,0.0,0.0,0.0,0.0,0.0,0.0,0.0,0.0,0.0,0.0,0.0,0.0,0.0,0.0,0.0,38
1501_Phenylhydrazine.xyz,165.84859252193394,64.64501339231607,35.96553034076824,31.519871763888816,17.970025710670654,9.585324910981235,7.550379676381628,2.6871911279353276,-0.09646545991537295,-0.10994498199360322,-0.2417863652469437,-0.4323758509073656,-0.478984369099176,-0.5970136396892293,-0.7833259259040335,-1.1659868559083457,0.0,0.0,0.0,0.0,0.0,0.0,0.0,0.0,0.0,0.0,0.0,0.0,0.0,0.0,0.0,0.0,0.0,0.0,0.0,0.0,0.0,0.0,0.0,0.0,0.0,0.0,0.0,0.0,0.0,0.0,0.0,0.0,0.0,0.0,0.0,0.0,0.0,0.0,0.0,0.0,42
1502_1144_Tetramethyl_2_tetrazene.xyz,184.64840400125132,69.36534063731744,35.590399003729225,25.515974711895502,22.775531357062157,16.836964841887863,10.600537497318536,5.609964031715362,0.015980358377865093,-0.01733272568332326,-0.019248520217318627,-0.055707130450988615,-0.10002968979514668,-0.11401563122564186,-0.12660990224033855,-0.14074356269695457,-0.8102209768680774,-0.8216419951970934,-0.9222341095933375,-0.9640617995710182,0.0,0.0,0.0,0.0,0.0,0.0,0.0,0.0,0.0,0.0,0.0,0.0,0.0,0.0,0.0,0.0,0.0,0.0,0.0,0.0,0.0,0.0,0.0,0.0,0.0,0.0,0.0,0.0,0.0,0.0,0.0,0.0,0.0,0.0,0.0,0.0,48
1503_5_Methylisoxazole.xyz,166.70167880773943,42.208068945295494,36.596887356650925,21.510821469473523,7.306681887368559,4.578919985772243,-0.06632901731442209,-0.06783112633114435,-0.29688553170208865,-0.7101425122553346,-0.9540473473551317,0.0,0.0,0.0,0.0,0.0,0.0,0.0,0.0,0.0,0.0,0.0,0.0,0.0,0.0,0.0,0.0,0.0,0.0,0.0,0.0,0.0,0.0,0.0,0.0,0.0,0.0,0.0,0.0,0.0,0.0,0.0,0.0,0.0,0.0,0.0,0.0,0.0,0.0,0.0,0.0,0.0,0.0,0.0,0.0,0.0,32
1504_3_Methylisoxazole.xyz,166.02125716239198,46.213226157822426,33.22044370263243,21.335589509261393,7.580377955528608,4.52792541975935,-0.0664170200920652,-0.06974788122352105,-0.27167312454569603,-0.7364100730726835,-0.9467488911201778,0.0,0.0,0.0,0.0,0.0,0.0,0.0,0.0,0.0,0.0,0.0,0.0,0.0,0.0,0.0,0.0,0.0,0.0,0.0,0.0,0.0,0.0,0.0,0.0,0.0,0.0,0.0,0.0,0.0,0.0,0.0,0.0,0.0,0.0,0.0,0.0,0.0,0.0,0.0,0.0,0.0,0.0,0.0,0.0,0.0,32
1505_2_Methyl_2_oxazoline.xyz,164.07744195950414,43.58315677499025,36.71292084755868,21.68240844314944,9.826552148104179,4.377147871957551,0.020960740538006385,-0.06656707512143607,-0.07222265283704307,-0.14525674045489384,-0.43247575032890173,-0.8341449300512773,-0.9220987196665333,0.0,0.0,0.0,0.0,0.0,0.0,0.0,0.0,0.0,0.0,0.0,0.0,0.0,0.0,0.0,0.0,0.0,0.0,0.0,0.0,0.0,0.0,0.0,0.0,0.0,0.0,0.0,0.0,0.0,0.0,0.0,0.0,0.0,0.0,0.0,0.0,0.0,0.0,0.0,0.0,0.0,0.0,0.0,34
1506_2_Pyridinol.xyz,169.8805598875162,58.950548677551225,40.316045438949914,26.65214325299333,10.154734263766324,7.8382292713581885,2.468554057859038,-0.11863515143601168,-0.3139636016716309,-0.5080602302536465,-0.5628225290862238,-1.0914052207785687,0.0,0.0,0.0,0.0,0.0,0.0,0.0,0.0,0.0,0.0,0.0,0.0,0.0,0.0,0.0,0.0,0.0,0.0,0.0,0.0,0.0,0.0,0.0,0.0,0.0,0.0,0.0,0.0,0.0,0.0,0.0,0.0,0.0,0.0,0.0,0.0,0.0,0.0,0.0,0.0,0.0,0.0,0.0,0.0,36
1507_3_Pyridinol.xyz,167.70591013487615,63.233726143782576,39.14415846760026,25.346426518040754,10.240129777455289,8.057158108833022,2.596163531207543,-0.16589242664104137,-0.4151255820385875,-0.4745664533354808,-0.5422555606092452,-1.0599045424032152,0.0,0.0,0.0,0.0,0.0,0.0,0.0,0.0,0.0,0.0,0.0,0.0,0.0,0.0,0.0,0.0,0.0,0.0,0.0,0.0,0.0,0.0,0.0,0.0,0.0,0.0,0.0,0.0,0.0,0.0,0.0,0.0,0.0,0.0,0.0,0.0,0.0,0.0,0.0,0.0,0.0,0.0,0.0,0.0,36
1508_4_Pyridinol.xyz,167.3169917265158,65.35012151888107,34.78334238210302,28.33459065639181,9.451738598813778,8.463579442394296,2.6128322817767597,-0.23904712807966114,-0.2521689018071104,-0.4979148634725528,-0.6037352774210019,-1.0544023193281014,0.0,0.0,0.0,0.0,0.0,0.0,0.0,0.0,0.0,0.0,0.0,0.0,0.0,0.0,0.0,0.0,0.0,0.0,0.0,0.0,0.0,0.0,0.0,0.0,0.0,0.0,0.0,0.0,0.0,0.0,0.0,0.0,0.0,0.0,0.0,0.0,0.0,0.0,0.0,0.0,0.0,0.0,0.0,0.0,36
1509_35_Dimethylisoxazole.xyz,175.57255637838267,48.59933635653344,39.84448657733578,22.93367886903695,20.332029572861202,5.912604957682969,4.149818711388798,-0.059548558480039045,-0.06689930851946527,-0.07336680089903587,-0.0755550596247832,-0.5406758584814235,-0.8934955177337035,-0.9690422027153031,0.0,0.0,0.0,0.0,0.0,0.0,0.0,0.0,0.0,0.0,0.0,0.0,0.0,0.0,0.0,0.0,0.0,0.0,0.0,0.0,0.0,0.0,0.0,0.0,0.0,0.0,0.0,0.0,0.0,0.0,0.0,0.0,0.0,0.0,0.0,0.0,0.0,0.0,0.0,0.0,0.0,0.0,38
1510_2_Ethyl_2_oxazoline.xyz,172.40103472872005,47.42435889502732,43.37887178838138,27.28279195249102,14.465769979737912,9.757356624672058,4.0947032879749035,0.0228592743085694,-0.009104034434410817,-0.07133415603078554,-0.13658423990045745,-0.14621895818803507,-0.42113867942078465,-0.5625110722612464,-0.8351013010490762,-0.9798259732603948,0.0,0.0,0.0,0.0,0.0,0.0,0.0,0.0,0.0,0.0,0.0,0.0,0.0,0.0,0.0,0.0,0.0,0.0,0.0,0.0,0.0,0.0,0.0,0.0,0.0,0.0,0.0,0.0,0.0,0.0,0.0,0.0,0.0,0.0,0.0,0.0,0.0,0.0,0.0,0.0,40
1511_Pentanamide.xyz,156.83763356826864,64.51317863704213,38.25424917382862,30.270713177644225,15.935931145363154,10.234798118152373,4.74342511021727,0.11249993517282691,-0.06414228028408588,-0.0689964335304753,-0.10556414046765754,-0.14264079766260948,-0.16919507426435404,-0.37423484602322077,-0.5771694921736571,-0.7674139237816072,-0.938299238071694,-1.0288445226617577,0.0,0.0,0.0,0.0,0.0,0.0,0.0,0.0,0.0,0.0,0.0,0.0,0.0,0.0,0.0,0.0,0.0,0.0,0.0,0.0,0.0,0.0,0.0,0.0,0.0,0.0,0.0,0.0,0.0,0.0,0.0,0.0,0.0,0.0,0.0,0.0,0.0,0.0,42
1512_2_Methyl_3_hydroxypyridine.xyz,178.68838586614447,63.004335202720554,44.34347368175055,28.99918244209539,20.974709645118526,9.21163369149736,7.4847662061759355,1.987765414863303,-0.06948213378747761,-0.06960866830351994,-0.172099612402938,-0.43928721453194713,-0.5118584468553314,-0.8347212814228108,-1.0731614768681426,0.0,0.0,0.0,0.0,0.0,0.0,0.0,0.0,0.0,0.0,0.0,0.0,0.0,0.0,0.0,0.0,0.0,0.0,0.0,0.0,0.0,0.0,0.0,0.0,0.0,0.0,0.0,0.0,0.0,0.0,0.0,0.0,0.0,0.0,0.0,0.0,0.0,0.0,0.0,0.0,0.0,42
1513_2_Methyl_4_hydroxypyridine.xyz,176.39674676805592,67.96256614724774,41.309756236902125,28.333048713659444,22.25213979426784,8.972667310303754,7.192444302818785,2.3643852997185357,-0.06826318641898879,-0.06867780875938344,-0.25085558177407835,-0.44402031632699396,-0.544629945158555,-0.8153059184049349,-1.0679684999373422,0.0,0.0,0.0,0.0,0.0,0.0,0.0,0.0,0.0,0.0,0.0,0.0,0.0,0.0,0.0,0.0,0.0,0.0,0.0,0.0,0.0,0.0,0.0,0.0,0.0,0.0,0.0,0.0,0.0,0.0,0.0,0.0,0.0,0.0,0.0,0.0,0.0,0.0,0.0,0.0,0.0,42
1514_2_Methyl_5_hydroxypyridine.xyz,176.30753411957338,67.73971652259783,39.518049776080154,32.85821107428186,19.07384438258796,10.124649102503794,6.88877714623612,2.26759966407319,-0.06318014546022942,-0.06839709491162103,-0.2784446844001684,-0.43049885652458697,-0.5408360329870564,-0.8016766741063095,-1.0713149833503692,0.0,0.0,0.0,0.0,0.0,0.0,0.0,0.0,0.0,0.0,0.0,0.0,0.0,0.0,0.0,0.0,0.0,0.0,0.0,0.0,0.0,0.0,0.0,0.0,0.0,0.0,0.0,0.0,0.0,0.0,0.0,0.0,0.0,0.0,0.0,0.0,0.0,0.0,0.0,0.0,0.0,42
1515_2_Methyl_6_hydroxypyridine.xyz,178.82277774215896,62.53515734576947,43.66104050251334,29.86015377040973,21.484763401919217,9.248641923711325,6.893742129194284,2.2246976092090827,-0.06138860811797358,-0.06839065848007606,-0.19356514168159109,-0.4295126463710432,-0.5308993379868167,-0.827220503405198,-1.0959642126485922,0.0,0.0,0.0,0.0,0.0,0.0,0.0,0.0,0.0,0.0,0.0,0.0,0.0,0.0,0.0,0.0,0.0,0.0,0.0,0.0,0.0,0.0,0.0,0.0,0.0,0.0,0.0,0.0,0.0,0.0,0.0,0.0,0.0,0.0,0.0,0.0,0.0,0.0,0.0,0.0,0.0,42
1516_Hexanamide.xyz,161.62916199465957,73.54655581897532,38.830301321028614,36.90886575942643,21.126796362358114,12.903189212940301,9.667295558901706,4.738893913441128,0.14583582189916688,-0.03870454697038581,-0.06900843414249923,-0.0882978774681384,-0.12237883561944407,-0.16230694343158988,-0.17329417702852715,-0.3391422409896158,-0.519757805199696,-0.6530693650092789,-0.8194314354719957,-0.9590454789886219,-1.0284253071165073,0.0,0.0,0.0,0.0,0.0,0.0,0.0,0.0,0.0,0.0,0.0,0.0,0.0,0.0,0.0,0.0,0.0,0.0,0.0,0.0,0.0,0.0,0.0,0.0,0.0,0.0,0.0,0.0,0.0,0.0,0.0,0.0,0.0,0.0,0.0,48
1517_2_Amino_246_cycloheptatriene_1_one.xyz,184.66407493664545,66.15920749590603,54.01157070104356,33.62425583620507,24.176537984088096,11.64488167571798,11.299265589591888,3.807168803884351,2.4827431774803346,-0.060021278132579375,-0.10953854434014428,-0.2546896692166993,-0.4061478456357719,-0.6830214511797653,-0.9429279823252217,-1.0312209141125084,0.0,0.0,0.0,0.0,0.0,0.0,0.0,0.0,0.0,0.0,0.0,0.0,0.0,0.0,0.0,0.0,0.0,0.0,0.0,0.0,0.0,0.0,0.0,0.0,0.0,0.0,0.0,0.0,0.0,0.0,0.0,0.0,0.0,0.0,0.0,0.0,0.0,0.0,0.0,0.0,46
1518_Glycine.xyz,159.66155054774907,53.01614630430414,45.02284757412084,16.511865060016397,4.493545009102726,-0.0187298757554132,-0.17490029864058557,-0.45791200305062485,-0.5645771166374048,-0.8815279629087845,0.0,0.0,0.0,0.0,0.0,0.0,0.0,0.0,0.0,0.0,0.0,0.0,0.0,0.0,0.0,0.0,0.0,0.0,0.0,0.0,0.0,0.0,0.0,0.0,0.0,0.0,0.0,0.0,0.0,0.0,0.0,0.0,0.0,0.0,0.0,0.0,0.0,0.0,0.0,0.0,0.0,0.0,0.0,0.0,0.0,0.0,30
1519_1_Nitrobutane.xyz,180.69870709528232,67.76162075171644,43.99661775604431,30.441588173359698,16.09568836229777,10.434668988843304,6.042823590038418,0.11085437122291421,-0.06928626792695448,-0.08166921640575822,-0.14162387920772665,-0.16331021956415948,-0.37848048724960015,-0.5898907984749874,-0.8215108979047506,-1.0122796849189035,0.0,0.0,0.0,0.0,0.0,0.0,0.0,0.0,0.0,0.0,0.0,0.0,0.0,0.0,0.0,0.0,0.0,0.0,0.0,0.0,0.0,0.0,0.0,0.0,0.0,0.0,0.0,0.0,0.0,0.0,0.0,0.0,0.0,0.0,0.0,0.0,0.0,0.0,0.0,0.0,42
1520_2_Nitrobutane.xyz,188.09032086238318,56.315061441442396,44.05157347290907,33.5747177198083,16.822307374260618,11.286427391756915,5.307803241017898,0.03322756780616192,-0.06563675637686225,-0.07580826651904257,-0.08048561431138833,-0.15810065144234542,-0.329542324240807,-0.5622299153418024,-0.8756873633938895,-1.009430542606062,0.0,0.0,0.0,0.0,0.0,0.0,0.0,0.0,0.0,0.0,0.0,0.0,0.0,0.0,0.0,0.0,0.0,0.0,0.0,0.0,0.0,0.0,0.0,0.0,0.0,0.0,0.0,0.0,0.0,0.0,0.0,0.0,0.0,0.0,0.0,0.0,0.0,0.0,0.0,0.0,42
1521_Ethyl_nitrate.xyz,197.73662643440025,61.083365124946866,44.42041993877863,31.154362984245452,12.1103169669763,5.314158022653113,0.008378193552404812,-0.07051116188958909,-0.13549343445486067,-0.519168218709104,-0.9774528923887503,0.0,0.0,0.0,0.0,0.0,0.0,0.0,0.0,0.0,0.0,0.0,0.0,0.0,0.0,0.0,0.0,0.0,0.0,0.0,0.0,0.0,0.0,0.0,0.0,0.0,0.0,0.0,0.0,0.0,0.0,0.0,0.0,0.0,0.0,0.0,0.0,0.0,0.0,0.0,0.0,0.0,0.0,0.0,0.0,0.0,36
1522_Propyl_nitrate.xyz,202.5453129437439,68.71610292396271,44.46811315310765,40.848664027667304,18.048044516287653,10.446165429791211,5.310518639437672,0.07328469711979212,-0.07120612569177376,-0.1297377618360953,-0.14072901859521483,-0.41376275127197515,-0.7204368123380186,-0.9972267038483049,0.0,0.0,0.0,0.0,0.0,0.0,0.0,0.0,0.0,0.0,0.0,0.0,0.0,0.0,0.0,0.0,0.0,0.0,0.0,0.0,0.0,0.0,0.0,0.0,0.0,0.0,0.0,0.0,0.0,0.0,0.0,0.0,0.0,0.0,0.0,0.0,0.0,0.0,0.0,0.0,0.0,0.0,42
1523_2_Nitrofuran.xyz,214.43756041414747,82.94126470207816,46.31641223386191,35.4563540158153,25.762497249988876,10.670358044317865,6.215330685896758,2.6118285240501287,-0.19103673652376074,-0.5222601119453391,-0.8570966647248246,0.0,0.0,0.0,0.0,0.0,0.0,0.0,0.0,0.0,0.0,0.0,0.0,0.0,0.0,0.0,0.0,0.0,0.0,0.0,0.0,0.0,0.0,0.0,0.0,0.0,0.0,0.0,0.0,0.0,0.0,0.0,0.0,0.0,0.0,0.0,0.0,0.0,0.0,0.0,0.0,0.0,0.0,0.0,0.0,0.0,42
1524_5Methyl12oxazol3amine.xyz,180.8174569964914,56.35668850061314,40.28072998000234,24.90770944219958,21.12238686792303,5.775025987852068,4.000124638050304,-0.06636180966890413,-0.06994803918835527,-0.10894281128485507,-0.5351588155232091,-0.8509197425556203,-0.962260877740632,0.0,0.0,0.0,0.0,0.0,0.0,0.0,0.0,0.0,0.0,0.0,0.0,0.0,0.0,0.0,0.0,0.0,0.0,0.0,0.0,0.0,0.0,0.0,0.0,0.0,0.0,0.0,0.0,0.0,0.0,0.0,0.0,0.0,0.0,0.0,0.0,0.0,0.0,0.0,0.0,0.0,0.0,0.0,38
1525_Dimethylfurazan.xyz,184.4242154152302,49.45847708787979,44.54972713105558,23.526813183486368,19.459316344305513,8.19270602314072,3.1519911767569337,-0.020984880789360408,-0.04608637832468495,-0.1000099804954299,-0.11223751084880688,-0.8381676758447404,-0.9792296183818262,0.0,0.0,0.0,0.0,0.0,0.0,0.0,0.0,0.0,0.0,0.0,0.0,0.0,0.0,0.0,0.0,0.0,0.0,0.0,0.0,0.0,0.0,0.0,0.0,0.0,0.0,0.0,0.0,0.0,0.0,0.0,0.0,0.0,0.0,0.0,0.0,0.0,0.0,0.0,0.0,0.0,0.0,0.0,38
1526_Dimethyl12oxazol5amine.xyz,190.3630743354123,53.954771981856275,49.54460771956179,30.751108758104753,21.02975840281332,17.587224341119438,5.757793593674937,2.5860353742585622,-0.019292873530643784,-0.03817862606278969,-0.08127697218784076,-0.10968642016650607,-0.14572849844027122,-0.7834225677617123,-0.8688708896287,-1.003282142426826,0.0,0.0,0.0,0.0,0.0,0.0,0.0,0.0,0.0,0.0,0.0,0.0,0.0,0.0,0.0,0.0,0.0,0.0,0.0,0.0,0.0,0.0,0.0,0.0,0.0,0.0,0.0,0.0,0.0,0.0,0.0,0.0,0.0,0.0,0.0,0.0,0.0,0.0,0.0,0.0,44
1527_1_Nitrosopiperidine.xyz,186.13818386041004,70.21983804488747,37.75900716847194,34.38962083442335,16.980286433556223,12.258107924087092,9.739783388075349,5.640318320078692,0.06278265123603038,-0.07869523134739013,-0.09275612220994425,-0.11321182827866896,-0.1462768170808032,-0.29170396111639224,-0.4708274141541564,-0.6646111023716548,-0.7786295924997731,-1.0265810395714259,0.0,0.0,0.0,0.0,0.0,0.0,0.0,0.0,0.0,0.0,0.0,0.0,0.0,0.0,0.0,0.0,0.0,0.0,0.0,0.0,0.0,0.0,0.0,0.0,0.0,0.0,0.0,0.0,0.0,0.0,0.0,0.0,0.0,0.0,0.0,0.0,0.0,0.0,46
1528_213_Benzoxadiazole.xyz,202.89848317304575,71.69640064370219,45.48643748148978,30.061559446832074,27.05750300442265,12.204905533340796,7.209595489036599,6.956564659937791,1.9245412088407876,-0.12635826075496112,-0.344061589024101,-0.5750945149651947,-1.067735559882097,0.0,0.0,0.0,0.0,0.0,0.0,0.0,0.0,0.0,0.0,0.0,0.0,0.0,0.0,0.0,0.0,0.0,0.0,0.0,0.0,0.0,0.0,0.0,0.0,0.0,0.0,0.0,0.0,0.0,0.0,0.0,0.0,0.0,0.0,0.0,0.0,0.0,0.0,0.0,0.0,0.0,0.0,0.0,44
1529_N_nitrodimethylamine.xyz,191.13927727860673,53.0414710572089,45.37576339764711,23.01294507715234,15.615305122367106,4.348329369357795,0.00027502324381996124,-0.04080956267710274,-0.09964372568390997,-0.14176151793186345,-0.8250949231749078,-0.9590419579874903,0.0,0.0,0.0,0.0,0.0,0.0,0.0,0.0,0.0,0.0,0.0,0.0,0.0,0.0,0.0,0.0,0.0,0.0,0.0,0.0,0.0,0.0,0.0,0.0,0.0,0.0,0.0,0.0,0.0,0.0,0.0,0.0,0.0,0.0,0.0,0.0,0.0,0.0,0.0,0.0,0.0,0.0,0.0,0.0,36
1530_Dimethylfurazan_monoxide.xyz,209.66468092407888,65.91931976995701,50.02316676798787,32.12917072398102,20.53091890160908,18.88827547256964,6.598844253776418,2.536758272867445,-0.021754524230739092,-0.04814015766764306,-0.101012627566515,-0.10973471928575912,-0.8380964608931423,-0.9891715602033591,0.0,0.0,0.0,0.0,0.0,0.0,0.0,0.0,0.0,0.0,0.0,0.0,0.0,0.0,0.0,0.0,0.0,0.0,0.0,0.0,0.0,0.0,0.0,0.0,0.0,0.0,0.0,0.0,0.0,0.0,0.0,0.0,0.0,0.0,0.0,0.0,0.0,0.0,0.0,0.0,0.0,0.0,44
1531_1_Nitropiperidine.xyz,216.2134828825354,73.95648033724436,46.46432483557059,37.463481729129924,32.68830826871393,14.911175154028262,12.2035798695602,8.602646848355157,4.14949286001543,0.05091377174955813,-0.08375819746009035,-0.09144974993315626,-0.11649941066713938,-0.1457700255171143,-0.29326794587238264,-0.47891601227854397,-0.6513400214230319,-0.7836095569103962,-1.017945400434594,0.0,0.0,0.0,0.0,0.0,0.0,0.0,0.0,0.0,0.0,0.0,0.0,0.0,0.0,0.0,0.0,0.0,0.0,0.0,0.0,0.0,0.0,0.0,0.0,0.0,0.0,0.0,0.0,0.0,0.0,0.0,0.0,0.0,0.0,0.0,0.0,0.0,52
1532_45_Dihydro_3_nitro_isoxazole.xyz,216.57556858502207,90.50569155813848,45.7584756723332,33.20852501675897,31.446745678135066,10.70497859580861,10.368055792843492,2.7383691960813485,0.01592415192066989,-0.14429831477540236,-0.47033625989756184,-0.8658851150042993,0.0,0.0,0.0,0.0,0.0,0.0,0.0,0.0,0.0,0.0,0.0,0.0,0.0,0.0,0.0,0.0,0.0,0.0,0.0,0.0,0.0,0.0,0.0,0.0,0.0,0.0,0.0,0.0,0.0,0.0,0.0,0.0,0.0,0.0,0.0,0.0,0.0,0.0,0.0,0.0,0.0,0.0,0.0,0.0,44
1533_11_Dinitropropane.xyz,238.87141214782878,93.16942825109612,51.82885964739928,44.156729788777184,41.62378833222952,23.097288365714082,11.971109229217017,7.518901869017036,4.316168001769856,-0.005116425227242973,-0.07344995949537866,-0.13833277573496824,-0.3857691657507143,-0.6042958593404004,-0.9882121703252649,0.0,0.0,0.0,0.0,0.0,0.0,0.0,0.0,0.0,0.0,0.0,0.0,0.0,0.0,0.0,0.0,0.0,0.0,0.0,0.0,0.0,0.0,0.0,0.0,0.0,0.0,0.0,0.0,0.0,0.0,0.0,0.0,0.0,0.0,0.0,0.0,0.0,0.0,0.0,0.0,0.0,52
1534_22333_Pentafluoro_1_propanol.xyz,298.32334343610637,95.90754084740172,73.65321644465232,65.09288111465918,55.601243360026665,53.929157590680006,18.718406189715356,9.987565753859723,3.2899475972283225,-0.06767158808767203,-0.42776374092933017,-0.751357917884699,0.0,0.0,0.0,0.0,0.0,0.0,0.0,0.0,0.0,0.0,0.0,0.0,0.0,0.0,0.0,0.0,0.0,0.0,0.0,0.0,0.0,0.0,0.0,0.0,0.0,0.0,0.0,0.0,0.0,0.0,0.0,0.0,0.0,0.0,0.0,0.0,0.0,0.0,0.0,0.0,0.0,0.0,0.0,0.0,56
1535_Trifluoroethylene.xyz,202.67553886904187,81.39243969817679,59.811768021663156,19.87037934249743,3.6841386951682056,-0.6187549660914836,0.0,0.0,0.0,0.0,0.0,0.0,0.0,0.0,0.0,0.0,0.0,0.0,0.0,0.0,0.0,0.0,0.0,0.0,0.0,0.0,0.0,0.0,0.0,0.0,0.0,0.0,0.0,0.0,0.0,0.0,0.0,0.0,0.0,0.0,0.0,0.0,0.0,0.0,0.0,0.0,0.0,0.0,0.0,0.0,0.0,0.0,0.0,0.0,0.0,0.0,30
1536_1_Fluoro_3_trifluoromethylbenzene.xyz,266.2889237562209,118.314225786646,63.66098892313359,59.960787192436406,58.45631077919006,33.20079091657669,26.38919976434225,11.06114613857615,8.319162812215728,4.823003907330386,1.9282917804454216,-0.1827523851738656,-0.4597181095207995,-0.5257712597153459,-1.0954545912498932,0.0,0.0,0.0,0.0,0.0,0.0,0.0,0.0,0.0,0.0,0.0,0.0,0.0,0.0,0.0,0.0,0.0,0.0,0.0,0.0,0.0,0.0,0.0,0.0,0.0,0.0,0.0,0.0,0.0,0.0,0.0,0.0,0.0,0.0,0.0,0.0,0.0,0.0,0.0,0.0,0.0,60
1537_22_Difluorobiphenyl.xyz,248.25951039564325,103.16608649670604,71.69602493362112,62.47201830170904,40.16214251931541,30.137777661034104,28.511053124721368,23.05514994670011,10.686106085919969,8.421780137378347,7.923210951530432,6.959675168380849,2.9036175501926444,1.3082302095162763,-0.11239024026430479,-0.14830641908810746,-0.33954161508814984,-0.38664933118776346,-0.5486004408913331,-0.5667271554032105,-1.009929581084655,-1.1867767985142426,0.0,0.0,0.0,0.0,0.0,0.0,0.0,0.0,0.0,0.0,0.0,0.0,0.0,0.0,0.0,0.0,0.0,0.0,0.0,0.0,0.0,0.0,0.0,0.0,0.0,0.0,0.0,0.0,0.0,0.0,0.0,0.0,0.0,0.0,70
1538_44_Difluorobiphenyl.xyz,229.5390522911643,125.7217121906218,77.80757022999751,51.86798517492465,37.86797125419918,33.422324075587014,29.96756210392777,20.73989790729505,10.115703758465598,9.553919310086489,9.1094307872112,5.547319785156815,2.870356522660742,1.6966500842997307,-0.20957018033373867,-0.22015134281811272,-0.2850374217197981,-0.3840000811939277,-0.5929899655668216,-0.6102300570249178,-0.9672199459179684,-1.1947945801752744,0.0,0.0,0.0,0.0,0.0,0.0,0.0,0.0,0.0,0.0,0.0,0.0,0.0,0.0,0.0,0.0,0.0,0.0,0.0,0.0,0.0,0.0,0.0,0.0,0.0,0.0,0.0,0.0,0.0,0.0,0.0,0.0,0.0,0.0,70
1539_1_Chloropropane.xyz,463.4822315397392,67.79641240751445,23.21529442103604,10.691914366122733,0.023819662485634236,-0.04308559139465643,-0.10916014662300043,-0.13802036609305637,-0.3829371538685293,-0.6815723149058384,-0.986195244862974,0.0,0.0,0.0,0.0,0.0,0.0,0.0,0.0,0.0,0.0,0.0,0.0,0.0,0.0,0.0,0.0,0.0,0.0,0.0,0.0,0.0,0.0,0.0,0.0,0.0,0.0,0.0,0.0,0.0,0.0,0.0,0.0,0.0,0.0,0.0,0.0,0.0,0.0,0.0,0.0,0.0,0.0,0.0,0.0,0.0,26
1540_1_Chlorobutane.xyz,465.09901069226726,81.19293945627444,32.17613377265877,15.564165634144972,9.719181283774658,0.07914778189192723,-0.06343176598432158,-0.0755254606509687,-0.13586866082406118,-0.14354620424991768,-0.3545253757126637,-0.5443401957998154,-0.784709113790253,-1.0018250654241405,0.0,0.0,0.0,0.0,0.0,0.0,0.0,0.0,0.0,0.0,0.0,0.0,0.0,0.0,0.0,0.0,0.0,0.0,0.0,0.0,0.0,0.0,0.0,0.0,0.0,0.0,0.0,0.0,0.0,0.0,0.0,0.0,0.0,0.0,0.0,0.0,0.0,0.0,0.0,0.0,0.0,0.0,32
1541_2_Chloro_3_methylbutane.xyz,470.15051751135684,90.4979366016705,34.72559785827012,23.771512342348785,15.250662039097266,7.916670398276973,0.02784941902985909,-0.007865830151015349,-0.07109560507962015,-0.07682885478274591,-0.12680120088453514,-0.15480252623350052,-0.25305636721168434,-0.39724785739793256,-0.8105163432153871,-0.8620990225328549,-0.995520584559281,0.0,0.0,0.0,0.0,0.0,0.0,0.0,0.0,0.0,0.0,0.0,0.0,0.0,0.0,0.0,0.0,0.0,0.0,0.0,0.0,0.0,0.0,0.0,0.0,0.0,0.0,0.0,0.0,0.0,0.0,0.0,0.0,0.0,0.0,0.0,0.0,0.0,0.0,0.0,38
1542_2_Chloro_2_methylbutane.xyz,472.1641298421546,87.38087532633972,35.47091983315185,24.198693465704782,15.435722123829136,7.634283750343869,0.06102111591741494,-0.00998019502194119,-0.04015039576723301,-0.07422608877985794,-0.1267570169949322,-0.14762800418955144,-0.16508184406586332,-0.5178039273894386,-0.8161785132686802,-0.8676075656523216,-0.9953199283095039,0.0,0.0,0.0,0.0,0.0,0.0,0.0,0.0,0.0,0.0,0.0,0.0,0.0,0.0,0.0,0.0,0.0,0.0,0.0,0.0,0.0,0.0,0.0,0.0,0.0,0.0,0.0,0.0,0.0,0.0,0.0,0.0,0.0,0.0,0.0,0.0,0.0,0.0,0.0,38
1543_2_Chlorohexane.xyz,470.7359501600333,97.10972038469623,48.43488978558729,28.286009506991473,16.465883766933647,10.863692511882617,8.970114805452724,0.13324650263581506,-0.027989735260372756,-0.06789248008348081,-0.06903969513378393,-0.11638935726565816,-0.13916094971949364,-0.17633919587965255,-0.268248174947087,-0.4118664714871038,-0.5848661376667411,-0.7773395497733473,-0.907075740662163,-1.0102827589066299,0.0,0.0,0.0,0.0,0.0,0.0,0.0,0.0,0.0,0.0,0.0,0.0,0.0,0.0,0.0,0.0,0.0,0.0,0.0,0.0,0.0,0.0,0.0,0.0,0.0,0.0,0.0,0.0,0.0,0.0,0.0,0.0,0.0,0.0,0.0,0.0,44
1544_1_Chlorododecane.xyz,467.68192293847983,144.5066490212867,81.73564935850811,56.44933044822777,40.41118699028068,29.779465799080903,22.216233216415052,16.945423326705797,13.318979176482861,11.019299386504038,9.75848511295378,9.229805738203906,9.19909391736044,0.24085690373849597,0.13838142724830746,0.03720184148780561,-0.047263394551568944,-0.06897014778855119,-0.10114653322016513,-0.10671030430575623,-0.12765748260081705,-0.1425414734548046,-0.16473234429469663,-0.17102449262301753,-0.19024300723676507,-0.1914440296159657,-0.23231914249755928,-0.3485599431457576,-0.4276543520519187,-0.4940581520692695,-0.548571281499558,-0.5998549629824732,-0.655920820057711,-0.7274706510117491,-0.8151020624916222,-0.9071285708994636,-0.982942532735476,-1.0250005478460666,0.0,0.0,0.0,0.0,0.0,0.0,0.0,0.0,0.0,0.0,0.0,0.0,0.0,0.0,0.0,0.0,0.0,0.0,80
1545_1_Chlorooctadecane.xyz,468.64523435846013,168.99401395340965,103.99208170412844,77.28802973406785,59.67166512132743,47.42884716028618,38.08779353709226,30.935153321180913,25.26323145361324,20.815241647142134,17.296964180247542,14.581927645405704,12.526051186396009,11.044310401568595,10.047394522456141,9.457140844213939,9.316226645414616,9.12313319584042,9.107990708764063,0.2632909654942074,0.19812414900367784,0.12502382784955043,0.054058467266261845,-0.009532508990663022,-0.06336892420782923,-0.06894514121522737,-0.0969685845902643,-0.1030341335445068,-0.11273452816574633,-0.12375281934700211,-0.1428484232709808,-0.1442977263098179,-0.16499697338817038,-0.16727932332110748,-0.1828640552058404,-0.1847065193400879,-0.19477097074541339,-0.19536593344820577,-0.2047329604276692,-0.295030921761811,-0.35794540230568095,-0.4132768361215004,-0.4598285839352867,-0.5013069481264983,-0.5376892159545898,-0.5716811068484486,-0.6048717269997819,-0.6410371292935025,-0.6829184808610758,-0.7331125197909396,-0.7911941102483669,-0.8540318359904538,-0.9155153807636434,-0.9687394490128102,-1.007214133730804,-1.0270558528260654,116
1546_13_Dichlorobutane.xyz,534.8845233313759,392.32182595802254,68.61629752894808,31.421282341527494,15.183928341243773,9.343172937228283,0.05355028733517052,-0.0682024887601932,-0.07885457192654143,-0.1573813945210488,-0.2869066893025452,-0.5075877912954807,-0.7795458396898406,-0.924909190737218,0.0,0.0,0.0,0.0,0.0,0.0,0.0,0.0,0.0,0.0,0.0,0.0,0.0,0.0,0.0,0.0,0.0,0.0,0.0,0.0,0.0,0.0,0.0,0.0,0.0,0.0,0.0,0.0,0.0,0.0,0.0,0.0,0.0,0.0,0.0,0.0,0.0,0.0,0.0,0.0,0.0,0.0,38
1547_1_Chloro_2_ethylbenzene.xyz,477.98512082787374,125.04345087711991,52.647587874238326,33.49556725213481,28.85638934324513,14.685405443516894,9.119051981073218,7.598611194612616,2.475835228288809,0.00034150744687801225,-0.051111203341202976,-0.13276958114726173,-0.14040687832103194,-0.343176849021831,-0.518091817855282,-0.5454525412700186,-0.9223995821195087,-1.094725500194561,0.0,0.0,0.0,0.0,0.0,0.0,0.0,0.0,0.0,0.0,0.0,0.0,0.0,0.0,0.0,0.0,0.0,0.0,0.0,0.0,0.0,0.0,0.0,0.0,0.0,0.0,0.0,0.0,0.0,0.0,0.0,0.0,0.0,0.0,0.0,0.0,0.0,0.0,48
1548_1_Chloro_4_ethylbenzene.xyz,474.4323581053518,130.1512473862343,49.94983457311434,35.69508586066716,27.812621769212054,14.450964612817437,9.5825592552109,7.28172691068686,2.6124413736412953,0.0018674998285841326,-0.056749261879826526,-0.13992638970181606,-0.25178403371872987,-0.2818170492266795,-0.5075597438622639,-0.6001762637317418,-0.886017785800792,-1.0874492425631144,0.0,0.0,0.0,0.0,0.0,0.0,0.0,0.0,0.0,0.0,0.0,0.0,0.0,0.0,0.0,0.0,0.0,0.0,0.0,0.0,0.0,0.0,0.0,0.0,0.0,0.0,0.0,0.0,0.0,0.0,0.0,0.0,0.0,0.0,0.0,0.0,0.0,0.0,48
1549_1234_Tetrachlorobenzene.xyz,713.9724346081929,429.3001758462879,374.706113560653,335.96146372979547,82.89824769008955,31.9359621722159,29.993016122603017,8.933668578700217,8.38043067807108,2.3126986931484113,-0.2530349811878778,-0.8150015785249475,0.0,0.0,0.0,0.0,0.0,0.0,0.0,0.0,0.0,0.0,0.0,0.0,0.0,0.0,0.0,0.0,0.0,0.0,0.0,0.0,0.0,0.0,0.0,0.0,0.0,0.0,0.0,0.0,0.0,0.0,0.0,0.0,0.0,0.0,0.0,0.0,0.0,0.0,0.0,0.0,0.0,0.0,0.0,0.0,54
1550_1235_Tetrachlorobenzene.xyz,696.9580834699406,416.6411836012033,399.60229312233884,342.92169934355286,80.66258393519206,32.05391738538944,30.00726277885034,8.856411455713351,8.390088036575275,2.3760880819065506,-0.4415324273892603,-0.7019036632291662,0.0,0.0,0.0,0.0,0.0,0.0,0.0,0.0,0.0,0.0,0.0,0.0,0.0,0.0,0.0,0.0,0.0,0.0,0.0,0.0,0.0,0.0,0.0,0.0,0.0,0.0,0.0,0.0,0.0,0.0,0.0,0.0,0.0,0.0,0.0,0.0,0.0,0.0,0.0,0.0,0.0,0.0,0.0,0.0,54
1551_1245_Tetrachlorobenzene.xyz,690.3362442718369,444.3632528247581,369.30815049762657,352.30013606951144,80.42618001460951,32.9264069888298,29.18128097250216,9.151808490002512,8.123053546177406,2.3406346833220293,-0.448679096149432,-0.6822941429832041,0.0,0.0,0.0,0.0,0.0,0.0,0.0,0.0,0.0,0.0,0.0,0.0,0.0,0.0,0.0,0.0,0.0,0.0,0.0,0.0,0.0,0.0,0.0,0.0,0.0,0.0,0.0,0.0,0.0,0.0,0.0,0.0,0.0,0.0,0.0,0.0,0.0,0.0,0.0,0.0,0.0,0.0,0.0,0.0,54
1552_Pentachlorobenzene.xyz,774.899762463262,445.87447087456525,406.3452990214653,351.2986017141255,333.372327508083,75.46329081224296,30.894390012902182,29.147258751365168,8.65044106952052,8.146851633568986,2.1083831660705177,-0.5805159262552908,0.0,0.0,0.0,0.0,0.0,0.0,0.0,0.0,0.0,0.0,0.0,0.0,0.0,0.0,0.0,0.0,0.0,0.0,0.0,0.0,0.0,0.0,0.0,0.0,0.0,0.0,0.0,0.0,0.0,0.0,0.0,0.0,0.0,0.0,0.0,0.0,0.0,0.0,0.0,0.0,0.0,0.0,0.0,0.0,60
1553_22_Dichlorobiphenyl.xyz,570.0825656785642,390.60827417023484,130.81724221025644,81.08566016997638,41.123294637811135,34.054940492674824,33.122304250604714,25.664995028635712,10.94260024851894,9.394182921199848,9.070494141899841,7.076064664313638,3.3093937916891276,1.6688148030136425,-0.09811559574960795,-0.1462877993449502,-0.3277849085721964,-0.3593709383860015,-0.5342488031554963,-0.5619255580535789,-0.9875429695607201,-1.119516281714997,0.0,0.0,0.0,0.0,0.0,0.0,0.0,0.0,0.0,0.0,0.0,0.0,0.0,0.0,0.0,0.0,0.0,0.0,0.0,0.0,0.0,0.0,0.0,0.0,0.0,0.0,0.0,0.0,0.0,0.0,0.0,0.0,0.0,0.0,70
1554_44_Dichlorobiphenyl.xyz,519.6913966496263,431.93943391299615,148.19677878576732,73.05248757749547,37.89333717216774,37.879710919126794,33.41013599454719,24.354748927484316,10.817538864390395,10.111204400766823,9.098088443514248,6.586563148444734,3.333618968595753,1.8023030202906103,-0.19382319450737243,-0.20887633958923196,-0.28526614868838873,-0.3527863913399358,-0.59330077088267,-0.6107773170800458,-0.9002526718654792,-1.136229596405705,0.0,0.0,0.0,0.0,0.0,0.0,0.0,0.0,0.0,0.0,0.0,0.0,0.0,0.0,0.0,0.0,0.0,0.0,0.0,0.0,0.0,0.0,0.0,0.0,0.0,0.0,0.0,0.0,0.0,0.0,0.0,0.0,0.0,0.0,70
1555_1_Bromopropane.xyz,2547.9128566277404,73.35869510202862,23.709989514505,10.820149850084565,0.024489855685382214,-0.04168289833454022,-0.1087663649748537,-0.13819448373076598,-0.3838261460853963,-0.680170320365463,-0.9863874765031405,0.0,0.0,0.0,0.0,0.0,0.0,0.0,0.0,0.0,0.0,0.0,0.0,0.0,0.0,0.0,0.0,0.0,0.0,0.0,0.0,0.0,0.0,0.0,0.0,0.0,0.0,0.0,0.0,0.0,0.0,0.0,0.0,0.0,0.0,0.0,0.0,0.0,0.0,0.0,0.0,0.0,0.0,0.0,0.0,0.0,26
1556_12_Dibromobutane.xyz,2887.9020288496054,2208.7513066271945,78.49031430881489,32.85083115947887,15.752244589906118,9.22179204369841,0.03125695829683707,-0.06596275103496621,-0.07515407961896134,-0.14618632111333993,-0.2673320438627476,-0.5234951975192902,-0.689923094199096,-0.973624928398256,0.0,0.0,0.0,0.0,0.0,0.0,0.0,0.0,0.0,0.0,0.0,0.0,0.0,0.0,0.0,0.0,0.0,0.0,0.0,0.0,0.0,0.0,0.0,0.0,0.0,0.0,0.0,0.0,0.0,0.0,0.0,0.0,0.0,0.0,0.0,0.0,0.0,0.0,0.0,0.0,0.0,0.0,38
1557_12_Dibromoheptane.xyz,2890.590973652297,2208.787715852254,108.67982682675256,54.234893537957625,33.382867592137515,20.639770856980327,13.505795056540316,9.94202300720106,8.890265213506536,0.15658683808130242,-0.021195874742809737,-0.06905503226277866,-0.07781108104548923,-0.12090567862064157,-0.15963796321212081,-0.17317063531678004,-0.246706960156297,-0.36801073036009974,-0.5196373988241654,-0.6287927755996552,-0.7090131914007429,-0.8717619366026759,-1.012607456040234,0.0,0.0,0.0,0.0,0.0,0.0,0.0,0.0,0.0,0.0,0.0,0.0,0.0,0.0,0.0,0.0,0.0,0.0,0.0,0.0,0.0,0.0,0.0,0.0,0.0,0.0,0.0,0.0,0.0,0.0,0.0,0.0,0.0,56
1558_23_Dibromobutane.xyz,2890.693310944452,2207.2205845597277,76.2224226662566,33.90545625846259,15.927225921536408,8.979396300382234,-0.004158446456579588,-0.060547564970898124,-0.07387601826463344,-0.07936063696075168,-0.25151227194288805,-0.43303282194028986,-0.8542002110914035,-0.9336125579424672,0.0,0.0,0.0,0.0,0.0,0.0,0.0,0.0,0.0,0.0,0.0,0.0,0.0,0.0,0.0,0.0,0.0,0.0,0.0,0.0,0.0,0.0,0.0,0.0,0.0,0.0,0.0,0.0,0.0,0.0,0.0,0.0,0.0,0.0,0.0,0.0,0.0,0.0,0.0,0.0,0.0,0.0,38
1559_12_Dibromo_2_methylpropane.xyz,2893.3914611674336,2204.0256367172296,79.97750957640896,24.319779414239534,22.747607077602954,8.496847055649313,0.04370308281914103,-0.026488387615960327,-0.09217228053764441,-0.13205009446499846,-0.14113724524496868,-0.6222289671361947,-0.8178107501694423,-0.912560244970068,0.0,0.0,0.0,0.0,0.0,0.0,0.0,0.0,0.0,0.0,0.0,0.0,0.0,0.0,0.0,0.0,0.0,0.0,0.0,0.0,0.0,0.0,0.0,0.0,0.0,0.0,0.0,0.0,0.0,0.0,0.0,0.0,0.0,0.0,0.0,0.0,0.0,0.0,0.0,0.0,0.0,0.0,38
1560_23_Dibromo_2_methylbutane.xyz,2897.089614772153,2203.770753249676,88.82379635581776,35.202229180687596,23.843349863543256,15.212474484889892,7.556176747218754,0.01873824297317802,-0.0024615019738523846,-0.0653151841782241,-0.07610002677975412,-0.12910106727604292,-0.16021991364089055,-0.35157594168221923,-0.8183591673549201,-0.8506460881720037,-0.9471526852310055,0.0,0.0,0.0,0.0,0.0,0.0,0.0,0.0,0.0,0.0,0.0,0.0,0.0,0.0,0.0,0.0,0.0,0.0,0.0,0.0,0.0,0.0,0.0,0.0,0.0,0.0,0.0,0.0,0.0,0.0,0.0,0.0,0.0,0.0,0.0,0.0,0.0,0.0,0.0,44
1561_14_Dibromobutane.xyz,2756.941392389398,2338.77661154017,80.6890645415179,31.612557739854445,15.181061365552443,9.812692839166186,0.08260540086712256,-0.06878062214284748,-0.13438976967499572,-0.14222638784478336,-0.3506216348139678,-0.5215014813438074,-0.6986881545557612,-0.9216816449051884,0.0,0.0,0.0,0.0,0.0,0.0,0.0,0.0,0.0,0.0,0.0,0.0,0.0,0.0,0.0,0.0,0.0,0.0,0.0,0.0,0.0,0.0,0.0,0.0,0.0,0.0,0.0,0.0,0.0,0.0,0.0,0.0,0.0,0.0,0.0,0.0,0.0,0.0,0.0,0.0,0.0,0.0,38
1562_1E_1_bromoprop_1_ene.xyz,2547.7033298681386,75.77071058331526,23.018752217710546,7.864745564859444,-0.06573941027105229,-0.06790547408427937,-0.24745345264166851,-0.5295943217434643,-0.9596923152345548,0.0,0.0,0.0,0.0,0.0,0.0,0.0,0.0,0.0,0.0,0.0,0.0,0.0,0.0,0.0,0.0,0.0,0.0,0.0,0.0,0.0,0.0,0.0,0.0,0.0,0.0,0.0,0.0,0.0,0.0,0.0,0.0,0.0,0.0,0.0,0.0,0.0,0.0,0.0,0.0,0.0,0.0,0.0,0.0,0.0,0.0,0.0,24
1563_12_Dibromocyclohexane.xyz,2826.2221055476884,2276.8276729435584,105.2649456396164,35.01820108688398,34.12914891516037,12.170065632371976,12.07329120036919,6.813325519107875,0.03201330733668856,-0.07735835987448145,-0.09836876341604646,-0.12966564889501592,-0.17794177063861502,-0.3687677674210622,-0.3691141470125108,-0.6202021981892443,-0.7431471018885492,-0.9918975146599703,0.0,0.0,0.0,0.0,0.0,0.0,0.0,0.0,0.0,0.0,0.0,0.0,0.0,0.0,0.0,0.0,0.0,0.0,0.0,0.0,0.0,0.0,0.0,0.0,0.0,0.0,0.0,0.0,0.0,0.0,0.0,0.0,0.0,0.0,0.0,0.0,0.0,0.0,48
1564_12_Dibromocycloheptane.xyz,2884.1159191313272,2219.2676257288863,115.62077047123859,41.29280149019362,38.952058746243274,16.258560477771525,16.03419788488541,8.137089857238253,7.378481509451751,0.054341249427984635,-0.0425594663909689,-0.07441851531781755,-0.12122197893673502,-0.15540342705287505,-0.18143562580565742,-0.3433190221965579,-0.3918324384007279,-0.5268040339588568,-0.621619977972884,-0.8512055326415061,-0.9696148084674172,0.0,0.0,0.0,0.0,0.0,0.0,0.0,0.0,0.0,0.0,0.0,0.0,0.0,0.0,0.0,0.0,0.0,0.0,0.0,0.0,0.0,0.0,0.0,0.0,0.0,0.0,0.0,0.0,0.0,0.0,0.0,0.0,0.0,0.0,0.0,54
1565_12_Dibromocyclooctane.xyz,2895.996544453078,2208.0085240713343,123.75203308938805,46.74680950489263,44.9364853888052,20.103973320907887,19.717924354334453,9.646048426591301,9.378905667466375,7.350242471913578,0.005041480231330799,-0.003862202986322795,-0.08330093230794008,-0.09869554359942874,-0.12461779861471643,-0.13249782479060973,-0.18448190446223411,-0.3193053515042509,-0.38168287236260484,-0.4927899975747284,-0.5599326592009484,-0.7326379158537115,-0.8390760363752324,-0.9991342703605015,0.0,0.0,0.0,0.0,0.0,0.0,0.0,0.0,0.0,0.0,0.0,0.0,0.0,0.0,0.0,0.0,0.0,0.0,0.0,0.0,0.0,0.0,0.0,0.0,0.0,0.0,0.0,0.0,0.0,0.0,0.0,0.0,60
1566_Bromomethylbenzene.xyz,2551.1723625216355,133.84858789629803,42.55313479906734,35.592106226447854,20.376790456908555,9.65679885245178,8.108810430423313,2.8745523803173256,-0.056554833703813985,-0.1000059140873703,-0.25694178749540814,-0.45205601354791763,-0.5978702374169745,-0.6571108045673106,-1.1430299149779697,0.0,0.0,0.0,0.0,0.0,0.0,0.0,0.0,0.0,0.0,0.0,0.0,0.0,0.0,0.0,0.0,0.0,0.0,0.0,0.0,0.0,0.0,0.0,0.0,0.0,0.0,0.0,0.0,0.0,0.0,0.0,0.0,0.0,0.0,0.0,0.0,0.0,0.0,0.0,0.0,0.0,42
1567_1_Chloro_11333_pentafluoropropane.xyz,510.28009053567973,218.8458072048004,101.2239119440679,66.49625134386119,58.974287666467674,53.60500840904944,26.939524814092728,7.6861200001176835,4.79280264430517,-0.07733528786589973,-0.7322689260859727,0.0,0.0,0.0,0.0,0.0,0.0,0.0,0.0,0.0,0.0,0.0,0.0,0.0,0.0,0.0,0.0,0.0,0.0,0.0,0.0,0.0,0.0,0.0,0.0,0.0,0.0,0.0,0.0,0.0,0.0,0.0,0.0,0.0,0.0,0.0,0.0,0.0,0.0,0.0,0.0,0.0,0.0,0.0,0.0,0.0,56
1568_33_Dichloro_111_trifluoropropane.xyz,594.9623284753293,351.51477484642066,182.68593469620646,60.29700560636629,59.63981836949084,35.629239627508994,13.618133891142786,5.061370225353307,-0.07019589652459679,-0.3354299833328981,-0.7405930363346869,0.0,0.0,0.0,0.0,0.0,0.0,0.0,0.0,0.0,0.0,0.0,0.0,0.0,0.0,0.0,0.0,0.0,0.0,0.0,0.0,0.0,0.0,0.0,0.0,0.0,0.0,0.0,0.0,0.0,0.0,0.0,0.0,0.0,0.0,0.0,0.0,0.0,0.0,0.0,0.0,0.0,0.0,0.0,0.0,0.0,50
1569_111_Trifluoro_2_bromoethane.xyz,2557.562034898322,198.0110983432023,60.073665673912785,60.019183731885924,26.356096164013405,5.438362434998596,-0.06652014505681784,-0.6655737790502874,0.0,0.0,0.0,0.0,0.0,0.0,0.0,0.0,0.0,0.0,0.0,0.0,0.0,0.0,0.0,0.0,0.0,0.0,0.0,0.0,0.0,0.0,0.0,0.0,0.0,0.0,0.0,0.0,0.0,0.0,0.0,0.0,0.0,0.0,0.0,0.0,0.0,0.0,0.0,0.0,0.0,0.0,0.0,0.0,0.0,0.0,0.0,0.0,38
1570_1_Bromo_1122_tetrafluoroethane.xyz,2565.0686083738374,212.32882644039358,86.66510277819266,63.03705013832541,56.97219397485429,14.67105079662025,5.472714475849896,-0.4540999019792911,0.0,0.0,0.0,0.0,0.0,0.0,0.0,0.0,0.0,0.0,0.0,0.0,0.0,0.0,0.0,0.0,0.0,0.0,0.0,0.0,0.0,0.0,0.0,0.0,0.0,0.0,0.0,0.0,0.0,0.0,0.0,0.0,0.0,0.0,0.0,0.0,0.0,0.0,0.0,0.0,0.0,0.0,0.0,0.0,0.0,0.0,0.0,0.0,44
1571_112_Trifluoro_2_chloro_1_bromoethane.xyz,2575.5601438140447,465.2354233707533,156.11669982499973,74.6041365682376,59.62053335280009,18.010220066712144,6.280297643584682,-0.4047213380346259,0.0,0.0,0.0,0.0,0.0,0.0,0.0,0.0,0.0,0.0,0.0,0.0,0.0,0.0,0.0,0.0,0.0,0.0,0.0,0.0,0.0,0.0,0.0,0.0,0.0,0.0,0.0,0.0,0.0,0.0,0.0,0.0,0.0,0.0,0.0,0.0,0.0,0.0,0.0,0.0,0.0,0.0,0.0,0.0,0.0,0.0,0.0,0.0,44
1572_12_Dibromo_12_dichloroethane.xyz,2950.5536281900813,2188.2524177361893,504.95554060546084,357.7620398277156,37.94438874356282,12.374411106573932,-0.3046329583488878,-0.40713556709733084,0.0,0.0,0.0,0.0,0.0,0.0,0.0,0.0,0.0,0.0,0.0,0.0,0.0,0.0,0.0,0.0,0.0,0.0,0.0,0.0,0.0,0.0,0.0,0.0,0.0,0.0,0.0,0.0,0.0,0.0,0.0,0.0,0.0,0.0,0.0,0.0,0.0,0.0,0.0,0.0,0.0,0.0,0.0,0.0,0.0,0.0,0.0,0.0,38
1573_Adamantan_1_ol.xyz,206.45218951703458,67.0057730026806,41.745828602641254,41.720573186558326,28.460732861239144,19.281356023854105,19.269990951547133,9.537585259767932,9.524115162139674,8.143710923880967,4.937735739164543,0.004872719586120644,-0.002406184091527631,-0.0028760694168277886,-0.06760167502242694,-0.15578149927626755,-0.157070798674343,-0.15949271041947466,-0.2732417409554554,-0.27338871410974025,-0.4788622117327759,-0.6148786531734834,-0.616771964196407,-0.6829700585854962,-0.7373316795053765,-0.7395021715428718,-1.0245411053221647,0.0,0.0,0.0,0.0,0.0,0.0,0.0,0.0,0.0,0.0,0.0,0.0,0.0,0.0,0.0,0.0,0.0,0.0,0.0,0.0,0.0,0.0,0.0,0.0,0.0,0.0,0.0,0.0,0.0,62
1574_Adamantan_2_ol.xyz,206.66725335641524,65.72272216311558,41.845542851953205,41.69774980172293,31.626761627263928,19.297164345399782,16.791006568475098,9.54836683936957,9.507253490725908,8.595994949840044,4.7622117896170435,0.02129889098963287,-0.0023908042843773245,-0.0035979402594303327,-0.0857257829619545,-0.15651853097660923,-0.15814327082160662,-0.23396114825733205,-0.2673015554164672,-0.27370732163443096,-0.4173419380974075,-0.5716160510683821,-0.6174326959659626,-0.6933296852238315,-0.7388486082659634,-0.7392508715149231,-1.0264137560695523,0.0,0.0,0.0,0.0,0.0,0.0,0.0,0.0,0.0,0.0,0.0,0.0,0.0,0.0,0.0,0.0,0.0,0.0,0.0,0.0,0.0,0.0,0.0,0.0,0.0,0.0,0.0,0.0,0.0,62
1575_Adamantan_2_one.xyz,206.68022721993106,68.85068392185059,41.85559910372254,41.67642119888981,30.755232628296383,19.32369279010537,14.867169182386295,9.64553205546042,9.525393263324336,7.327604333267661,3.7603065204626147,-0.003280190101921386,-0.0037567730892279294,-0.04487097410726831,-0.07966352680436536,-0.15750216210985707,-0.15809430401085736,-0.27204553764516676,-0.2778723696916339,-0.3761040781700558,-0.615483961269466,-0.6820902663490528,-0.7354914919147765,-0.7386169109781036,-1.0252429573857167,0.0,0.0,0.0,0.0,0.0,0.0,0.0,0.0,0.0,0.0,0.0,0.0,0.0,0.0,0.0,0.0,0.0,0.0,0.0,0.0,0.0,0.0,0.0,0.0,0.0,0.0,0.0,0.0,0.0,0.0,0.0,60
1576_1_Acetyladamantane.xyz,220.7679376903024,82.80373096727057,42.71106560875525,41.76896193507844,36.87266310169524,28.066210961663106,19.31342947080231,18.989362654419434,11.304619206301053,9.51127486692713,9.445756746779407,6.043072477148566,3.759707526982898,0.03524639686489052,-0.0024469207061876244,-0.005371058324087399,-0.05682498361756753,-0.07391766803220744,-0.10658755381623741,-0.15778344049838908,-0.15958912255676264,-0.16978741495028857,-0.27418922824991754,-0.27614046841323775,-0.61654173411879,-0.6168362512843475,-0.6599214834760101,-0.7383343484907318,-0.7398124740383117,-0.8938563178520057,-1.0311420296440668,0.0,0.0,0.0,0.0,0.0,0.0,0.0,0.0,0.0,0.0,0.0,0.0,0.0,0.0,0.0,0.0,0.0,0.0,0.0,0.0,0.0,0.0,0.0,0.0,0.0,72
1577_Adamantane_1_carboxylic_acid.xyz,232.0426291274395,91.30358109191639,47.67251874236952,41.803746986055955,39.47493443818457,36.49273366197959,19.31450649724367,19.113833473012477,11.105829512248294,9.51677384540521,9.454576456033989,5.851400537534021,3.351604675652538,0.0024646079996356145,-0.0029175033679228234,-0.005662273717179112,-0.06410606088527596,-0.15726278700909974,-0.1572975980777064,-0.15899776754878922,-0.27201570978777617,-0.2738190615743002,-0.5030598484450289,-0.6137191521334859,-0.6187473750550176,-0.6986643713522103,-0.7368765802319978,-0.7416849216998919,-1.0237560088838609,0.0,0.0,0.0,0.0,0.0,0.0,0.0,0.0,0.0,0.0,0.0,0.0,0.0,0.0,0.0,0.0,0.0,0.0,0.0,0.0,0.0,0.0,0.0,0.0,0.0,0.0,0.0,72
1578_Adamantane_2_carboxylic_acid.xyz,232.17478181429965,90.55673184418293,48.27663911194443,41.859656000018056,38.76128276726537,37.41666422063179,19.582662345000184,19.249868713799867,10.264783067585642,9.513011718908919,9.497905767905468,5.6940497703692055,3.6977447025017796,0.0025423542197156083,-0.0023716633954103954,-0.016630176634233544,-0.08755313804793265,-0.15782462615105108,-0.15969625432395088,-0.2569626130222297,-0.2682455902264611,-0.27910285071048885,-0.4569847793022112,-0.5681949663576243,-0.616932068510866,-0.6968644272457379,-0.7377682678523019,-0.7411268938322226,-1.029519249714335,0.0,0.0,0.0,0.0,0.0,0.0,0.0,0.0,0.0,0.0,0.0,0.0,0.0,0.0,0.0,0.0,0.0,0.0,0.0,0.0,0.0,0.0,0.0,0.0,0.0,0.0,0.0,72
1579_Carbomethoxyadamantane.xyz,241.19481497386965,96.0801351661851,51.82753033290208,41.7839319201728,40.44986563759253,37.107756799494204,20.044790644217553,19.31000424862594,18.881302280848967,10.470057139190077,9.510345727223529,9.454029422018813,5.691589317400702,3.054618947739895,-0.00228798129203715,-0.0024300473349255455,-0.006891394031936655,-0.062082564772330415,-0.06564625843133254,-0.07675004043339398,-0.15798001655704227,-0.15875808735330446,-0.1592280842866204,-0.2737409389936282,-0.2741186265107279,-0.6165689622236167,-0.6171488869926621,-0.6759285420956755,-0.7397254314402396,-0.7402728759229831,-0.8785794091220854,-1.0219825769556832,0.0,0.0,0.0,0.0,0.0,0.0,0.0,0.0,0.0,0.0,0.0,0.0,0.0,0.0,0.0,0.0,0.0,0.0,0.0,0.0,0.0,0.0,0.0,0.0,78
1580_1_Aminoadamantane.xyz,199.3678638364458,57.4637694767182,41.743546350023884,41.72456139634636,25.68433343069824,19.2843539165352,19.256871499863106,9.526969417355351,9.511153054202573,8.221664739985547,4.981167831587342,0.027689609037956024,-0.0005459159060863185,-0.002354074574947109,-0.06598799777910111,-0.13049847577057463,-0.1568367601728347,-0.15912003368178948,-0.18037166838783442,-0.2723791659287374,-0.275122185164785,-0.6126628150874046,-0.6151512777789105,-0.6355461201895701,-0.7347609865134651,-0.7383574095654332,-0.747398317591055,-1.0270919606195728,0.0,0.0,0.0,0.0,0.0,0.0,0.0,0.0,0.0,0.0,0.0,0.0,0.0,0.0,0.0,0.0,0.0,0.0,0.0,0.0,0.0,0.0,0.0,0.0,0.0,0.0,0.0,0.0,62
1581_1_Cyanoadamantane.xyz,205.20722667427327,69.68693663879701,41.82745431513027,41.82552042796047,35.476089239528406,19.329009551424594,19.328719299175336,11.276691795429656,9.519158186553508,9.518710335005823,5.717863138897738,3.1173941172333217,-0.0027931677623754007,-0.00338177812581525,-0.0034379415198368558,-0.07211418604029679,-0.15781469890530034,-0.15782470831793755,-0.15784281743280412,-0.27384713459673105,-0.27385953630802257,-0.616768590236795,-0.6167911231424069,-0.6875635366208331,-0.74043271180096,-0.7404561181790627,-1.027981076906563,0.0,0.0,0.0,0.0,0.0,0.0,0.0,0.0,0.0,0.0,0.0,0.0,0.0,0.0,0.0,0.0,0.0,0.0,0.0,0.0,0.0,0.0,0.0,0.0,0.0,0.0,0.0,0.0,0.0,64
1582_2_Cyanoadamantane.xyz,205.5381758729933,68.57254275309242,41.88515350559465,41.84930264786726,36.5940749509133,19.720926901961786,19.304074929223628,10.35449556311315,9.526748104908389,9.519729141684953,5.683022779524757,3.318258052684072,0.004098928465807905,-0.0034843601697496147,-0.008207934575002025,-0.08794350866102948,-0.15773312243770157,-0.15831661493244142,-0.26115567830583164,-0.2738293634560916,-0.2759510479202653,-0.5235972350864243,-0.6160572065033875,-0.6947754161866744,-0.7394397658751739,-0.7397360417742559,-1.0325122426299038,0.0,0.0,0.0,0.0,0.0,0.0,0.0,0.0,0.0,0.0,0.0,0.0,0.0,0.0,0.0,0.0,0.0,0.0,0.0,0.0,0.0,0.0,0.0,0.0,0.0,0.0,0.0,0.0,0.0,64
1583_Adamantane_1_carboxamide.xyz,225.94245335882306,86.24236569248683,43.89006279795207,41.78870924714848,37.29605911939024,34.38943548775316,19.28802005678058,19.08360238842863,11.058909344024686,9.50288354291789,9.459852500125763,5.900848287597249,3.4949927176195272,-0.0007163210770922899,-0.002434227736847568,-0.009929754541268354,-0.05841107264962598,-0.09915997858552904,-0.15723517222975178,-0.15840360388906188,-0.15885632777957703,-0.27337963794018716,-0.2767511015337153,-0.6162464470139325,-0.616486387421243,-0.6578346007971255,-0.7369633213917559,-0.7403835975312043,-0.9214862710950796,-1.0389574045112127,0.0,0.0,0.0,0.0,0.0,0.0,0.0,0.0,0.0,0.0,0.0,0.0,0.0,0.0,0.0,0.0,0.0,0.0,0.0,0.0,0.0,0.0,0.0,0.0,0.0,0.0,72
1584_NN_dimethyl_1_adamantylcarboxamide.xyz,241.80101563530695,94.26966515136888,54.03203473357878,41.923227081282434,40.423671051370576,36.91779267533903,22.695137131919306,19.370778104272496,19.05707905199939,16.583535678207536,9.673595375765371,9.521173204941837,9.371786684057778,5.443408355252305,3.095267638972859,0.05641290402520325,0.014012586630549339,-0.0023006129152223337,-0.002636714139089717,-0.06641591915717512,-0.07952917057670168,-0.13191262814360868,-0.1390863906306909,-0.15858737980589385,-0.16748825123123373,-0.20122742040299105,-0.2733114952027599,-0.27646561361077315,-0.6161613061996738,-0.61953964862779,-0.6789105469810455,-0.7386751814337061,-0.7427273784595162,-0.8288377280678366,-0.9713142913455604,-1.023695655184553,0.0,0.0,0.0,0.0,0.0,0.0,0.0,0.0,0.0,0.0,0.0,0.0,0.0,0.0,0.0,0.0,0.0,0.0,0.0,0.0,84
1585_1_Nitroadamantane.xyz,242.65830113223524,96.10483460181905,47.11793341290995,41.78045856793202,38.916446975493834,35.99958644782865,19.312651396673413,19.10281699084432,11.720373340522007,9.529008438575298,9.478563539304425,6.35604892318192,3.937275238760387,-0.0029670269777232077,-0.00340261281396381,-0.009275871396244592,-0.07109570973954611,-0.15772761362736962,-0.15827099948345982,-0.158979535254568,-0.2753769049098689,-0.2761817781708634,-0.6189568054989232,-0.6198180472117328,-0.6799930919067356,-0.7420214694701975,-0.7421013643215507,-1.0249813415898084,0.0,0.0,0.0,0.0,0.0,0.0,0.0,0.0,0.0,0.0,0.0,0.0,0.0,0.0,0.0,0.0,0.0,0.0,0.0,0.0,0.0,0.0,0.0,0.0,0.0,0.0,0.0,0.0,72
1586_2_Nitroadamantane.xyz,242.7663125702855,95.35405331483713,48.120031257904884,41.92100458375837,37.674328449896976,37.127458843512045,19.529363491380096,19.248341527800452,10.659762893721178,9.51666242088687,9.510205663014931,6.34425033245549,4.281866206294279,-0.0013746641662367534,-0.00369429954004268,-0.020580323661150302,-0.08833501018046752,-0.15783818907034444,-0.15996876812314728,-0.26259351888606075,-0.2785797181433767,-0.2878112923719825,-0.500091014026675,-0.6167898449493237,-0.6908020987244459,-0.7401447263190293,-0.7401961921668692,-1.0316930617111526,0.0,0.0,0.0,0.0,0.0,0.0,0.0,0.0,0.0,0.0,0.0,0.0,0.0,0.0,0.0,0.0,0.0,0.0,0.0,0.0,0.0,0.0,0.0,0.0,0.0,0.0,0.0,0.0,72
1587_5Adamantan1yl1H1234tetrazole.xyz,246.36363010646465,107.15275580909898,45.250935493259036,43.55585834685424,41.80384814728158,36.95995090309104,27.405539743677217,19.304338275039758,19.186209592079003,10.465115658903008,9.532376611962746,9.508168217671171,7.622704052425864,5.72104228417007,3.179493760782253,-0.0012963857132726418,-0.0028378046002629823,-0.009761789182835092,-0.06529589829538401,-0.15728718707045894,-0.15849532189817347,-0.1586144093694295,-0.27312133244250114,-0.2738310358593272,-0.5672029982612872,-0.6165979339916589,-0.6208206400682991,-0.7202686852528877,-0.7406975255523528,-0.7436054837015669,-1.0282457785030517,0.0,0.0,0.0,0.0,0.0,0.0,0.0,0.0,0.0,0.0,0.0,0.0,0.0,0.0,0.0,0.0,0.0,0.0,0.0,0.0,0.0,0.0,0.0,0.0,0.0,80
1588_Bisadamantan1ylmethanone.xyz,285.1887261417344,120.05577493346865,76.85232366246672,44.50958890584681,43.834499301616916,39.9897339940098,39.88649039340199,36.399744721393624,35.290992131540726,19.844355549312862,19.277408801994625,18.910096025185233,18.771630148476092,13.47470192674507,9.676432043711506,9.547877510305678,9.300408514979528,9.295268305853234,9.06418102028969,6.121534524887754,4.867653100645792,3.4757334118874197,0.050294521306392524,0.0031395947870585016,-0.0001773346575578814,-0.0038840021603307163,-0.014899170824128921,-0.036294011956447554,-0.04398615043142047,-0.12286823400228512,-0.14077255028923658,-0.1572148829006357,-0.1580239830654337,-0.1606186681063052,-0.16079910326364624,-0.1886801927460802,-0.2658276387390569,-0.2694045677437711,-0.28741154835226296,-0.2906335821627729,-0.6085575214221939,-0.6136509106958566,-0.6228570551197943,-0.6306665672473394,-0.6667375912202691,-0.6910171584447341,-0.7337361549421146,-0.7355467690376407,-0.7504993440215976,-0.7549606210844975,-1.0188661585345429,-1.0230938049204237,0.0,0.0,0.0,0.0,120
1589_2_Methyl_2_adamantanol.xyz,217.63761722448635,67.59910667794068,43.4668956326383,41.69224033378356,32.768999052553724,25.719628442270995,19.267126425255054,15.125637123861134,9.565692165031187,9.40965105955145,8.005288216133408,4.3578643072385015,0.03604416568102571,-2.6935002491470377e-05,-0.03439991419003495,-0.0438443768404505,-0.07489673091617989,-0.15671986255220577,-0.16066860491236343,-0.1612935937258595,-0.27572413092050735,-0.2882889774867925,-0.3528055805847756,-0.4932263308357845,-0.6193750674360232,-0.6698152236072317,-0.737904222279652,-0.7403036158830729,-0.856585119361227,-1.030060626395093,0.0,0.0,0.0,0.0,0.0,0.0,0.0,0.0,0.0,0.0,0.0,0.0,0.0,0.0,0.0,0.0,0.0,0.0,0.0,0.0,0.0,0.0,0.0,0.0,0.0,0.0,68
1590_Adamantane_2_carboxamide.xyz,226.16316195235618,85.20163466805832,44.55281318465124,41.83378556619093,37.46851280215433,34.630046424120636,19.429824089402487,19.241018811285254,10.23637535230466,9.51325296649369,9.494253636892804,5.732959655883721,3.877896165059416,0.009813790028932057,-0.00186973360998969,-0.008088574344057476,-0.0882792700262074,-0.09725764037461074,-0.15784108895654467,-0.15985663441002232,-0.266006910453125,-0.2788863865771639,-0.2925252865691139,-0.48382294008868376,-0.6168918140768409,-0.6829556588804564,-0.7371036466563672,-0.7410413648010176,-0.9165306743624921,-1.0418321273722935,0.0,0.0,0.0,0.0,0.0,0.0,0.0,0.0,0.0,0.0,0.0,0.0,0.0,0.0,0.0,0.0,0.0,0.0,0.0,0.0,0.0,0.0,0.0,0.0,0.0,0.0,72
1591_13_Dinitroadamantane.xyz,286.0565937250832,124.50724369538872,82.34748423948083,48.5399115026929,43.628180169040895,39.19469801505117,36.50656184683287,34.490953656206585,19.20406602550053,19.02740139218085,11.825274036583329,11.394536863226763,9.446574191127633,7.196122039859498,4.677094104016694,3.6243825859519885,-0.003760967212656778,-0.007821307733695625,-0.013927129154729871,-0.14793923961606775,-0.15776600464943594,-0.1588682958581446,-0.15936217779502873,-0.2792968128806295,-0.6234570467769714,-0.624574826912181,-0.6760443594837277,-0.6981970404039644,-0.7471652310941861,-1.0036519754963196,0.0,0.0,0.0,0.0,0.0,0.0,0.0,0.0,0.0,0.0,0.0,0.0,0.0,0.0,0.0,0.0,0.0,0.0,0.0,0.0,0.0,0.0,0.0,0.0,0.0,0.0,88
1592_22_Dinitroadamantane.xyz,300.46059008480063,95.78326855322133,93.27448163459836,52.56085560591806,40.69256838387257,40.48757160420742,36.68116710829453,35.845558566595805,20.015336134281675,19.142806986536424,11.14431430033862,9.560058981328933,9.437156937491926,7.271962748441134,6.081830768552821,3.186600967987569,-0.0024176132286120675,-0.005285067571183977,-0.07807609800560751,-0.09780572307171653,-0.15826019010339615,-0.1632173074485086,-0.276650657655834,-0.300248765800476,-0.36855415754442605,-0.6208542011673976,-0.6793298909683505,-0.7411875497654816,-0.7451855645277954,-1.0238109064524186,0.0,0.0,0.0,0.0,0.0,0.0,0.0,0.0,0.0,0.0,0.0,0.0,0.0,0.0,0.0,0.0,0.0,0.0,0.0,0.0,0.0,0.0,0.0,0.0,0.0,0.0,88
1593_2_Cyano_2_nitroadamantane.xyz,265.18040211853304,95.2259235768854,65.13749919233773,48.25115389802451,40.18238604502363,37.63451771089249,35.536687530451644,20.118150406038758,19.2278610822813,10.929817033697304,9.543596012900123,9.464949739164712,6.901122521560562,5.68401649605698,2.4112492099647813,-0.0023973678436998366,-0.0043029166115924,-0.07245463478161283,-0.09708805224505608,-0.1576534153678685,-0.16140187172855883,-0.2762101320945022,-0.28821106760852316,-0.3698295363568283,-0.619725322593613,-0.680089741964168,-0.7416437280485921,-0.744131440342459,-1.024231913263954,0.0,0.0,0.0,0.0,0.0,0.0,0.0,0.0,0.0,0.0,0.0,0.0,0.0,0.0,0.0,0.0,0.0,0.0,0.0,0.0,0.0,0.0,0.0,0.0,0.0,0.0,0.0,80
1594_1_Azidoadamantane.xyz,225.2742915479434,89.52321863814811,44.399076729545214,41.76718824020621,40.76010120336573,25.482494287944004,19.29550805958464,19.248246279097568,9.536097581103734,9.519824979081896,8.70243943047203,5.160661090961704,3.023087360037614,-0.0025777084276050774,-0.0028557234878036288,-0.00871955873993373,-0.07598562871456177,-0.15724444384049194,-0.15876892979041757,-0.15900887331059566,-0.27389214020044256,-0.27484517890973614,-0.6161810215773793,-0.6171303431759174,-0.6828093901444123,-0.7386843711921884,-0.7403634451392084,-1.0259944770975848,0.0,0.0,0.0,0.0,0.0,0.0,0.0,0.0,0.0,0.0,0.0,0.0,0.0,0.0,0.0,0.0,0.0,0.0,0.0,0.0,0.0,0.0,0.0,0.0,0.0,0.0,0.0,0.0,70
1595_1_Adamantanemethylamine.xyz,205.686771087004,65.5842942677009,41.95720944008088,41.75150566743528,34.71131514125276,19.33028933328475,19.285598817833982,15.413669962861023,9.512949706219723,9.481113604059315,7.733222755252728,4.875625446096754,0.05393089929357161,-0.00029299332762880475,-0.00223133977392458,-0.06077574458229149,-0.08110244339431259,-0.14093921651471272,-0.15784304826402876,-0.16303846183515341,-0.18974020109132209,-0.27281505293924024,-0.2751672595710834,-0.478507802085023,-0.614466318026121,-0.6159718278751346,-0.6603810909041091,-0.7363354162647597,-0.7382010879064975,-0.8641332804744202,-1.0276889500323239,0.0,0.0,0.0,0.0,0.0,0.0,0.0,0.0,0.0,0.0,0.0,0.0,0.0,0.0,0.0,0.0,0.0,0.0,0.0,0.0,0.0,0.0,0.0,0.0,0.0,68
1596_1_Chloroadamantane.xyz,483.71278036906006,152.76905992030873,41.71337533141781,41.71168542073205,38.65693739828639,19.308990856275923,19.308005418072955,9.555062319737765,9.554783232782796,8.99854574154104,5.067693921446233,-0.0024173872674909743,-0.002501922644691976,-0.0029045413396372893,-0.06129186310798751,-0.15727708951216599,-0.15728033450439685,-0.1592302298901628,-0.27490472117019027,-0.2749331654867558,-0.6180323673304398,-0.61807866067198,-0.6606452120086512,-0.739768993804094,-0.7397984111614131,-1.0124170546300935,0.0,0.0,0.0,0.0,0.0,0.0,0.0,0.0,0.0,0.0,0.0,0.0,0.0,0.0,0.0,0.0,0.0,0.0,0.0,0.0,0.0,0.0,0.0,0.0,0.0,0.0,0.0,0.0,0.0,0.0,62
1597_22_Dimethylpropanoic_acid.xyz,175.89506309531424,55.35428090516748,45.94250950710862,24.195584980386442,23.30125581078461,11.522756769483022,3.6716855537890085,0.039022734194249016,-0.023157274876861592,-0.03140796770053943,-0.13073655561704703,-0.1340093036996673,-0.15503293202273705,-0.527324869445281,-0.8083513590470687,-0.8162100237552916,-0.9720136333130114,0.0,0.0,0.0,0.0,0.0,0.0,0.0,0.0,0.0,0.0,0.0,0.0,0.0,0.0,0.0,0.0,0.0,0.0,0.0,0.0,0.0,0.0,0.0,0.0,0.0,0.0,0.0,0.0,0.0,0.0,0.0,0.0,0.0,0.0,0.0,0.0,0.0,0.0,0.0,42
1598_2_Hydroxymethyltetrahydrofuran.xyz,176.5153488456541,63.769910185173536,38.21113201044015,28.951421989094946,15.66358724363455,9.647407543455323,7.249546868905807,0.05429285281499181,-0.05433844796331059,-0.10375698103131487,-0.14978901362792973,-0.2163930665588134,-0.40585286622782185,-0.44185070283736483,-0.6496036103684578,-0.7894429990092,-0.9277044147990556,0.0,0.0,0.0,0.0,0.0,0.0,0.0,0.0,0.0,0.0,0.0,0.0,0.0,0.0,0.0,0.0,0.0,0.0,0.0,0.0,0.0,0.0,0.0,0.0,0.0,0.0,0.0,0.0,0.0,0.0,0.0,0.0,0.0,0.0,0.0,0.0,0.0,0.0,0.0,42
1599_2_Methyl_13_dioxane.xyz,183.52728087904666,55.01814974328341,43.142104189664735,26.173188226996476,14.574660464305826,10.197733138811957,7.224293447401302,0.022307511561598617,-0.06581382019584262,-0.06920732887353388,-0.1100294442101701,-0.11177729594664225,-0.3157855364959256,-0.3928994871758856,-0.6313775340945226,-0.890670158057935,-0.9682415592712678,0.0,0.0,0.0,0.0,0.0,0.0,0.0,0.0,0.0,0.0,0.0,0.0,0.0,0.0,0.0,0.0,0.0,0.0,0.0,0.0,0.0,0.0,0.0,0.0,0.0,0.0,0.0,0.0,0.0,0.0,0.0,0.0,0.0,0.0,0.0,0.0,0.0,0.0,0.0,42
1600_13_Dioxepane.xyz,181.33283801797745,57.172362077126635,47.2615975792274,21.38755546165588,15.55257781500719,8.713698328148011,8.467865813175205,0.031006725911414026,-0.061036204289688575,-0.0708350099054452,-0.12117837838896861,-0.12803240176285208,-0.31292356201033383,-0.5311480924768082,-0.6495501783760511,-0.7636217143644255,-0.9572608399044913,0.0,0.0,0.0,0.0,0.0,0.0,0.0,0.0,0.0,0.0,0.0,0.0,0.0,0.0,0.0,0.0,0.0,0.0,0.0,0.0,0.0,0.0,0.0,0.0,0.0,0.0,0.0,0.0,0.0,0.0,0.0,0.0,0.0,0.0,0.0,0.0,0.0,0.0,0.0,42
1601_2S4S24dimethyl13dioxolane.xyz,183.85161899192246,52.73792346004701,41.83872418332813,27.78894700409485,17.465590941142416,8.59532317052353,7.53278887231633,0.015167472951790044,-0.06133745252608167,-0.06698489090297569,-0.07623208940597409,-0.12078248174317127,-0.2785582624938594,-0.34797867994517023,-0.6891723880091056,-0.9249644651877176,-0.9361579493624713,0.0,0.0,0.0,0.0,0.0,0.0,0.0,0.0,0.0,0.0,0.0,0.0,0.0,0.0,0.0,0.0,0.0,0.0,0.0,0.0,0.0,0.0,0.0,0.0,0.0,0.0,0.0,0.0,0.0,0.0,0.0,0.0,0.0,0.0,0.0,0.0,0.0,0.0,0.0,42
1602_Pentanol.xyz,133.17186811863047,63.6547293578061,32.5619303270055,17.926098532729284,11.316730318703316,9.38742801736577,0.15069551973187498,-0.042012147647891435,-0.06905648732382147,-0.1158859614215305,-0.16068149201159607,-0.17040271313581415,-0.2912857090411308,-0.4002687529313307,-0.5353858052859737,-0.6860720490049447,-0.8766748863274841,-1.0145334709008982,0.0,0.0,0.0,0.0,0.0,0.0,0.0,0.0,0.0,0.0,0.0,0.0,0.0,0.0,0.0,0.0,0.0,0.0,0.0,0.0,0.0,0.0,0.0,0.0,0.0,0.0,0.0,0.0,0.0,0.0,0.0,0.0,0.0,0.0,0.0,0.0,0.0,0.0,38
1603_Pentanethiol.xyz,404.8569092832405,94.09812775094267,39.9749966360034,21.0626662184696,12.35127645474342,9.589930932634902,0.1919189418085312,0.08110107316999814,-0.057414153646863336,-0.0691199211241061,-0.11610408720254556,-0.16249790119324908,-0.17080583331442675,-0.33206892302958124,-0.5088056638094653,-0.6400879145957353,-0.8302352208538433,-1.0058206484516625,0.0,0.0,0.0,0.0,0.0,0.0,0.0,0.0,0.0,0.0,0.0,0.0,0.0,0.0,0.0,0.0,0.0,0.0,0.0,0.0,0.0,0.0,0.0,0.0,0.0,0.0,0.0,0.0,0.0,0.0,0.0,0.0,0.0,0.0,0.0,0.0,0.0,0.0,38
1604_2_Methyl_2_butanethiol.xyz,412.6543131608777,86.45546463177362,35.40797820248911,24.150003341908945,15.439737639565786,7.798141469671488,0.1748729350819044,0.017699453459771912,-0.019352053484595465,-0.06205417284470071,-0.0766561068877726,-0.1325301383401562,-0.14708795288153573,-0.16635521252387903,-0.517977324748626,-0.812682533502959,-0.8624085454066046,-0.9871397704158344,0.0,0.0,0.0,0.0,0.0,0.0,0.0,0.0,0.0,0.0,0.0,0.0,0.0,0.0,0.0,0.0,0.0,0.0,0.0,0.0,0.0,0.0,0.0,0.0,0.0,0.0,0.0,0.0,0.0,0.0,0.0,0.0,0.0,0.0,0.0,0.0,0.0,0.0,38
1605_1Ethylsulfanylpropane.xyz,415.1881896802274,71.44964112212011,48.28098558693295,22.42805421870155,14.048127596918217,10.846303040445086,0.10134820526373568,-0.009536325656990407,-0.06340921412306826,-0.06989672919005142,-0.11504855859728938,-0.13846728959135934,-0.16648114495702776,-0.3897085275905374,-0.5068937509758149,-0.6657209972943502,-0.929870134219297,-0.9736497546216929,0.0,0.0,0.0,0.0,0.0,0.0,0.0,0.0,0.0,0.0,0.0,0.0,0.0,0.0,0.0,0.0,0.0,0.0,0.0,0.0,0.0,0.0,0.0,0.0,0.0,0.0,0.0,0.0,0.0,0.0,0.0,0.0,0.0,0.0,0.0,0.0,0.0,0.0,38
1606_1_Ethylsulfanylisopropane.xyz,417.40652268778626,69.55776831334478,46.524998832943396,24.167597044160253,13.94086751223926,10.646747323287315,0.04160676064913357,-0.002728823409047302,-0.035334107647921394,-0.06404420176970231,-0.10499635266255992,-0.13065125751379772,-0.15076325966647233,-0.29112552274141223,-0.5071748389078184,-0.8118594470637402,-0.9297210150248028,-0.9437426242116487,0.0,0.0,0.0,0.0,0.0,0.0,0.0,0.0,0.0,0.0,0.0,0.0,0.0,0.0,0.0,0.0,0.0,0.0,0.0,0.0,0.0,0.0,0.0,0.0,0.0,0.0,0.0,0.0,0.0,0.0,0.0,0.0,0.0,0.0,0.0,0.0,0.0,0.0,38
1607_2Methyl2methylsulfanylpropane.xyz,417.807158102711,78.53217678619325,29.798728754978544,24.161417242112847,23.240686124707324,8.712026876621612,0.04618572960041535,0.0013452626788365636,-0.024541527195950506,-0.03217109579535181,-0.11002603080112627,-0.1380193965818477,-0.14606476594596654,-0.17479315838559703,-0.7876675410863798,-0.8121717730983115,-0.8183328614164379,-0.9419697055054886,0.0,0.0,0.0,0.0,0.0,0.0,0.0,0.0,0.0,0.0,0.0,0.0,0.0,0.0,0.0,0.0,0.0,0.0,0.0,0.0,0.0,0.0,0.0,0.0,0.0,0.0,0.0,0.0,0.0,0.0,0.0,0.0,0.0,0.0,0.0,0.0,0.0,0.0,38
1608_3_Methyl_1_butanethiol.xyz,405.718862273524,96.48415343651908,32.568905247708756,24.197632211407228,14.669197359479956,8.303670747460357,0.15065330273914662,0.048321133941622504,-0.021259096780688033,-0.04637837976964903,-0.12401502866062689,-0.1426067924305433,-0.16422209930391218,-0.2680946464354001,-0.50756722950978,-0.7480136432631209,-0.8096147368698814,-0.995657035965074,0.0,0.0,0.0,0.0,0.0,0.0,0.0,0.0,0.0,0.0,0.0,0.0,0.0,0.0,0.0,0.0,0.0,0.0,0.0,0.0,0.0,0.0,0.0,0.0,0.0,0.0,0.0,0.0,0.0,0.0,0.0,0.0,0.0,0.0,0.0,0.0,0.0,0.0,38
1609_3_Methyl_2_butanethiol.xyz,411.14912662421284,88.5127111959915,35.063797801617156,24.178673407390765,15.18295769669013,7.830739697222788,0.14971797259033504,0.0019749677161980685,-0.023071644834162273,-0.044585699302652604,-0.07310280467915586,-0.13855420086930537,-0.15160557482123693,-0.2514535249380178,-0.41461557868533483,-0.8096300345323747,-0.8574472128112245,-0.9916660641664338,0.0,0.0,0.0,0.0,0.0,0.0,0.0,0.0,0.0,0.0,0.0,0.0,0.0,0.0,0.0,0.0,0.0,0.0,0.0,0.0,0.0,0.0,0.0,0.0,0.0,0.0,0.0,0.0,0.0,0.0,0.0,0.0,0.0,0.0,0.0,0.0,0.0,0.0,38
1610_22_Dimethyl_1_propanethiol.xyz,409.0904462013997,95.03623607506572,24.200164934082526,24.129922962416984,21.911310272431955,7.572751195451894,0.14494248986139593,0.035801427715891884,0.011431403832837833,-0.044995967327574105,-0.12631695966968978,-0.13953299952138878,-0.1564940213263059,-0.1589325255971395,-0.6056142799238489,-0.8097848267506048,-0.8109326108668283,-0.9664357474841682,0.0,0.0,0.0,0.0,0.0,0.0,0.0,0.0,0.0,0.0,0.0,0.0,0.0,0.0,0.0,0.0,0.0,0.0,0.0,0.0,0.0,0.0,0.0,0.0,0.0,0.0,0.0,0.0,0.0,0.0,0.0,0.0,0.0,0.0,0.0,0.0,0.0,0.0,38
1611_2_Methyl_1_butanethiol.xyz,407.12251385558136,94.30234367261738,34.041924253620465,23.398492178063112,14.862224987961454,8.221313296648132,0.14206605869647082,0.07425023330445228,-0.023983548471217492,-0.07500880725603858,-0.12051205986906909,-0.14581256247598368,-0.17151976367802793,-0.27091113929951993,-0.5440155662062904,-0.6323214990086594,-0.8599419286698621,-1.0071346377666435,0.0,0.0,0.0,0.0,0.0,0.0,0.0,0.0,0.0,0.0,0.0,0.0,0.0,0.0,0.0,0.0,0.0,0.0,0.0,0.0,0.0,0.0,0.0,0.0,0.0,0.0,0.0,0.0,0.0,0.0,0.0,0.0,0.0,0.0,0.0,0.0,0.0,0.0,38
1612_Methyl_2methylbutanoate.xyz,185.4794390787544,60.175028967477594,48.11634793963772,33.76786837233942,20.670578623217835,15.948260760998995,10.48054079184203,3.6632146433256114,0.034950171075975874,-0.05189051205190829,-0.06244858338540429,-0.06858663732593293,-0.07870446044392446,-0.09220590377774247,-0.15860278387398383,-0.32584880801367927,-0.564744699705043,-0.8687833192580489,-0.8770740894496083,-1.0053189152083155,0.0,0.0,0.0,0.0,0.0,0.0,0.0,0.0,0.0,0.0,0.0,0.0,0.0,0.0,0.0,0.0,0.0,0.0,0.0,0.0,0.0,0.0,0.0,0.0,0.0,0.0,0.0,0.0,0.0,0.0,0.0,0.0,0.0,0.0,0.0,0.0,48
1613_Methyl_3_methylbutanoate.xyz,182.3008920313061,66.86348993373616,48.65300446905703,25.581382891924434,23.831836722819396,17.924432792028576,9.2209138749435,3.9483834807615374,0.04801283903361448,-0.028790470646599196,-0.05721744123868591,-0.06565000678119505,-0.09781200319914313,-0.12755269649577644,-0.15197363405728526,-0.2836575112253993,-0.6904095099854317,-0.8083582414947754,-0.877222131555479,-1.001684752754422,0.0,0.0,0.0,0.0,0.0,0.0,0.0,0.0,0.0,0.0,0.0,0.0,0.0,0.0,0.0,0.0,0.0,0.0,0.0,0.0,0.0,0.0,0.0,0.0,0.0,0.0,0.0,0.0,0.0,0.0,0.0,0.0,0.0,0.0,0.0,0.0,48
1614_2R4S24dimethyl13dioxane.xyz,192.44545123478707,59.22327109756695,45.9533106119923,27.70780655215666,24.493645988717496,12.39197837806084,9.243816672822275,6.9491002458422795,0.027108015248768547,-0.05470039494593991,-0.06543688406677728,-0.07728630538437778,-0.07984577085916948,-0.14038179168090678,-0.2553346822503959,-0.3760331943989884,-0.49645177694552683,-0.809344392539111,-0.9170393172491205,-0.981613650698236,0.0,0.0,0.0,0.0,0.0,0.0,0.0,0.0,0.0,0.0,0.0,0.0,0.0,0.0,0.0,0.0,0.0,0.0,0.0,0.0,0.0,0.0,0.0,0.0,0.0,0.0,0.0,0.0,0.0,0.0,0.0,0.0,0.0,0.0,0.0,0.0,48
1615_55_Dimethyl_13_dioxane.xyz,191.78592289706364,55.63872569425102,54.92229484555993,24.193355854186862,20.096482540747655,14.5602637305327,10.935329340175937,6.31591651457884,0.056615330327579004,0.01782013728464612,-0.04772534692998197,-0.1133286229867757,-0.1194517296176932,-0.1562008891043497,-0.15624654172477154,-0.6320692717567303,-0.6485873555934868,-0.7096654347607456,-0.8103108543093939,-0.947120201748649,0.0,0.0,0.0,0.0,0.0,0.0,0.0,0.0,0.0,0.0,0.0,0.0,0.0,0.0,0.0,0.0,0.0,0.0,0.0,0.0,0.0,0.0,0.0,0.0,0.0,0.0,0.0,0.0,0.0,0.0,0.0,0.0,0.0,0.0,0.0,0.0,48
1616_13_Dioxocane.xyz,186.55682698385618,62.028869944388276,55.849883202577615,26.208329813347845,19.296635231295294,10.308094028248785,10.20940005177696,8.003775562161731,0.04517093327413688,-0.03222787678290526,-0.08387845823496315,-0.0951450709273078,-0.1156682660308037,-0.1596740739836848,-0.28511791139609177,-0.4697747032800347,-0.6101957370392889,-0.6902592809434336,-0.7991976504912837,-0.983826085640815,0.0,0.0,0.0,0.0,0.0,0.0,0.0,0.0,0.0,0.0,0.0,0.0,0.0,0.0,0.0,0.0,0.0,0.0,0.0,0.0,0.0,0.0,0.0,0.0,0.0,0.0,0.0,0.0,0.0,0.0,0.0,0.0,0.0,0.0,0.0,0.0,48
1617_1_Hexanethiol.xyz,405.63006270111157,103.92096318979958,47.653163103710376,26.892189340297275,16.04289920334145,10.960221402892355,9.395981277705513,0.20413311150685892,0.09974423125840115,-0.022400425774969274,-0.06907987808124776,-0.11665794379232053,-0.11996039095654738,-0.1710113904942658,-0.17761502936986467,-0.30797049512581626,-0.4712632060132659,-0.5788182295464257,-0.7043287390429933,-0.8756938202143858,-1.0124857899938846,0.0,0.0,0.0,0.0,0.0,0.0,0.0,0.0,0.0,0.0,0.0,0.0,0.0,0.0,0.0,0.0,0.0,0.0,0.0,0.0,0.0,0.0,0.0,0.0,0.0,0.0,0.0,0.0,0.0,0.0,0.0,0.0,0.0,0.0,0.0,44
1618_1_Ethylsulfanylbutane.xyz,416.72219862074235,84.10947653562249,49.442740713029885,31.289533620373064,15.63883588888077,13.684114484419277,9.91681286920092,0.13428246131091798,0.007914372776130203,-0.06380075664483477,-0.06936877848421617,-0.08397543689337984,-0.1377241576098165,-0.14189892336059193,-0.1767494103153826,-0.34979575578078076,-0.4956367710141295,-0.5685488687833893,-0.7621032347278373,-0.9298486073251974,-0.9943866421991959,0.0,0.0,0.0,0.0,0.0,0.0,0.0,0.0,0.0,0.0,0.0,0.0,0.0,0.0,0.0,0.0,0.0,0.0,0.0,0.0,0.0,0.0,0.0,0.0,0.0,0.0,0.0,0.0,0.0,0.0,0.0,0.0,0.0,0.0,0.0,44
1619_1Ethylsulfanyl2methylpropane.xyz,418.6222460196424,83.94018726957802,49.08037442822088,24.248745985631967,22.162077023150445,13.881479830313626,8.86559862786625,0.0853844603186668,-0.003559579441217741,-0.028306728130282663,-0.06336905747346375,-0.09174771917351181,-0.12240666134166793,-0.1347910942577241,-0.1689207288987596,-0.26835374831663483,-0.4897947654782399,-0.6272719664436575,-0.808710746511589,-0.930062891223111,-0.9767257348146379,0.0,0.0,0.0,0.0,0.0,0.0,0.0,0.0,0.0,0.0,0.0,0.0,0.0,0.0,0.0,0.0,0.0,0.0,0.0,0.0,0.0,0.0,0.0,0.0,0.0,0.0,0.0,0.0,0.0,0.0,0.0,0.0,0.0,0.0,0.0,44
1620_23_Dimethyl_2_butanethiol.xyz,416.23779431736205,96.6690066833587,38.762545195672224,26.953567119509252,21.09229884882147,13.844519859622109,6.917343328979902,0.14968876662704542,0.039446354015783634,-0.0007865264572810654,-0.0370608541814348,-0.07013022443945383,-0.09977559252966012,-0.13637400687077278,-0.14730158975786167,-0.1900157958311969,-0.32836930851919727,-0.7975336545683177,-0.8335340038676164,-0.8587943101776864,-0.9944623835505244,0.0,0.0,0.0,0.0,0.0,0.0,0.0,0.0,0.0,0.0,0.0,0.0,0.0,0.0,0.0,0.0,0.0,0.0,0.0,0.0,0.0,0.0,0.0,0.0,0.0,0.0,0.0,0.0,0.0,0.0,0.0,0.0,0.0,0.0,0.0,44
1621_2_Methyl_2_pentanethiol.xyz,414.62207284610747,95.08957121741224,45.10968598417651,24.155331656019932,21.82810335491717,11.968639779235891,7.698121970831228,0.19088548374829264,0.036651723527429146,-0.02588528442212908,-0.040986899794589755,-0.07008623096906796,-0.1183326899534872,-0.12960485018027873,-0.15328445415739494,-0.16871970774101555,-0.4334117922888216,-0.6794198578793421,-0.8138120170611696,-0.8969057410285729,-0.9965422672828383,0.0,0.0,0.0,0.0,0.0,0.0,0.0,0.0,0.0,0.0,0.0,0.0,0.0,0.0,0.0,0.0,0.0,0.0,0.0,0.0,0.0,0.0,0.0,0.0,0.0,0.0,0.0,0.0,0.0,0.0,0.0,0.0,0.0,0.0,0.0,44
1622_Bicyclo310hexane1carbonitrile.xyz,160.04076070978863,59.62202595741977,34.71116367273801,28.00381968146819,15.45992361246186,10.390493110429443,8.197839717163793,2.800881921719806,0.06562300481006172,-0.08410547442098257,-0.10120782377283886,-0.15389279758902696,-0.27492949525211174,-0.4250029518028276,-0.6954663064459278,-0.7440101014452188,-0.9484726414609369,0.0,0.0,0.0,0.0,0.0,0.0,0.0,0.0,0.0,0.0,0.0,0.0,0.0,0.0,0.0,0.0,0.0,0.0,0.0,0.0,0.0,0.0,0.0,0.0,0.0,0.0,0.0,0.0,0.0,0.0,0.0,0.0,0.0,0.0,0.0,0.0,0.0,0.0,0.0,42
1623_Cyclohex_1_ene_1_carbonitrile.xyz,155.0353702360694,62.514601677006794,35.31983321836569,32.186272829558426,12.971978495924688,11.784536603456921,7.17466126690564,2.2660065600220514,0.042994303845927,-0.07785359184376918,-0.10822820011894832,-0.1426248446297144,-0.2824437418485486,-0.38704507592774334,-0.6427715215149705,-0.7344985224189851,-1.0553458970432492,0.0,0.0,0.0,0.0,0.0,0.0,0.0,0.0,0.0,0.0,0.0,0.0,0.0,0.0,0.0,0.0,0.0,0.0,0.0,0.0,0.0,0.0,0.0,0.0,0.0,0.0,0.0,0.0,0.0,0.0,0.0,0.0,0.0,0.0,0.0,0.0,0.0,0.0,0.0,42
1624_1_Methoxy_3_methylbenzene.xyz,179.4116420992063,69.74513317022978,42.4753678324443,28.686941408796848,21.49770323461413,17.829217567780535,8.60694971042623,6.955769071505441,2.3859290874068604,-0.04979708516149057,-0.051019457536572305,-0.0749528219327487,-0.07764636837983822,-0.18953441670991114,-0.44913825576269606,-0.5062419427877484,-0.8132809757385747,-0.8649912473855553,-1.1365142957975178,0.0,0.0,0.0,0.0,0.0,0.0,0.0,0.0,0.0,0.0,0.0,0.0,0.0,0.0,0.0,0.0,0.0,0.0,0.0,0.0,0.0,0.0,0.0,0.0,0.0,0.0,0.0,0.0,0.0,0.0,0.0,0.0,0.0,0.0,0.0,0.0,0.0,48
1625_Ammonia.xyz,55.98020094355155,-0.11739587076470076,-0.1174006743009404,-0.8866969986578118,0.0,0.0,0.0,0.0,0.0,0.0,0.0,0.0,0.0,0.0,0.0,0.0,0.0,0.0,0.0,0.0,0.0,0.0,0.0,0.0,0.0,0.0,0.0,0.0,0.0,0.0,0.0,0.0,0.0,0.0,0.0,0.0,0.0,0.0,0.0,0.0,0.0,0.0,0.0,0.0,0.0,0.0,0.0,0.0,0.0,0.0,0.0,0.0,0.0,0.0,0.0,0.0,8
1626_Water.xyz,75.38263344794805,-0.16081975549673092,-0.7051189726410882,0.0,0.0,0.0,0.0,0.0,0.0,0.0,0.0,0.0,0.0,0.0,0.0,0.0,0.0,0.0,0.0,0.0,0.0,0.0,0.0,0.0,0.0,0.0,0.0,0.0,0.0,0.0,0.0,0.0,0.0,0.0,0.0,0.0,0.0,0.0,0.0,0.0,0.0,0.0,0.0,0.0,0.0,0.0,0.0,0.0,0.0,0.0,0.0,0.0,0.0,0.0,0.0,0.0,8
1627_Hydrogen_fluoride.xyz,98.50961597513782,-0.4765162212698096,0.0,0.0,0.0,0.0,0.0,0.0,0.0,0.0,0.0,0.0,0.0,0.0,0.0,0.0,0.0,0.0,0.0,0.0,0.0,0.0,0.0,0.0,0.0,0.0,0.0,0.0,0.0,0.0,0.0,0.0,0.0,0.0,0.0,0.0,0.0,0.0,0.0,0.0,0.0,0.0,0.0,0.0,0.0,0.0,0.0,0.0,0.0,0.0,0.0,0.0,0.0,0.0,0.0,0.0,8
1628_Silane.xyz,282.8977420429106,0.470429632118916,0.08692666490538069,0.0869266552642911,0.08692109555817308,0.0,0.0,0.0,0.0,0.0,0.0,0.0,0.0,0.0,0.0,0.0,0.0,0.0,0.0,0.0,0.0,0.0,0.0,0.0,0.0,0.0,0.0,0.0,0.0,0.0,0.0,0.0,0.0,0.0,0.0,0.0,0.0,0.0,0.0,0.0,0.0,0.0,0.0,0.0,0.0,0.0,0.0,0.0,0.0,0.0,0.0,0.0,0.0,0.0,0.0,0.0,8
1629_Hydrogen_sulfide.xyz,388.75337990224904,0.2848016934673547,-0.014740569054552566,0.0,0.0,0.0,0.0,0.0,0.0,0.0,0.0,0.0,0.0,0.0,0.0,0.0,0.0,0.0,0.0,0.0,0.0,0.0,0.0,0.0,0.0,0.0,0.0,0.0,0.0,0.0,0.0,0.0,0.0,0.0,0.0,0.0,0.0,0.0,0.0,0.0,0.0,0.0,0.0,0.0,0.0,0.0,0.0,0.0,0.0,0.0,0.0,0.0,0.0,0.0,0.0,0.0,8
1630_Hydrogen_chloride.xyz,449.1856008505035,0.10878513036865328,0.0,0.0,0.0,0.0,0.0,0.0,0.0,0.0,0.0,0.0,0.0,0.0,0.0,0.0,0.0,0.0,0.0,0.0,0.0,0.0,0.0,0.0,0.0,0.0,0.0,0.0,0.0,0.0,0.0,0.0,0.0,0.0,0.0,0.0,0.0,0.0,0.0,0.0,0.0,0.0,0.0,0.0,0.0,0.0,0.0,0.0,0.0,0.0,0.0,0.0,0.0,0.0,0.0,0.0,8
1631_Hydrazine.xyz,89.93881617580352,20.3772168349589,-0.1013656484604499,-0.11192458247621889,-0.5306165531968758,-0.854711426972703,0.0,0.0,0.0,0.0,0.0,0.0,0.0,0.0,0.0,0.0,0.0,0.0,0.0,0.0,0.0,0.0,0.0,0.0,0.0,0.0,0.0,0.0,0.0,0.0,0.0,0.0,0.0,0.0,0.0,0.0,0.0,0.0,0.0,0.0,0.0,0.0,0.0,0.0,0.0,0.0,0.0,0.0,0.0,0.0,0.0,0.0,0.0,0.0,0.0,0.0,14
1632_Hydrogen_peroxide.xyz,119.16119967334973,29.745502375823996,-0.41084967974713926,-0.46246292980618847,0.0,0.0,0.0,0.0,0.0,0.0,0.0,0.0,0.0,0.0,0.0,0.0,0.0,0.0,0.0,0.0,0.0,0.0,0.0,0.0,0.0,0.0,0.0,0.0,0.0,0.0,0.0,0.0,0.0,0.0,0.0,0.0,0.0,0.0,0.0,0.0,0.0,0.0,0.0,0.0,0.0,0.0,0.0,0.0,0.0,0.0,0.0,0.0,0.0,0.0,0.0,0.0,14
1633_Disilane.xyz,366.49459163119025,198.71736147943855,0.5331034205566997,0.17239128057634792,0.12990066171631617,0.1298990319334617,0.040322528458954135,0.04032214764451722,0.0,0.0,0.0,0.0,0.0,0.0,0.0,0.0,0.0,0.0,0.0,0.0,0.0,0.0,0.0,0.0,0.0,0.0,0.0,0.0,0.0,0.0,0.0,0.0,0.0,0.0,0.0,0.0,0.0,0.0,0.0,0.0,0.0,0.0,0.0,0.0,0.0,0.0,0.0,0.0,0.0,0.0,0.0,0.0,0.0,0.0,0.0,0.0,14
1634_Hypochlorous_acid.xyz,465.22080545287474,58.01791909762155,-0.42764384981404957,0.0,0.0,0.0,0.0,0.0,0.0,0.0,0.0,0.0,0.0,0.0,0.0,0.0,0.0,0.0,0.0,0.0,0.0,0.0,0.0,0.0,0.0,0.0,0.0,0.0,0.0,0.0,0.0,0.0,0.0,0.0,0.0,0.0,0.0,0.0,0.0,0.0,0.0,0.0,0.0,0.0,0.0,0.0,0.0,0.0,0.0,0.0,0.0,0.0,0.0,0.0,0.0,0.0,14
1635_Imidogen.xyz,54.19478223990497,-0.3360748400768723,0.0,0.0,0.0,0.0,0.0,0.0,0.0,0.0,0.0,0.0,0.0,0.0,0.0,0.0,0.0,0.0,0.0,0.0,0.0,0.0,0.0,0.0,0.0,0.0,0.0,0.0,0.0,0.0,0.0,0.0,0.0,0.0,0.0,0.0,0.0,0.0,0.0,0.0,0.0,0.0,0.0,0.0,0.0,0.0,0.0,0.0,0.0,0.0,0.0,0.0,0.0,0.0,0.0,0.0,6
1636_Silylene_radical.xyz,282.2591239781292,0.2612198234431596,0.10860228918501269,0.0,0.0,0.0,0.0,0.0,0.0,0.0,0.0,0.0,0.0,0.0,0.0,0.0,0.0,0.0,0.0,0.0,0.0,0.0,0.0,0.0,0.0,0.0,0.0,0.0,0.0,0.0,0.0,0.0,0.0,0.0,0.0,0.0,0.0,0.0,0.0,0.0,0.0,0.0,0.0,0.0,0.0,0.0,0.0,0.0,0.0,0.0,0.0,0.0,0.0,0.0,0.0,0.0,6
1637_Arsine.xyz,2205.6127700823513,0.7742876809402931,0.043443836420264774,0.043433422790903044,0.0,0.0,0.0,0.0,0.0,0.0,0.0,0.0,0.0,0.0,0.0,0.0,0.0,0.0,0.0,0.0,0.0,0.0,0.0,0.0,0.0,0.0,0.0,0.0,0.0,0.0,0.0,0.0,0.0,0.0,0.0,0.0,0.0,0.0,0.0,0.0,0.0,0.0,0.0,0.0,0.0,0.0,0.0,0.0,0.0,0.0,0.0,0.0,0.0,0.0,0.0,0.0,8
1638_Boron_monohydride.xyz,24.46897388569716,-0.17329965174868445,0.0,0.0,0.0,0.0,0.0,0.0,0.0,0.0,0.0,0.0,0.0,0.0,0.0,0.0,0.0,0.0,0.0,0.0,0.0,0.0,0.0,0.0,0.0,0.0,0.0,0.0,0.0,0.0,0.0,0.0,0.0,0.0,0.0,0.0,0.0,0.0,0.0,0.0,0.0,0.0,0.0,0.0,0.0,0.0,0.0,0.0,0.0,0.0,0.0,0.0,0.0,0.0,0.0,0.0,4
1639_Bromosilane.xyz,2560.5601351958617,261.45961437150214,0.34524563996061197,0.08839606453324597,0.08839248066997736,0.0,0.0,0.0,0.0,0.0,0.0,0.0,0.0,0.0,0.0,0.0,0.0,0.0,0.0,0.0,0.0,0.0,0.0,0.0,0.0,0.0,0.0,0.0,0.0,0.0,0.0,0.0,0.0,0.0,0.0,0.0,0.0,0.0,0.0,0.0,0.0,0.0,0.0,0.0,0.0,0.0,0.0,0.0,0.0,0.0,0.0,0.0,0.0,0.0,0.0,0.0,14
1640_Calcium_hydroxide.xyz,683.9983025261157,69.43279326445425,58.408448406276506,-0.4571219926827674,-0.4582292965460458,0.0,0.0,0.0,0.0,0.0,0.0,0.0,0.0,0.0,0.0,0.0,0.0,0.0,0.0,0.0,0.0,0.0,0.0,0.0,0.0,0.0,0.0,0.0,0.0,0.0,0.0,0.0,0.0,0.0,0.0,0.0,0.0,0.0,0.0,0.0,0.0,0.0,0.0,0.0,0.0,0.0,0.0,0.0,0.0,0.0,0.0,0.0,0.0,0.0,0.0,0.0,16
1641_Chlorosilane.xyz,507.8051879047353,223.60389670263584,0.33787836779560587,0.08818550363251337,0.08818359283026202,0.0,0.0,0.0,0.0,0.0,0.0,0.0,0.0,0.0,0.0,0.0,0.0,0.0,0.0,0.0,0.0,0.0,0.0,0.0,0.0,0.0,0.0,0.0,0.0,0.0,0.0,0.0,0.0,0.0,0.0,0.0,0.0,0.0,0.0,0.0,0.0,0.0,0.0,0.0,0.0,0.0,0.0,0.0,0.0,0.0,0.0,0.0,0.0,0.0,0.0,0.0,14
1642_Dichlorosilane.xyz,614.9482773594738,363.38682461481517,201.5604236819788,0.2295430850365392,0.09264931119722164,0.0,0.0,0.0,0.0,0.0,0.0,0.0,0.0,0.0,0.0,0.0,0.0,0.0,0.0,0.0,0.0,0.0,0.0,0.0,0.0,0.0,0.0,0.0,0.0,0.0,0.0,0.0,0.0,0.0,0.0,0.0,0.0,0.0,0.0,0.0,0.0,0.0,0.0,0.0,0.0,0.0,0.0,0.0,0.0,0.0,0.0,0.0,0.0,0.0,0.0,0.0,20
1643_Dihydrogen_sulfate.xyz,477.43936637597983,64.78051701199684,48.65074777230159,47.8490302032595,45.24926668503354,-0.42477873597721466,-0.4539294066909726,0.0,0.0,0.0,0.0,0.0,0.0,0.0,0.0,0.0,0.0,0.0,0.0,0.0,0.0,0.0,0.0,0.0,0.0,0.0,0.0,0.0,0.0,0.0,0.0,0.0,0.0,0.0,0.0,0.0,0.0,0.0,0.0,0.0,0.0,0.0,0.0,0.0,0.0,0.0,0.0,0.0,0.0,0.0,0.0,0.0,0.0,0.0,0.0,0.0,32
1644_Germane.xyz,2048.850929359747,0.8471312954186043,0.10064815478851918,0.10064772946197949,0.10064346058390669,0.0,0.0,0.0,0.0,0.0,0.0,0.0,0.0,0.0,0.0,0.0,0.0,0.0,0.0,0.0,0.0,0.0,0.0,0.0,0.0,0.0,0.0,0.0,0.0,0.0,0.0,0.0,0.0,0.0,0.0,0.0,0.0,0.0,0.0,0.0,0.0,0.0,0.0,0.0,0.0,0.0,0.0,0.0,0.0,0.0,0.0,0.0,0.0,0.0,0.0,0.0,8
1645_Hydrazoic_acid.xyz,123.71055697648247,33.08060719344441,4.321680297693019,-0.5367222681356344,0.0,0.0,0.0,0.0,0.0,0.0,0.0,0.0,0.0,0.0,0.0,0.0,0.0,0.0,0.0,0.0,0.0,0.0,0.0,0.0,0.0,0.0,0.0,0.0,0.0,0.0,0.0,0.0,0.0,0.0,0.0,0.0,0.0,0.0,0.0,0.0,0.0,0.0,0.0,0.0,0.0,0.0,0.0,0.0,0.0,0.0,0.0,0.0,0.0,0.0,0.0,0.0,16
1646_Hydrogen_bromide.xyz,2539.6511271966,0.26171046517051816,0.0,0.0,0.0,0.0,0.0,0.0,0.0,0.0,0.0,0.0,0.0,0.0,0.0,0.0,0.0,0.0,0.0,0.0,0.0,0.0,0.0,0.0,0.0,0.0,0.0,0.0,0.0,0.0,0.0,0.0,0.0,0.0,0.0,0.0,0.0,0.0,0.0,0.0,0.0,0.0,0.0,0.0,0.0,0.0,0.0,0.0,0.0,0.0,0.0,0.0,0.0,0.0,0.0,0.0,8
1647_Hydrogen_selenide.xyz,2369.2031928986576,0.5241972932231123,0.023580257017207784,0.0,0.0,0.0,0.0,0.0,0.0,0.0,0.0,0.0,0.0,0.0,0.0,0.0,0.0,0.0,0.0,0.0,0.0,0.0,0.0,0.0,0.0,0.0,0.0,0.0,0.0,0.0,0.0,0.0,0.0,0.0,0.0,0.0,0.0,0.0,0.0,0.0,0.0,0.0,0.0,0.0,0.0,0.0,0.0,0.0,0.0,0.0,0.0,0.0,0.0,0.0,0.0,0.0,8
1648_Hydroxylamine.xyz,105.38960113218167,24.208381012183825,-0.11794380346938864,-0.44224119100812637,-0.6623950302496694,0.0,0.0,0.0,0.0,0.0,0.0,0.0,0.0,0.0,0.0,0.0,0.0,0.0,0.0,0.0,0.0,0.0,0.0,0.0,0.0,0.0,0.0,0.0,0.0,0.0,0.0,0.0,0.0,0.0,0.0,0.0,0.0,0.0,0.0,0.0,0.0,0.0,0.0,0.0,0.0,0.0,0.0,0.0,0.0,0.0,0.0,0.0,0.0,0.0,0.0,0.0,14
1649_Lithium_hydroxide.xyz,77.71966947941992,3.8019237729441873,-0.5215934499347831,0.0,0.0,0.0,0.0,0.0,0.0,0.0,0.0,0.0,0.0,0.0,0.0,0.0,0.0,0.0,0.0,0.0,0.0,0.0,0.0,0.0,0.0,0.0,0.0,0.0,0.0,0.0,0.0,0.0,0.0,0.0,0.0,0.0,0.0,0.0,0.0,0.0,0.0,0.0,0.0,0.0,0.0,0.0,0.0,0.0,0.0,0.0,0.0,0.0,0.0,0.0,0.0,0.0,8
1650_Nitric_acid.xyz,179.38410337906228,45.386202956446425,44.21613055041565,5.906145363512652,-0.4837906901781287,0.0,0.0,0.0,0.0,0.0,0.0,0.0,0.0,0.0,0.0,0.0,0.0,0.0,0.0,0.0,0.0,0.0,0.0,0.0,0.0,0.0,0.0,0.0,0.0,0.0,0.0,0.0,0.0,0.0,0.0,0.0,0.0,0.0,0.0,0.0,0.0,0.0,0.0,0.0,0.0,0.0,0.0,0.0,0.0,0.0,0.0,0.0,0.0,0.0,0.0,0.0,24
1651_Nitrous_acid.xyz,145.61639467394326,44.61958766708382,11.094035191887173,-0.43792069346569823,0.0,0.0,0.0,0.0,0.0,0.0,0.0,0.0,0.0,0.0,0.0,0.0,0.0,0.0,0.0,0.0,0.0,0.0,0.0,0.0,0.0,0.0,0.0,0.0,0.0,0.0,0.0,0.0,0.0,0.0,0.0,0.0,0.0,0.0,0.0,0.0,0.0,0.0,0.0,0.0,0.0,0.0,0.0,0.0,0.0,0.0,0.0,0.0,0.0,0.0,0.0,0.0,18
1652_Sodium_hydroxide.xyz,178.37795175545187,53.979385330826325,-0.4659749320962073,0.0,0.0,0.0,0.0,0.0,0.0,0.0,0.0,0.0,0.0,0.0,0.0,0.0,0.0,0.0,0.0,0.0,0.0,0.0,0.0,0.0,0.0,0.0,0.0,0.0,0.0,0.0,0.0,0.0,0.0,0.0,0.0,0.0,0.0,0.0,0.0,0.0,0.0,0.0,0.0,0.0,0.0,0.0,0.0,0.0,0.0,0.0,0.0,0.0,0.0,0.0,0.0,0.0,8
1653_Trichlorosilane.xyz,715.156707732987,362.4876309124625,362.4821587212543,188.2329889987621,0.15261766790794856,0.0,0.0,0.0,0.0,0.0,0.0,0.0,0.0,0.0,0.0,0.0,0.0,0.0,0.0,0.0,0.0,0.0,0.0,0.0,0.0,0.0,0.0,0.0,0.0,0.0,0.0,0.0,0.0,0.0,0.0,0.0,0.0,0.0,0.0,0.0,0.0,0.0,0.0,0.0,0.0,0.0,0.0,0.0,0.0,0.0,0.0,0.0,0.0,0.0,0.0,0.0,26
1654_Trifluorosilane.xyz,372.5971099737002,70.29250388762742,65.84842659095602,65.84097016216482,0.14923473791308275,0.0,0.0,0.0,0.0,0.0,0.0,0.0,0.0,0.0,0.0,0.0,0.0,0.0,0.0,0.0,0.0,0.0,0.0,0.0,0.0,0.0,0.0,0.0,0.0,0.0,0.0,0.0,0.0,0.0,0.0,0.0,0.0,0.0,0.0,0.0,0.0,0.0,0.0,0.0,0.0,0.0,0.0,0.0,0.0,0.0,0.0,0.0,0.0,0.0,0.0,0.0,26
1655_Methyl_radical.xyz,39.3050409239252,-0.03385612480219187,-0.03385642349728149,-0.8792231761997791,0.0,0.0,0.0,0.0,0.0,0.0,0.0,0.0,0.0,0.0,0.0,0.0,0.0,0.0,0.0,0.0,0.0,0.0,0.0,0.0,0.0,0.0,0.0,0.0,0.0,0.0,0.0,0.0,0.0,0.0,0.0,0.0,0.0,0.0,0.0,0.0,0.0,0.0,0.0,0.0,0.0,0.0,0.0,0.0,0.0,0.0,0.0,0.0,0.0,0.0,0.0,0.0,7
1656_Amino_radical.xyz,55.068084122527196,-0.12386933041791628,-0.5855073922811809,0.0,0.0,0.0,0.0,0.0,0.0,0.0,0.0,0.0,0.0,0.0,0.0,0.0,0.0,0.0,0.0,0.0,0.0,0.0,0.0,0.0,0.0,0.0,0.0,0.0,0.0,0.0,0.0,0.0,0.0,0.0,0.0,0.0,0.0,0.0,0.0,0.0,0.0,0.0,0.0,0.0,0.0,0.0,0.0,0.0,0.0,0.0,0.0,0.0,0.0,0.0,0.0,0.0,7
1657_Hydroxy_radical.xyz,74.42658922269518,-0.40989450288495927,0.0,0.0,0.0,0.0,0.0,0.0,0.0,0.0,0.0,0.0,0.0,0.0,0.0,0.0,0.0,0.0,0.0,0.0,0.0,0.0,0.0,0.0,0.0,0.0,0.0,0.0,0.0,0.0,0.0,0.0,0.0,0.0,0.0,0.0,0.0,0.0,0.0,0.0,0.0,0.0,0.0,0.0,0.0,0.0,0.0,0.0,0.0,0.0,0.0,0.0,0.0,0.0,0.0,0.0,7
1658_Silyl_radical.xyz,282.57710037954223,0.36882471271946804,0.0915121234958989,0.0915088749998113,0.0,0.0,0.0,0.0,0.0,0.0,0.0,0.0,0.0,0.0,0.0,0.0,0.0,0.0,0.0,0.0,0.0,0.0,0.0,0.0,0.0,0.0,0.0,0.0,0.0,0.0,0.0,0.0,0.0,0.0,0.0,0.0,0.0,0.0,0.0,0.0,0.0,0.0,0.0,0.0,0.0,0.0,0.0,0.0,0.0,0.0,0.0,0.0,0.0,0.0,0.0,0.0,7
1659_Phosphine_radical.xyz,333.010730669628,0.32290646882313156,0.01126850611125497,0.0,0.0,0.0,0.0,0.0,0.0,0.0,0.0,0.0,0.0,0.0,0.0,0.0,0.0,0.0,0.0,0.0,0.0,0.0,0.0,0.0,0.0,0.0,0.0,0.0,0.0,0.0,0.0,0.0,0.0,0.0,0.0,0.0,0.0,0.0,0.0,0.0,0.0,0.0,0.0,0.0,0.0,0.0,0.0,0.0,0.0,0.0,0.0,0.0,0.0,0.0,0.0,0.0,7
1660_Cyano_radical.xyz,81.95660780717293,8.260204792081101,0.0,0.0,0.0,0.0,0.0,0.0,0.0,0.0,0.0,0.0,0.0,0.0,0.0,0.0,0.0,0.0,0.0,0.0,0.0,0.0,0.0,0.0,0.0,0.0,0.0,0.0,0.0,0.0,0.0,0.0,0.0,0.0,0.0,0.0,0.0,0.0,0.0,0.0,0.0,0.0,0.0,0.0,0.0,0.0,0.0,0.0,0.0,0.0,0.0,0.0,0.0,0.0,0.0,0.0,9
1661_Formyl_radical.xyz,100.33430716112534,10.92291128220077,-0.38241852408997373,0.0,0.0,0.0,0.0,0.0,0.0,0.0,0.0,0.0,0.0,0.0,0.0,0.0,0.0,0.0,0.0,0.0,0.0,0.0,0.0,0.0,0.0,0.0,0.0,0.0,0.0,0.0,0.0,0.0,0.0,0.0,0.0,0.0,0.0,0.0,0.0,0.0,0.0,0.0,0.0,0.0,0.0,0.0,0.0,0.0,0.0,0.0,0.0,0.0,0.0,0.0,0.0,0.0,11
1662_Chlorine_monoxide.xyz,467.35324277462416,54.95783792605824,0.0,0.0,0.0,0.0,0.0,0.0,0.0,0.0,0.0,0.0,0.0,0.0,0.0,0.0,0.0,0.0,0.0,0.0,0.0,0.0,0.0,0.0,0.0,0.0,0.0,0.0,0.0,0.0,0.0,0.0,0.0,0.0,0.0,0.0,0.0,0.0,0.0,0.0,0.0,0.0,0.0,0.0,0.0,0.0,0.0,0.0,0.0,0.0,0.0,0.0,0.0,0.0,0.0,0.0,13
1663_Sulfanyl_radical.xyz,388.3857558205126,0.13768520614923369,0.0,0.0,0.0,0.0,0.0,0.0,0.0,0.0,0.0,0.0,0.0,0.0,0.0,0.0,0.0,0.0,0.0,0.0,0.0,0.0,0.0,0.0,0.0,0.0,0.0,0.0,0.0,0.0,0.0,0.0,0.0,0.0,0.0,0.0,0.0,0.0,0.0,0.0,0.0,0.0,0.0,0.0,0.0,0.0,0.0,0.0,0.0,0.0,0.0,0.0,0.0,0.0,0.0,0.0,7
1664_Acetylene_radical.xyz,67.27339585946754,7.544750214258875,-0.6019356748745192,0.0,0.0,0.0,0.0,0.0,0.0,0.0,0.0,0.0,0.0,0.0,0.0,0.0,0.0,0.0,0.0,0.0,0.0,0.0,0.0,0.0,0.0,0.0,0.0,0.0,0.0,0.0,0.0,0.0,0.0,0.0,0.0,0.0,0.0,0.0,0.0,0.0,0.0,0.0,0.0,0.0,0.0,0.0,0.0,0.0,0.0,0.0,0.0,0.0,0.0,0.0,0.0,0.0,9
1665_Ethenyl_radical.xyz,66.02404470194338,10.383320257935233,-0.03698585770310973,-0.28208238141502157,-0.8720863219085538,0.0,0.0,0.0,0.0,0.0,0.0,0.0,0.0,0.0,0.0,0.0,0.0,0.0,0.0,0.0,0.0,0.0,0.0,0.0,0.0,0.0,0.0,0.0,0.0,0.0,0.0,0.0,0.0,0.0,0.0,0.0,0.0,0.0,0.0,0.0,0.0,0.0,0.0,0.0,0.0,0.0,0.0,0.0,0.0,0.0,0.0,0.0,0.0,0.0,0.0,0.0,11
1666_Acetyl_radical.xyz,112.36370869175698,30.49144846456049,6.875326983828295,-0.058090896672291684,-0.06788695578654766,-0.8716011690247831,0.0,0.0,0.0,0.0,0.0,0.0,0.0,0.0,0.0,0.0,0.0,0.0,0.0,0.0,0.0,0.0,0.0,0.0,0.0,0.0,0.0,0.0,0.0,0.0,0.0,0.0,0.0,0.0,0.0,0.0,0.0,0.0,0.0,0.0,0.0,0.0,0.0,0.0,0.0,0.0,0.0,0.0,0.0,0.0,0.0,0.0,0.0,0.0,0.0,0.0,17
1667_Hydroxymethyl_radical.xyz,96.46305835096098,16.591980249344637,-0.017622245676964927,-0.3997251719369212,-0.7628912634555778,0.0,0.0,0.0,0.0,0.0,0.0,0.0,0.0,0.0,0.0,0.0,0.0,0.0,0.0,0.0,0.0,0.0,0.0,0.0,0.0,0.0,0.0,0.0,0.0,0.0,0.0,0.0,0.0,0.0,0.0,0.0,0.0,0.0,0.0,0.0,0.0,0.0,0.0,0.0,0.0,0.0,0.0,0.0,0.0,0.0,0.0,0.0,0.0,0.0,0.0,0.0,13
1668_Methoxy_radical.xyz,96.15277340398774,16.662344356747994,-0.05012172818448986,-0.07025150938316355,-0.8199446039319471,0.0,0.0,0.0,0.0,0.0,0.0,0.0,0.0,0.0,0.0,0.0,0.0,0.0,0.0,0.0,0.0,0.0,0.0,0.0,0.0,0.0,0.0,0.0,0.0,0.0,0.0,0.0,0.0,0.0,0.0,0.0,0.0,0.0,0.0,0.0,0.0,0.0,0.0,0.0,0.0,0.0,0.0,0.0,0.0,0.0,0.0,0.0,0.0,0.0,0.0,0.0,13
1669_Hydroxyethyl_radical.xyz,108.84003896727518,31.685968539760143,10.831678892392796,-0.0007605789337522143,-0.06520673981652515,-0.13908122003787138,-0.4616113958668197,-0.9581213461110569,0.0,0.0,0.0,0.0,0.0,0.0,0.0,0.0,0.0,0.0,0.0,0.0,0.0,0.0,0.0,0.0,0.0,0.0,0.0,0.0,0.0,0.0,0.0,0.0,0.0,0.0,0.0,0.0,0.0,0.0,0.0,0.0,0.0,0.0,0.0,0.0,0.0,0.0,0.0,0.0,0.0,0.0,0.0,0.0,0.0,0.0,0.0,0.0,19
1670_Thiomethyl_radical.xyz,396.32921001084856,30.960967209260566,-0.05563507927797161,-0.06725882592763002,-0.7857370888157698,0.0,0.0,0.0,0.0,0.0,0.0,0.0,0.0,0.0,0.0,0.0,0.0,0.0,0.0,0.0,0.0,0.0,0.0,0.0,0.0,0.0,0.0,0.0,0.0,0.0,0.0,0.0,0.0,0.0,0.0,0.0,0.0,0.0,0.0,0.0,0.0,0.0,0.0,0.0,0.0,0.0,0.0,0.0,0.0,0.0,0.0,0.0,0.0,0.0,0.0,0.0,13
1671_Ethyl_radical.xyz,63.794664150353945,14.062015744828132,0.02407817037161525,-0.06950709934376319,-0.12725990924221295,-0.4999779848713148,-0.9678026732445364,0.0,0.0,0.0,0.0,0.0,0.0,0.0,0.0,0.0,0.0,0.0,0.0,0.0,0.0,0.0,0.0,0.0,0.0,0.0,0.0,0.0,0.0,0.0,0.0,0.0,0.0,0.0,0.0,0.0,0.0,0.0,0.0,0.0,0.0,0.0,0.0,0.0,0.0,0.0,0.0,0.0,0.0,0.0,0.0,0.0,0.0,0.0,0.0,0.0,13
1672_Isopropyl_radical.xyz,81.71246553585303,24.572833355045688,10.104017298539212,-0.002566982086364143,-0.031990348329567375,-0.09898914691734548,-0.12593219713499654,-0.28713725258087197,-0.7871936609876767,-0.9811910031232989,0.0,0.0,0.0,0.0,0.0,0.0,0.0,0.0,0.0,0.0,0.0,0.0,0.0,0.0,0.0,0.0,0.0,0.0,0.0,0.0,0.0,0.0,0.0,0.0,0.0,0.0,0.0,0.0,0.0,0.0,0.0,0.0,0.0,0.0,0.0,0.0,0.0,0.0,0.0,0.0,0.0,0.0,0.0,0.0,0.0,0.0,19
1673_tert_butyl_radical.xyz,98.21196121871753,24.46235576488976,24.4612529933904,7.772232705440878,0.016587250310418255,-0.01998173230594695,-0.02002005870226054,-0.11920213789790726,-0.1192256371651535,-0.1613544335453163,-0.7882174372124502,-0.7882573224757558,-0.9757103757404033,0.0,0.0,0.0,0.0,0.0,0.0,0.0,0.0,0.0,0.0,0.0,0.0,0.0,0.0,0.0,0.0,0.0,0.0,0.0,0.0,0.0,0.0,0.0,0.0,0.0,0.0,0.0,0.0,0.0,0.0,0.0,0.0,0.0,0.0,0.0,0.0,0.0,0.0,0.0,0.0,0.0,0.0,0.0,25
1674_Nitro_radical.xyz,148.66554107108976,44.46493235053773,7.261623417821109,0.0,0.0,0.0,0.0,0.0,0.0,0.0,0.0,0.0,0.0,0.0,0.0,0.0,0.0,0.0,0.0,0.0,0.0,0.0,0.0,0.0,0.0,0.0,0.0,0.0,0.0,0.0,0.0,0.0,0.0,0.0,0.0,0.0,0.0,0.0,0.0,0.0,0.0,0.0,0.0,0.0,0.0,0.0,0.0,0.0,0.0,0.0,0.0,0.0,0.0,0.0,0.0,0.0,17
1675_Trifluoromethyl_radical.xyz,202.3477518006502,60.345725078843614,60.344267762576,6.4196598189601595,0.0,0.0,0.0,0.0,0.0,0.0,0.0,0.0,0.0,0.0,0.0,0.0,0.0,0.0,0.0,0.0,0.0,0.0,0.0,0.0,0.0,0.0,0.0,0.0,0.0,0.0,0.0,0.0,0.0,0.0,0.0,0.0,0.0,0.0,0.0,0.0,0.0,0.0,0.0,0.0,0.0,0.0,0.0,0.0,0.0,0.0,0.0,0.0,0.0,0.0,0.0,0.0,25
1676_Phenyl_radical.xyz,133.14851599298248,35.65963432074482,35.214345041406354,9.87646233007865,9.18967393994841,3.016875989471766,-0.08701309860059296,-0.2439173290957318,-0.4503739606369574,-0.5881239465648542,-1.0874480831786875,0.0,0.0,0.0,0.0,0.0,0.0,0.0,0.0,0.0,0.0,0.0,0.0,0.0,0.0,0.0,0.0,0.0,0.0,0.0,0.0,0.0,0.0,0.0,0.0,0.0,0.0,0.0,0.0,0.0,0.0,0.0,0.0,0.0,0.0,0.0,0.0,0.0,0.0,0.0,0.0,0.0,0.0,0.0,0.0,0.0,29
1677_Bromine_dioxide.xyz,2562.755078082616,73.24971931270478,50.441429706070224,0.0,0.0,0.0,0.0,0.0,0.0,0.0,0.0,0.0,0.0,0.0,0.0,0.0,0.0,0.0,0.0,0.0,0.0,0.0,0.0,0.0,0.0,0.0,0.0,0.0,0.0,0.0,0.0,0.0,0.0,0.0,0.0,0.0,0.0,0.0,0.0,0.0,0.0,0.0,0.0,0.0,0.0,0.0,0.0,0.0,0.0,0.0,0.0,0.0,0.0,0.0,0.0,0.0,19
1678_Nitric_oxide.xyz,113.13458812137716,13.740813998261164,0.0,0.0,0.0,0.0,0.0,0.0,0.0,0.0,0.0,0.0,0.0,0.0,0.0,0.0,0.0,0.0,0.0,0.0,0.0,0.0,0.0,0.0,0.0,0.0,0.0,0.0,0.0,0.0,0.0,0.0,0.0,0.0,0.0,0.0,0.0,0.0,0.0,0.0,0.0,0.0,0.0,0.0,0.0,0.0,0.0,0.0,0.0,0.0,0.0,0.0,0.0,0.0,0.0,0.0,11
1679_Cyclopentyl_radical.xyz,117.12502727393681,28.681913740490614,28.370143130195586,9.457972954733368,8.292424091341829,0.07605504039421006,-0.07488813808333483,-0.12247126269191512,-0.13339266896789206,-0.18357848578007296,-0.4271690045836175,-0.5028659041628124,-0.8556736111746516,-0.9129711585184037,0.0,0.0,0.0,0.0,0.0,0.0,0.0,0.0,0.0,0.0,0.0,0.0,0.0,0.0,0.0,0.0,0.0,0.0,0.0,0.0,0.0,0.0,0.0,0.0,0.0,0.0,0.0,0.0,0.0,0.0,0.0,0.0,0.0,0.0,0.0,0.0,0.0,0.0,0.0,0.0,0.0,0.0,29
1680_2_Butanone_3_yl_radical.xyz,135.74390461817111,41.62078825723519,29.999226911444673,14.904602847419207,4.652531753017285,-0.05457151853018812,-0.05574215696576448,-0.0712291128046091,-0.08267513942153559,-0.38257010100948435,-0.8481600678983754,-0.976990773143486,0.0,0.0,0.0,0.0,0.0,0.0,0.0,0.0,0.0,0.0,0.0,0.0,0.0,0.0,0.0,0.0,0.0,0.0,0.0,0.0,0.0,0.0,0.0,0.0,0.0,0.0,0.0,0.0,0.0,0.0,0.0,0.0,0.0,0.0,0.0,0.0,0.0,0.0,0.0,0.0,0.0,0.0,0.0,0.0,29
1681_Butoxy_radical.xyz,128.108069971782,52.48755792920174,25.590134823234106,13.568741281289821,8.724593675199761,0.07445233548148428,-0.06621281154534735,-0.08197865261892803,-0.1357451897192937,-0.14413798201176278,-0.34044967410130167,-0.5423260544958632,-0.789114041923091,-1.0044700922593286,0.0,0.0,0.0,0.0,0.0,0.0,0.0,0.0,0.0,0.0,0.0,0.0,0.0,0.0,0.0,0.0,0.0,0.0,0.0,0.0,0.0,0.0,0.0,0.0,0.0,0.0,0.0,0.0,0.0,0.0,0.0,0.0,0.0,0.0,0.0,0.0,0.0,0.0,0.0,0.0,0.0,0.0,31
1682_Triethylamine_1_yl_radical.xyz,146.7251181463605,41.005724084412,39.74684846909465,26.458285573195877,13.063148689236494,12.67053513375226,6.684443572953748,0.05275338063727022,-0.0031882606530730896,-0.03372165124621974,-0.07313232320522052,-0.08328020552525375,-0.10298340072313779,-0.15225034061263698,-0.1609668695789128,-0.3776959576503077,-0.5141359226429423,-0.5351336177048744,-0.8927952580143491,-0.9360430132341044,-1.0341916324679539,0.0,0.0,0.0,0.0,0.0,0.0,0.0,0.0,0.0,0.0,0.0,0.0,0.0,0.0,0.0,0.0,0.0,0.0,0.0,0.0,0.0,0.0,0.0,0.0,0.0,0.0,0.0,0.0,0.0,0.0,0.0,0.0,0.0,0.0,0.0,43
1683_14_Dioxane_2_yl_radical.xyz,171.1676649935129,60.450628989343016,33.405418771134855,16.918418300563808,11.500179192842118,7.067080427493497,0.00545573899902028,-0.07992408739372708,-0.12546838472936667,-0.29222979772618485,-0.44103069832770814,-0.7216435585138891,-0.8887396498740593,0.0,0.0,0.0,0.0,0.0,0.0,0.0,0.0,0.0,0.0,0.0,0.0,0.0,0.0,0.0,0.0,0.0,0.0,0.0,0.0,0.0,0.0,0.0,0.0,0.0,0.0,0.0,0.0,0.0,0.0,0.0,0.0,0.0,0.0,0.0,0.0,0.0,0.0,0.0,0.0,0.0,0.0,0.0,35
1684_Cyclopentanone_2_yl_radical.xyz,148.49167800248208,53.6642074090349,28.676555567066934,19.38449720424955,9.07339775445187,4.611880937567899,0.046206870693252286,-0.1012506765715314,-0.15240753945493205,-0.2925958551410709,-0.4276994206500805,-0.761964647384415,-0.9052848894045049,0.0,0.0,0.0,0.0,0.0,0.0,0.0,0.0,0.0,0.0,0.0,0.0,0.0,0.0,0.0,0.0,0.0,0.0,0.0,0.0,0.0,0.0,0.0,0.0,0.0,0.0,0.0,0.0,0.0,0.0,0.0,0.0,0.0,0.0,0.0,0.0,0.0,0.0,0.0,0.0,0.0,0.0,0.0,33
1685_Pyrrolidine_2_yl_radical.xyz,128.6497309580397,33.078103956324526,28.09325693223924,9.562831584617388,8.357929523009902,0.05167307233228313,-0.09877531414778588,-0.1294373292374358,-0.17782892563438282,-0.42662788317113126,-0.4475835770575174,-0.8116873537545748,-0.9104574460282985,0.0,0.0,0.0,0.0,0.0,0.0,0.0,0.0,0.0,0.0,0.0,0.0,0.0,0.0,0.0,0.0,0.0,0.0,0.0,0.0,0.0,0.0,0.0,0.0,0.0,0.0,0.0,0.0,0.0,0.0,0.0,0.0,0.0,0.0,0.0,0.0,0.0,0.0,0.0,0.0,0.0,0.0,0.0,29
1686_33_Dimethylbutan_2_one_1_yl_radical.xyz,158.44756568610632,53.36943132135013,30.005160677427213,24.160024355175214,22.29842197127536,11.610691365167702,4.11918895299767,0.05485446802364849,0.014632447307395604,-0.03141408734128214,-0.11604265381055508,-0.1313061362108584,-0.13866847831181595,-0.15522453950266235,-0.7355423628652128,-0.8095280648742698,-0.8167240280074968,-0.9801949775406901,0.0,0.0,0.0,0.0,0.0,0.0,0.0,0.0,0.0,0.0,0.0,0.0,0.0,0.0,0.0,0.0,0.0,0.0,0.0,0.0,0.0,0.0,0.0,0.0,0.0,0.0,0.0,0.0,0.0,0.0,0.0,0.0,0.0,0.0,0.0,0.0,0.0,0.0,41
1687_Cyclohexyl_radical.xyz,128.57976618409572,35.32645526435143,35.293663757273706,12.462077035919398,11.882692334513278,6.934962284323543,0.0630530967691297,-0.06505114462179243,-0.07376902709248245,-0.11377742351661464,-0.1434691056254067,-0.17603000809494987,-0.37618269196123827,-0.454159083648085,-0.7065061141376479,-0.7576258233058404,-1.0274683386865413,0.0,0.0,0.0,0.0,0.0,0.0,0.0,0.0,0.0,0.0,0.0,0.0,0.0,0.0,0.0,0.0,0.0,0.0,0.0,0.0,0.0,0.0,0.0,0.0,0.0,0.0,0.0,0.0,0.0,0.0,0.0,0.0,0.0,0.0,0.0,0.0,0.0,0.0,0.0,35
1688_Cycloheptyl_radical.xyz,138.48207660316422,41.783633000299346,40.80659192203646,16.445727984016063,15.980178666394036,8.408224887651642,7.126298091093933,0.04984387154204728,-0.021696620416524474,-0.07613477996008683,-0.10757284089423208,-0.11897791702013663,-0.14149651406166266,-0.17372135154178078,-0.3507593315102879,-0.4273679822131443,-0.6071161184282534,-0.649961340865078,-0.9370940993723978,-0.9639397339327068,0.0,0.0,0.0,0.0,0.0,0.0,0.0,0.0,0.0,0.0,0.0,0.0,0.0,0.0,0.0,0.0,0.0,0.0,0.0,0.0,0.0,0.0,0.0,0.0,0.0,0.0,0.0,0.0,0.0,0.0,0.0,0.0,0.0,0.0,0.0,0.0,41
1689_Adamantan_1_yl_radical.xyz,184.87908794527937,41.65100680016497,41.601962028003676,41.597909630248516,19.323135546298996,19.322713344533405,9.702990353815485,9.702039612202327,8.717421355429867,5.034056329246184,-0.00022953209702443415,-0.00036841757869861177,-0.0027852267756755876,-0.0596474965089231,-0.15696666221580016,-0.1570140096575546,-0.15727962988910238,-0.2740041538518384,-0.2740532167543894,-0.615463629918756,-0.6154876840596584,-0.6711454121034697,-0.7299172835843403,-0.7299274739242982,-1.0069811220438085,0.0,0.0,0.0,0.0,0.0,0.0,0.0,0.0,0.0,0.0,0.0,0.0,0.0,0.0,0.0,0.0,0.0,0.0,0.0,0.0,0.0,0.0,0.0,0.0,0.0,0.0,0.0,0.0,0.0,0.0,0.0,55
1690_Adamantan_2_yl_radical.xyz,184.6788289431554,41.83999070237014,41.75968270066791,41.58211936655243,19.34288846666385,19.00987773297328,9.734364780212157,9.526265301445587,9.09992735509355,4.979273910868607,0.023441118135089683,-0.0008266959193037393,-0.003738197300642722,-0.07983510247718179,-0.1571455738403826,-0.1574069999734155,-0.23438130581007996,-0.27198652465746226,-0.2765423074752939,-0.5077056809498663,-0.6152677531021116,-0.6962763452373667,-0.7295701526102623,-0.7376973931764396,-1.027228351348743,0.0,0.0,0.0,0.0,0.0,0.0,0.0,0.0,0.0,0.0,0.0,0.0,0.0,0.0,0.0,0.0,0.0,0.0,0.0,0.0,0.0,0.0,0.0,0.0,0.0,0.0,0.0,0.0,0.0,0.0,0.0,55
1691_Cyclooctyl_radical.xyz,148.68870715103856,46.496763119142564,45.008471521063434,20.820907590250403,20.02260723265214,10.333501705687135,9.39445930664515,6.852566352351588,0.07222394742466436,-0.009746959420595619,-0.06601520426173374,-0.09247707807783144,-0.10815722790677787,-0.1333871863413949,-0.15711663196174477,-0.17113342343449267,-0.356616435461598,-0.4145266705913809,-0.5409516340339527,-0.5898236014200796,-0.8124280303539433,-0.8378913629032729,-1.0350948846793149,0.0,0.0,0.0,0.0,0.0,0.0,0.0,0.0,0.0,0.0,0.0,0.0,0.0,0.0,0.0,0.0,0.0,0.0,0.0,0.0,0.0,0.0,0.0,0.0,0.0,0.0,0.0,0.0,0.0,0.0,0.0,0.0,0.0,47
1692_Cubyl_radical.xyz,169.9488760719102,31.19917598473606,31.197136505530658,30.34760817975501,11.669853293458031,11.669002061959985,11.007013308134699,4.232860451667189,-0.01839004152159771,-0.2815595577379689,-0.28155985512621456,-0.4129261601840076,-0.5141209571786141,-0.5141304699969678,-0.8839972199989825,0.0,0.0,0.0,0.0,0.0,0.0,0.0,0.0,0.0,0.0,0.0,0.0,0.0,0.0,0.0,0.0,0.0,0.0,0.0,0.0,0.0,0.0,0.0,0.0,0.0,0.0,0.0,0.0,0.0,0.0,0.0,0.0,0.0,0.0,0.0,0.0,0.0,0.0,0.0,0.0,0.0,39
1693_Butanoic_acid_radical.xyz,162.09239211756818,56.71185868133911,42.46911537096667,23.221140129199703,11.694430731103038,4.211635870237752,0.06727273905616726,-0.07045417762803656,-0.1328512360355116,-0.14252342756260628,-0.42532058967817504,-0.7285746650846557,-1.0023113061574256,0.0,0.0,0.0,0.0,0.0,0.0,0.0,0.0,0.0,0.0,0.0,0.0,0.0,0.0,0.0,0.0,0.0,0.0,0.0,0.0,0.0,0.0,0.0,0.0,0.0,0.0,0.0,0.0,0.0,0.0,0.0,0.0,0.0,0.0,0.0,0.0,0.0,0.0,0.0,0.0,0.0,0.0,0.0,35
